자료생성년월,사업장명,업종,시도,사업장형태,가입자수,당월고지금액,신규취득자수,상실가입자수
2026-07,(주)포원,화물 운송 중개  대리 및 관련 서비스업,경상북도,법인,159,88212480,1,0
2026-07,삼성발레오써멀시스템스주식회사,그 외 자동차용 신품 부품 제조업,경상남도,법인,135,50459780,3,4
2026-07,동연요양원(사복),신문용지 제조업,울산광역시,법인,35,15949860,0,0
2026-07,주식회사 헤이어,임시 및 일용 인력 공급업,경기도,법인,295,77325160,2,219
2026-07,서울오브치과병원,치과병원,서울특별시,개인,36,11710600,0,0
2026-07,(주)에스텍플러스,그 외 기타 분류 안된 사업 지원 서비스업,서울특별시,법인,1189,304898920,82,53
2026-07,안양여자고등학교,해당없음,경기도,법인,34,12572760,0,0
2026-07,우양기건（주)(일용)일산 덕이동 데이터센터(경기) 설비공사,배관 및 냉ㆍ난방 공사업,경기도,법인,30,13543080,1,5
2026-07,주식회사 비이링크,기타 반도체 소자 제조업,경기도,법인,46,17999980,1,2
2026-07,케이카 주식회사,전자상거래 소매업,서울특별시,법인,1110,552223720,10,13
2026-07,(주) 조형기술개발/일용/삼산대보아파트구역 주택재건축 정비사업 중 철근콘크리트공사,콘크리트 및 철근 공사업,인천광역시,법인,80,32537060,27,0
2026-07,아미코젠(주),천연 및 혼합 조제 조미료 제조업,경상남도,법인,207,81027540,4,1
2026-07,한국항만물류협회서산,BIZ_NO미존재사업장,서울특별시,법인,38,23789520,0,0
2026-07,주식회사온무지개,애완 동물 장묘 및 보호 서비스업,경기도,법인,41,8738300,0,0
2026-07,주식회사국성,그 외 기타 분류 안된 사업 지원 서비스업,전남광주통합특별시,법인,60,15875480,0,8
2026-07,에이디반도체(주),기타 반도체 소자 제조업,서울특별시,법인,67,27610620,1,0
2026-07,사단법인가경사회서비스지원센터/아이돌봄지원사업,기타 인문 및 사회과학 연구개발업,경상북도,법인,109,25389900,1,1
2026-07,안산대학교,BIZ_NO미존재사업장,경기도,법인,106,16714040,0,9
2026-07,대종엔지니어링주식회사-(일용)전주 현대차 트럭공장 합리화공사 중 기계설비공사(2공구),배관 및 냉ㆍ난방 공사업,전북특별자치도,법인,94,48186800,0,53
2026-07,서천한국요양병원,요양병원,충청남도,개인,50,12924360,0,0
2026-07,예인건설(주)/일용/안동 용상동 공동주택 신축공사 중 철근콘크리트 공사,도장 공사업,경상북도,법인,37,17463360,6,0
2026-07,사)서울경마장조교사협회,그 외 기타 스포츠 서비스업,경기도,법인,449,234394620,1,4
2026-07,(주)안진테크,선박 구성 부분품 제조업,울산광역시,법인,59,22411440,1,3
2026-07,(주)비지에프리테일,상품 종합 도매업,서울특별시,법인,3038,1317811660,112,106
2026-07,（주）피디케이,물질 검사  측정 및 분석 기구 제조업,대전광역시,법인,45,17235540,2,0
2026-07,주식회사에이치티,배관 및 냉ㆍ난방 공사업,경기도,법인,61,12740800,12,11
2026-07,(주)용마루건설/일용/평택브레인시티공동주택신축공사중건축 기계 토목 조경공사중철근콘크리트공사,콘크리트 및 철근 공사업,경기도,법인,40,16137940,21,0
2026-07,(주)제이앤케이도시정비,경영 컨설팅업,서울특별시,법인,34,11611780,5,5
2026-07,두양건축(주)-(일용)호텔서울 본관 리뉴얼공사 중 전면객실 인테리어공사(2공구),아파트 건설업,서울특별시,법인,46,17933540,32,42
2026-07,삼성화재해상보험주식회사,손해보험업,서울특별시,법인,5634,3442350540,64,34
2026-07,목포미즈아이병원,요양병원,전남광주통합특별시,개인,151,49800260,1,0
2026-07,한전에프엠에스주식회사,비주거용 부동산 관리업,전남광주통합특별시,법인,1378,470087440,58,12
2026-07,에이치엘만도 주식회사,BIZ_NO미존재사업장,경기도,법인,3625,2187004580,32,19
2026-07,영동산업주식회사,그 외 자동차용 신품 부품 제조업,경기도,법인,51,15120320,0,1
2026-07,(주)부산은행,국내은행,부산광역시,법인,2860,1694776020,41,18
2026-07,서울대학교,비주거용 건물 임대업(점포  자기땅),서울특별시,법인,1518,316900120,0,8
2026-07,(재)우체국물류지원단,공영 우편업,서울특별시,법인,1581,632455820,40,21
2026-07,（주）수공단개발,부동산 중개 및 대리업,경상북도,법인,31,7363200,8,7
2026-07,(주)키스템프그룹,고용 알선업,서울특별시,법인,1220,299963260,80,71
2026-07,(주)대일소방,기타 산업용 기계 및 장비 도매업,부산광역시,법인,44,18107860,0,0
2026-07,다올이앤씨(주)/일용/호남고속철도2단계(고막원~목포)제1공구 노반신설 기타공사 교량상부공,유리 및 창호 공사업,전남광주통합특별시,법인,70,26064660,4,1
2026-07,엘지이노텍(주),기타 반도체 소자 제조업,서울특별시,법인,11991,6651494560,481,225
2026-07,(주)에이피텍,기타 반도체 소자 제조업,인천광역시,법인,152,62159380,0,4
2026-07,주식회사악티보,데이터베이스 및 온라인 정보 제공업,서울특별시,법인,99,37031100,4,3
2026-07,서울자유발도르프학교,BIZ_NO미존재사업장,경기도,법인,30,8345960,0,0
2026-07,주식회사새모양에프앤비,BIZ_NO미존재사업장,전북특별자치도,법인,40,10184700,4,4
2026-07,웍데이코리아유한회사,컴퓨터 시스템 통합 자문 및 구축 서비스업,서울특별시,법인,36,22537440,1,2
2026-07,세한대학교,건축 설계 및 관련 서비스업,전남광주통합특별시,법인,54,11159100,1,6
2026-07,한국국토정보공사 서울경기북부지역본부,지도 제작업,경기도,법인,430,245906460,0,8
2026-07,주식회사 에이에이아이헬스케어,그 외 기타 분류 안된 사업 지원 서비스업,서울특별시,법인,52,17078540,1,0
2026-07,(사)보험연구원,해당없음,서울특별시,법인,68,38730700,0,1
2026-07,엔비코주식회사,기타 엔지니어링 서비스업,경기도,법인,35,16197400,0,0
2026-07,원창건설（주）/일용/(공동주택)천안 오룡경기장 철거부지 민관협력형 도시재생리츠 중 철근콘크리트공사,콘크리트 및 철근 공사업,충청남도,법인,97,39457860,14,1
2026-07,주식회사에스애프오,고용 알선업,서울특별시,법인,90,24389020,2,7
2026-07,케이지스틸 주식회사,제철업,서울특별시,법인,1580,905635260,6,16
2026-07,(주)효성안양공장,합성섬유 제조업,경기도,법인,72,39743300,1,1
2026-07,발렉스코리아(주),기타 반도체 소자 제조업,경기도,법인,156,55164740,9,6
2026-07,(주)씨브이네트,데이터베이스 및 온라인 정보 제공업,서울특별시,법인,69,37503920,0,2
2026-07,제이린안과,일반의원,부산광역시,개인,30,9056720,3,3
2026-07,디디피스페셜티프로덕츠코리아 주식회사,플라스틱 물질 및 합성고무 도매업,서울특별시,법인,32,19496060,1,0
2026-07,（주）아이티에스/일용/[세종]24년 배관덕트 부문 단가공사 도급계약,배관 및 냉ㆍ난방 공사업,세종특별자치시,법인,43,20187800,21,11
2026-07,두빛나래사회적협동조합,기타 교육지원 서비스업,경기도,법인,49,8335080,11,1
2026-07,프로티앤에스(주),응용 소프트웨어 개발 및 공급업,서울특별시,법인,33,14059000,0,0
2026-07,(주)문주하드웨어,일반 철물 제조업,인천광역시,법인,57,19426820,0,0
2026-07,디비손해보험 주식회사,손해보험업,서울특별시,법인,4458,2455650620,33,52
2026-07,팀블라인드세일즈앤마케팅코리아유한책임회사,경영 컨설팅업,서울특별시,법인,35,16491780,0,1
2026-07,(주)대성정보기술,통신ㆍ방송장비 및 부품 도매업,제주특별자치도,법인,32,9128260,0,0
2026-07,(주)유한양행,완제 의약품 제조업,서울특별시,법인,2081,1181806680,11,21
2026-07,브이엠웨어코리아유한회사,그 외 기타 분류 안된 사업 지원 서비스업,서울특별시,법인,91,56807760,0,1
2026-07,전남광주통합특별시완도교육지원청(회계직),비주거용 건물 임대업(점포  자기땅),전남광주통합특별시,법인,196,53572960,2,0
2026-07,(주)케이티씨에스,데이터베이스 및 온라인 정보 제공업,대전광역시,법인,8539,2494127720,348,322
2026-07,(주)삼우에프앤지,일반 화물 자동차 운송업,경기도,법인,288,106897940,8,10
2026-07,한국제품안전관리원,기타 엔지니어링 서비스업,서울특별시,법인,111,36926600,12,1
2026-07,주식회사 서남,기타 반도체 소자 제조업,경기도,법인,36,14484600,0,0
2026-07,바로요양병원,요양병원,경기도,개인,70,20275200,0,4
2026-07,쿠팡 주식회사,기타 통신 판매업,서울특별시,법인,11053,4605765980,269,348
2026-07,(주)아주르852,기타 전문 서비스업,충청남도,법인,39,8752980,0,0
2026-07,（주）에코시티서울,금속류 원료 재생업,서울특별시,법인,49,13928060,0,1
2026-07,스카이하이메모리리미티드(영업소),컴퓨터 및 주변장치  소프트웨어 도매업,경기도,법인,41,23334500,2,1
2026-07,(재)한국화학융합시험연구원,기타 기술 시험  검사 및 분석업,경기도,법인,1117,572467740,27,20
2026-07,(주)아이엔지그룹건축사사무소,건축 설계 및 관련 서비스업(건축사),부산광역시,법인,54,17419620,3,4
2026-07,안진회계법인,세무사업,서울특별시,법인,2415,1311676580,49,70
2026-07,(주)휴온스,완제 의약품 제조업,경기도,법인,1129,499749500,88,27
2026-07,(주)종근당,BIZ_NO미존재사업장,서울특별시,법인,2128,1155797020,13,59
2026-07,(주)한국씨티은행,기타모집수당 채권회수수당,서울특별시,법인,1419,878048600,6,8
2026-07,주식회사 트립닷컴코리아,애완 동물 장묘 및 보호 서비스업,서울특별시,법인,151,56613440,4,5
2026-07,에이치디한국조선해양(주),비주거용 건물 임대업(점포  자기땅),경기도,법인,1774,1092916740,62,7
2026-07,(주)무궁화,치약  비누 및 기타 세제 제조업,경기도,법인,85,27171600,1,4
2026-07,주식회사 더블유에스아이,의약품 도매업,서울특별시,법인,31,12483500,1,0
2026-07,대전동산고등학교,비주거용 건물 임대업(점포  자기땅),대전광역시,법인,31,13080240,0,0
2026-07,공군교육사령부(공병대대),비주거용 건물 임대업(점포  자기땅),경상남도,법인,83,21683380,6,0
2026-07,주식회사이벌브소프트,BIZ_NO미존재사업장,서울특별시,법인,69,23859260,0,0
2026-07,진주수병원,일반병원,경상남도,개인,55,14077120,6,7
2026-07,선풍토건(주)/일용/남양주시 화도읍 금남리 물류센터 개발사업 중 토목공사,기타 토목 시설물 건설업,경기도,법인,32,13479700,10,0
2026-07,(주)대우건설 본사,아파트 건설업,서울특별시,법인,4416,2698106580,146,65
2026-07,대신강업(주),분말 야금제품 제조업,울산광역시,법인,34,11122620,0,0
2026-07,성동구청-2026년 하반기 성동구 동행일자리 사업,비주거용 건물 임대업(점포  자기땅),서울특별시,법인,57,8212520,57,3
2026-07,롯데칠성음료(주）주류비지,BIZ_NO미존재사업장,서울특별시,법인,1494,813191020,5,40
2026-07,사단법인 한국의료관광산업발전연구회 서울메디투어의원,경영 컨설팅업,서울특별시,법인,59,17173700,3,3
2026-07,주식회사한빛산업,상품 종합 도매업,인천광역시,법인,31,14308400,0,0
2026-07,대한예수교장로회 수영로교회,BIZ_NO미존재사업장,부산광역시,법인,46,14119920,0,0
2026-07,(주)우리금융지주,기타 금융 투자업,서울특별시,법인,100,62297440,1,4
2026-07,임실농업협동조합,신용조합,전북특별자치도,법인,68,28882840,0,0
2026-07,(주)오리온,과자류 및 코코아 제품 제조업,서울특별시,법인,1671,840313500,28,24
2026-07,주식회사비케이알(버거킹),치킨 전문점,서울특별시,법인,5715,704069720,722,815
2026-07,일산참사랑요양원,BIZ_NO미존재사업장,경기도,개인,34,6979840,1,3
2026-07,서울아로한방병원,요양병원,서울특별시,개인,33,12298960,7,6
2026-07,주식회사운정푸르네,슈퍼마켓,경기도,법인,30,9639460,3,4
2026-07,에이치디건설기계(주),건설 및 채광용 기계장비 제조업,경기도,법인,4200,2530854320,67,49
2026-07,에이씨티 주식회사,통신ㆍ방송장비 및 부품 도매업,경기도,법인,32,14054300,0,0
2026-07,주식회사이노텍,BIZ_NO미존재사업장,경기도,법인,37,10409540,4,1
2026-07,한국맥도날드유한회사(A),해당없음,서울특별시,법인,10756,1302753280,1448,1274
2026-07,경북대학교고에너지물리연구소,BIZ_NO미존재사업장,대구광역시,법인,42,14031320,0,2
2026-07,(주)우신기연,기타 반도체 소자 제조업,경기도,법인,90,33830380,8,1
2026-07,탑테크주식회사,그 외 자동차용 신품 부품 제조업,대구광역시,법인,51,17982140,1,2
2026-07,강북구가족센터(아이돌봄지원사업),BIZ_NO미존재사업장,서울특별시,법인,40,7382680,1,2
2026-07,의정부2도시가스 고객센터,시설물 유지관리 공사업,경기도,개인,33,7842860,1,1
2026-07,(주)대성기연,산업용 냉장 및 냉동장비 제조업,경기도,법인,51,17664760,4,9
2026-07,(주)브라더건설/일용/화성동탄(2) A76-2BL 공동주택 신축공사 중 가설 및 철근콘크리트 공사(2공구),콘크리트 및 철근 공사업,경기도,법인,140,66316960,41,35
2026-07,(주)세보엠이씨/일용/용인 집단에너지 사업 중 LNG관로공사 PKG.A,배관 및 냉ㆍ난방 공사업,경기도,법인,43,18666440,10,0
2026-07,동아제약(주),해당없음,서울특별시,법인,1041,557199500,13,11
2026-07,르노코리아 주식회사,화물 자동차 및 특수 목적용 자동차 제조업,부산광역시,법인,2947,1698740220,21,36
2026-07,주식회사한국방화문,천연 및 혼합 조제 조미료 제조업,경기도,법인,32,9559180,1,0
2026-07,해연여자고등학교,해당없음,부산광역시,법인,30,12288800,0,1
2026-07,경기수원시육아종합지원센터-대체교사,BIZ_NO미존재사업장,경기도,법인,41,8976440,3,0
2026-07,(주)인텍에프에이,전자코일  변성기 및 기타 전자 유도자 제조업,경기도,법인,76,32082480,4,1
2026-07,주식회사에스프렌즈,경영 컨설팅업,경기도,법인,37,8962500,2,1
2026-07,삼성서울연합의원,일반의원,경기도,개인,52,19793580,2,0
2026-07,원일건설기업 주식회사/일용/대조제1구역 주택재개발 중 습식공사(2BL),미장  타일 및 방수 공사업,서울특별시,법인,30,12102860,6,12
2026-07,주식회사세오,유선 통신장비 제조업,경기도,법인,73,27483460,1,0
2026-07,SK네트웍스(주),상품 종합 도매업,경기도,법인,242,138501220,0,44
2026-07,(주)화이트리에,경영 컨설팅업,경기도,법인,46,10346140,7,6
2026-07,득우건설(주)/일용/중원대 26동 기숙사 증축공사,아파트 건설업,충청북도,법인,50,9053500,43,19
2026-07,(주)부건건설/일용/대구대명 LH 참여형 가로주택정비사업 중 철근콘크리트공사,조적 및 석공사업,대구광역시,법인,56,19207500,16,0
2026-07,삼성전자서비스주식회사,기타 일반 기계 및 장비 수리업,경기도,법인,8978,4799427800,648,137
2026-07,강원특별자치도강릉교육지원청,비주거용 건물 임대업(점포  자기땅),강원특별자치도,법인,640,177500240,0,6
2026-07,(주)성원피앤아이,스크린 인쇄업,경기도,법인,88,33962180,3,8
2026-07,서울특별시마포구시설관리공단,비주거용 부동산 관리업,서울특별시,법인,169,62196620,0,0
2026-07,주식회사 신동진,그 외 기타 분류 안된 사업 지원 서비스업,경상남도,법인,103,41010700,0,2
2026-07,（주）골프존,기록매체 복제업,서울특별시,법인,505,248833660,3,5
2026-07,（주)성지공영/일용/S-OIL SHAHEEN Project중Intercom 보온공사(PKG,배관 및 냉ㆍ난방 공사업,울산광역시,법인,47,24467180,10,1
2026-07,보문고등학교,BIZ_NO미존재사업장,대전광역시,법인,43,16836220,0,0
2026-07,(GS)바른복지소비자생활협동조합,BIZ_NO미존재사업장,서울특별시,법인,48,7751540,5,3
2026-07,고려제강(주)건천공장,그 외 기타 1차 철강 제조업,경상북도,법인,51,28269820,0,0
2026-07,엠스푸드 주식회사,빵류  과자류  당류  초콜릿 도매업,경상북도,법인,38,10517200,0,0
2026-07,부성테크,그 외 자동차용 신품 부품 제조업,경상북도,개인,68,20178280,2,3
2026-07,주식회사우리에스티,선박 구성 부분품 제조업,경상남도,법인,36,8476580,0,2
2026-07,티케이엘리베이터코리아(주),기타 물품 취급장비 제조업,서울특별시,법인,1416,775488860,0,6
2026-07,주식회사 LF,해당없음,서울특별시,법인,886,444239620,11,21
2026-07,신라공업고등학교,해당없음,경상북도,법인,32,10773460,0,0
2026-07,율하꿈나무병원,요양병원,경상남도,개인,51,14134260,0,0
2026-07,주식회사 뉴트리원,기타 가공식품 도매업,서울특별시,법인,163,65879020,5,6
2026-07,(주)인화 베바스토지점,BIZ_NO미존재사업장,울산광역시,법인,165,39130200,17,17
2026-07,오토글로벌주식회사,물류 터미널 운영업,경기도,법인,51,17035900,2,0
2026-07,(주)대명금속,농업 및 임업용 기계 제조업,경상남도,법인,35,13338600,0,0
2026-07,주식회사큐텍이씨에스-(일용)국도77호선 여수 화태-백야 도로건설공사(2공구)중 해상교량 구,콘크리트 및 철근 공사업,전남광주통합특별시,법인,56,20443100,1,1
2026-07,의료법인양진의료재단,요양병원,경기도,법인,83,29725880,0,0
2026-07,삼성서울병원,요양병원,서울특별시,법인,7291,4018168000,123,102
2026-07,연세우리병원,일반병원,서울특별시,개인,62,21341100,4,4
2026-07,십일번가주식회사,전자상거래 소매업,경기도,법인,707,379390060,9,61
2026-07,주식회사 더에이치르블랑(고메스퀘어 수유점),한식 일반 음식점업,서울특별시,법인,35,8014980,8,7
2026-07,서울라이크 주식회사,응용 소프트웨어 개발 및 공급업,서울특별시,법인,42,18120620,1,0
2026-07,중앙식자재마트,기타 음ㆍ식료품 위주 종합 소매업,서울특별시,개인,33,9820680,0,5
2026-07,（사）한국장애인부모회평택시,BIZ_NO미존재사업장,경기도,법인,94,14643180,3,7
2026-07,한국수력원자력(주),태양력 발전업,경상북도,법인,12756,7329832100,71,109
2026-07,타미성형외과의원,일반의원,인천광역시,개인,41,14837840,4,1
2026-07,(주)지에스네트웍스,그 외 기타 분류 안된 사업 지원 서비스업,경기도,법인,1791,516764420,72,81
2026-07,미래아동병원,요양병원,전남광주통합특별시,개인,79,22676320,1,1
2026-07,경주시종합사회복지관,BIZ_NO미존재사업장,경상북도,법인,49,9949780,0,0
2026-07,주식회사에이티지（ATG）,기타 엔지니어링 서비스업,경기도,법인,59,24040940,0,1
2026-07,오티비코리아 유한회사,그 외 기타 의복 액세서리 제조업,서울특별시,법인,145,54338220,12,4
2026-07,울릉군청,비주거용 건물 임대업(점포  자기땅),경상북도,법인,156,53109600,0,2
2026-07,(유)아웃백스테이크하우스코리아,기타 산업용 농산물 도매업,서울특별시,법인,3751,618698220,446,611
2026-07,(주)도화엔지니어링,기타 엔지니어링 서비스업,서울특별시,법인,2363,1218726380,29,35
2026-07,아름제일병원,일반의원,서울특별시,개인,134,45176240,7,7
2026-07,(주)레드페이스,운동 및 경기용품 도매업,서울특별시,법인,210,50877920,10,30
2026-07,우일계전공업（주）/일용/Autoland화성 기아 LW 프로젝트 중 일반전기공사(조립),배관 및 냉ㆍ난방 공사업,경기도,법인,58,31209620,7,0
2026-07,농심태경(주),천연 및 혼합 조제 조미료 제조업,서울특별시,법인,154,83521860,0,1
2026-07,(주)에스제이테크,산업용 그 외 비경화 고무제품 제조업,강원특별자치도,법인,78,20838160,0,0
2026-07,이롬회계법인,공인회계사업,경상남도,법인,41,14463340,1,1
2026-07,(주)에치에프알,유선 통신장비 제조업,경기도,법인,159,74194180,3,0
2026-07,케이엠손해사정(주),손해 사정업,서울특별시,법인,317,104789920,35,9
2026-07,(주)대우건설 국내,아파트 건설업,서울특별시,법인,566,235498180,22,31
2026-07,세인트존스베리아카데미제주,외국인학교,제주특별자치도,법인,213,108977300,5,22
2026-07,（주）대공/일용/S-OIL SHAHEEN Project 중 Intercon. 배관공사(PKG-2),콘크리트 및 철근 공사업,울산광역시,법인,123,66353640,18,0
2026-07,(주)우리은행,국내은행,서울특별시,법인,12983,7700583600,14,168
2026-07,일산참사랑요양병원,일반의원,경기도,개인,48,14088780,0,2
2026-07,양수삼성요양병원,일반의원,경기도,개인,43,12627720,2,3
2026-07,(주)에버넷,물질 검사  측정 및 분석 기구 제조업,인천광역시,법인,40,12005700,0,5
2026-07,대전용산고등학교,비주거용 건물 임대업(점포  자기땅),대전광역시,법인,30,9518760,0,0
2026-07,(주)엘씨케이테크놀로지스,의료 기기 도매업,서울특별시,법인,34,12479200,0,0
2026-07,주식회사오너스,자료 처리업,서울특별시,법인,31,8898660,4,3
2026-07,휘닉스평창 주식회사,그 외 기타 분류 안된 사업 지원 서비스업,강원특별자치도,법인,237,78726980,35,8
2026-07,산척여객주식회사,시내버스 운송업,경기도,법인,40,12804160,1,3
2026-07,주식회사 에스엠디자인건설,그 외 기타 건축자재 도매업,경기도,법인,58,28803520,4,1
2026-07,농협은행주식회사,국내은행,서울특별시,법인,16607,9585664020,129,141
2026-07,아이솔생태교육,서적  신문 및 잡지류 소매업,서울특별시,개인,32,6798520,0,0
2026-07,바이텍(주),운송장비용 조명장치 제조업,인천광역시,법인,39,11568140,9,0
2026-07,주식회사비에이인프라,컴퓨터 및 주변장치  소프트웨어 소매업,서울특별시,법인,36,16681400,0,0
2026-07,씨더블유소방산업주식회사,산업용 냉장 및 냉동장비 제조업,충청북도,법인,30,8756780,3,4
2026-07,기전이엔지(유),해당없음,전남광주통합특별시,법인,83,28090280,0,0
2026-07,소은주식회사,기타 소사장제,경기도,법인,32,12530820,5,4
2026-07,주식회사진성기전/일용/FISCHER EPC PROJECT 건설공사 중 전기 계장 WWT Revamp 공사,내부 전기배선 공사업,울산광역시,법인,79,45147720,24,0
2026-07,삼호개발(주)/일용/용인집단에너지사업 Project 중 토목공사 PKG B,토공사업,경기도,법인,35,12722240,10,0
2026-07,주식회사니텍스제침,해당없음,경상북도,법인,63,18105760,0,1
2026-07,중원엔지니어링(주)/일용/용인 Cluster 1기 IBL CUB 중 HVAC 및 소방공사,미장  타일 및 방수 공사업,경기도,법인,508,229977720,143,1
2026-07,(주) 미래테크윈 창원공장,기타 반도체 소자 제조업,경상남도,법인,40,11867120,0,0
2026-07,(주)나산종합건축사사무소,기타 엔지니어링 서비스업,서울특별시,법인,42,19548360,0,0
2026-07,(주)GS리테일,체인화 편의점,서울특별시,법인,5399,2260188200,163,116
2026-07,(주)소프트베이스,응용 소프트웨어 개발 및 공급업,서울특별시,법인,53,20550460,0,0
2026-07,삼성전자서비스씨에스 주식회사,그 외 기타 분류 안된 사업 지원 서비스업,경기도,법인,1013,382951080,5,17
2026-07,삼익기전주식회사,산업용 냉장 및 냉동장비 제조업,경상북도,법인,39,12064100,0,3
2026-07,신우신(주),그 외 자동차용 신품 부품 제조업,경상북도,법인,49,17406880,0,1
2026-07,농업회사법인(주) 네니아,곡물 및 유지작물 도매업,경기도,법인,35,12252880,0,0
2026-07,주식회사 한탑,비주거용 건물 임대업(점포  자기땅),부산광역시,법인,80,27598360,2,0
2026-07,룰루메딕 주식회사,응용 소프트웨어 개발 및 공급업,서울특별시,법인,30,12073300,3,2
2026-07,유한회사 건향개발/일용/원주 트레이더스 철근 콘크리트공사,콘크리트 및 철근 공사업,강원특별자치도,법인,55,17511480,20,19
2026-07,주식회사코지,남녀용 겉옷 및 셔츠 도매업,경기도,법인,31,9362780,4,4
2026-07,주식회사에코프로비엠,축전지 제조업,충청북도,법인,1049,572089540,9,19
2026-07,주식회사다울산업개발/(일용)파주운정3 A3BL 공공지원민간임대주택사업 중 기계설비공사,건물용 기계ㆍ장비 설치 공사업,경기도,법인,36,15566580,10,0
2026-07,남아이피그룹 특허법인(유),변리사업,서울특별시,법인,154,71803820,0,2
2026-07,사회적협동조합 성남만남돌봄센터,BIZ_NO미존재사업장,경기도,법인,105,20035580,0,1
2026-07,주시회사 유니엘,상용 인력 공급 및 인사관리 서비스업,경기도,법인,30,6794420,5,4
2026-07,금강엔지니어링(주),산업용 냉장 및 냉동장비 제조업,충청남도,법인,168,56291020,1,2
2026-07,우일계전공업（주）/일용/청주 P&T7 신축 Project 중 가설전기공사(저압-1),배관 및 냉ㆍ난방 공사업,충청북도,법인,54,26326140,31,0
2026-07,에스케이하이닉스 주식회사,컴퓨터 제조업,경기도,법인,36777,22333343700,1340,67
2026-07,더퍼스트요양병원,요양병원,경기도,개인,61,17793860,1,2
2026-07,(주)행복을굽는사람들,기타 산업용 농산물 도매업,서울특별시,법인,36,11278840,2,1
2026-07,모트라스주식회사,그 외 자동차용 신품 부품 제조업,충청남도,법인,5086,3025809360,105,116
2026-07,광주CS,자동차용 신품 의자 제조업,전남광주통합특별시,개인,107,33556680,1,0
2026-07,주식회사 케이에스인더스트리 (KS Industry Co.  Ltd.),BIZ_NO미존재사업장,경상남도,법인,52,21414420,1,9
2026-07,한신공영（주）/일용/서울9호선 4-3공구,아파트 건설업,서울특별시,법인,57,23829100,8,0
2026-07,주식회사 메타엠,데이터베이스 및 온라인 정보 제공업,서울특별시,법인,7776,1846125920,462,449
2026-07,성균관대학교(분리),기타자영업,서울특별시,법인,434,38620600,1,3
2026-07,（주）아이엔에프아이엑스,남녀용 겉옷 및 셔츠 도매업,서울특별시,법인,158,46705100,0,2
2026-07,(주)윌앤비전,고용 알선업,서울특별시,법인,4014,938791140,259,219
2026-07,주식회사 마더스제약,BIZ_NO미존재사업장,경상북도,법인,119,44888180,0,0
2026-07,(주)삼호산업,강선 건조업,전남광주통합특별시,법인,91,26563700,0,1
2026-07,남산종합사회복지관,해당없음,대구광역시,법인,56,12077820,0,1
2026-07,주식회사 비단팝팝,응용 소프트웨어 개발 및 공급업,서울특별시,법인,32,12399160,2,1
2026-07,한영정공(주),금속선 가공제품 제조업,전남광주통합특별시,법인,43,13016640,0,0
2026-07,(주)동원에프앤비,수산동물 건조 및 염장품 제조업,서울특별시,법인,2073,760144200,33,25
2026-07,에스케이텔레콤(주),무선 및 위성 통신업,서울특별시,법인,5040,3001423260,40,55
2026-07,주식회사 거산이앤지,기타 산업용 기계 및 장비 도매업,경기도,법인,40,11960160,2,4
2026-07,주식회사서연피앤씨,그 외 기타 플라스틱 제품 제조업,경기도,법인,40,12563080,3,5
2026-07,주식회사 명성승강기,건물용 기계ㆍ장비 설치 공사업,경기도,법인,31,11602100,2,0
2026-07,(주)모아주택산업,아파트 건설업,전남광주통합특별시,법인,138,68982960,0,10
2026-07,(주)딴지그룹,데이터베이스 및 온라인 정보 제공업,서울특별시,법인,30,9983040,0,0
2026-07,현대트랜시스주식회사,그 외 자동차용 신품 부품 제조업,충청남도,법인,4023,2457504780,27,13
2026-07,(주)에스비테크/일용/아산 FAB 마감공사 2차 중 [A4-2L Ph3] Access Floor 공사,기타 구조용 금속제품 제조업,충청남도,법인,65,24806720,14,0
2026-07,주식회사 삼부,지정 폐기물 수집  운반업,전북특별자치도,법인,42,21226140,1,1
2026-07,주식회사 내일건축/일용/양주 복지지구 80BL 모아엘가 공동주택 신축공사 중 내장목공사,도배  실내 장식 및 내장 목공사업,경기도,법인,35,14351320,20,0
2026-07,대구교통공사,도시철도 운송업,대구광역시,법인,3019,1570458940,122,27
2026-07,고이건설(주)-(일용)J-PROJECT 장충동 호텔개발사업 중 철근콘크리트공사,그 외 기타 건축 마무리 공사업,서울특별시,법인,37,14748360,15,0
2026-07,부천중앙새마을금고,신용조합,경기도,법인,34,19688540,0,0
2026-07,청라달튼외국인학교,해당없음,인천광역시,법인,96,43053040,1,8
2026-07,한국알프스(주),기타 반도체 소자 제조업,전남광주통합특별시,법인,753,385665280,1,30
2026-07,주식회사 VALID,전기식 진단 및 요법 기기 제조업,경기도,법인,31,15008320,0,0
2026-07,다나여성병원,BIZ_NO미존재사업장,충청북도,개인,71,22444060,0,3
2026-07,광주시장애인체육회,BIZ_NO미존재사업장,경기도,법인,30,8083900,0,0
2026-07,(주)화인꽃프라자,화초 및 식물 소매업,서울특별시,법인,33,10402520,1,2
2026-07,세안이엔씨주식회사/일용/삼성서울병원 리모델링공사 2차(본관 외래 서측부)전기공사,일반 전기 공사업,서울특별시,법인,36,20936780,14,0
2026-07,(주)희림종합건축사사무소,기타 엔지니어링 서비스업,서울특별시,법인,1026,484330380,16,22
2026-07,주식회사 원익로보틱스,응용 소프트웨어 개발 및 공급업,경기도,법인,82,41929820,2,1
2026-07,제주특별자치도개발공사,주류 도매업,제주특별자치도,법인,900,417606900,7,12
2026-07,주식회사소굴창작소,스포츠 및 레크리에이션 용품 임대업,경기도,법인,43,14003560,8,1
2026-07,코오롱모터스주식회사,자동차 신품 판매업,서울특별시,법인,1319,584777320,26,27
2026-07,대하산업개발（주）/일용/광주 중앙공원(1지구) 공동주택 개발사업(1BL) 중 기계설비공사,건물용 기계ㆍ장비 설치 공사업,전남광주통합특별시,법인,36,14516320,11,0
2026-07,(의)대진의료재단분당제생병원,요양병원,경기도,법인,1375,553363520,10,21
2026-07,(주)넥슨코리아,응용 소프트웨어 개발 및 공급업,경기도,법인,4253,2521933740,46,45
2026-07,주식회사 비전파트너스,컴퓨터 시스템 통합 자문 및 구축 서비스업,전남광주통합특별시,법인,63,13212300,0,5
2026-07,주식회사유시티메디칼（UCTMedicalco．，ltd）,의료 기기 도매업,서울특별시,법인,41,17468740,2,3
2026-07,(주)정우아이앤씨,배관 및 냉ㆍ난방 공사업,경상북도,법인,109,37680400,12,13
2026-07,삼성물산(주)건설부문 정규직,BIZ_NO미존재사업장,서울특별시,법인,4632,2869857220,14,29
2026-07,에스지엔(주),유선 통신장비 제조업,경기도,법인,30,11271340,5,5
2026-07,제주특별자치도상하수도본부,BIZ_NO미존재사업장,제주특별자치도,법인,75,32160320,6,3
2026-07,SK쉴더스 주식회사,응용 소프트웨어 개발 및 공급업,경기도,법인,7184,3027176240,134,101
2026-07,동주에이피(주),유압 기기 제조업,인천광역시,법인,71,26980580,1,0
2026-07,(주)풍국전자,기타 반도체 소자 제조업,경상남도,법인,54,13430440,1,0
2026-07,(주)다람기술,기타 반도체 소자 제조업,경기도,법인,45,16673580,0,0
2026-07,새길동산,BIZ_NO미존재사업장,경상남도,법인,50,14743040,2,1
2026-07,주식회사브랜드뉴,분말 야금제품 제조업,울산광역시,법인,37,11801000,1,6
2026-07,(주)엘지화학,합성수지 및 기타 플라스틱 물질 제조업,서울특별시,법인,12400,7623766100,9,90
2026-07,의정부농업협동조합,국내은행,경기도,법인,164,96411500,2,0
2026-07,삼성웰스토리（주）,수산물 가공식품 도매업,경기도,법인,3365,1763318180,30,19
2026-07,델타스틸（주）,그 외 기타 1차 철강 제조업,경기도,법인,44,14030660,0,0
2026-07,대구S한방병원,한방병원,대구광역시,개인,46,12603220,0,6
2026-07,(주)도원투어,그 외 기타 분류 안된 사업 지원 서비스업,경기도,법인,45,16348180,2,2
2026-07,사천시청-(노인장애인과)-장애인일반형일자리(행정도우미),BIZ_NO미존재사업장,경상남도,법인,31,6349420,0,1
2026-07,(주)케이씨넷,BIZ_NO미존재사업장,서울특별시,법인,133,50478200,5,4
2026-07,(주)하나투어,여행사업,서울특별시,법인,1245,504484600,6,6
2026-07,장차건설(주),미장  타일 및 방수 공사업,서울특별시,법인,55,22804240,1,3
2026-07,광주지방국세청,자동 판매기 운영업,전남광주통합특별시,법인,609,133442920,492,66
2026-07,삼성액티브자산운용(주),기타 금융 투자업,서울특별시,법인,43,26680140,0,0
2026-07,(주)화인,선박 구성 부분품 제조업,경상남도,법인,75,24743400,3,4
2026-07,천하종합관리（주）,비주거용 부동산 관리업,경기도,법인,74,16646660,1,3
2026-07,그랜드코리아레저(주),복권 발행 및 판매업,서울특별시,법인,1726,907327580,15,13
2026-07,문화방송(주),지상파 방송업,서울특별시,법인,1738,975264320,22,19
2026-07,성우오토텍(주),그 외 자동차용 신품 부품 제조업,충청남도,법인,52,20722240,0,1
2026-07,목포대학교(대학회계),비주거용 건물 임대업(점포  자기땅),전남광주통합특별시,법인,196,61734940,12,4
2026-07,주식회사 에이치이엔씨-(일용)부산에코델타시티공동4블럭중흥S-클래스공동주택신축공사중골조공사,콘크리트 및 철근 공사업,부산광역시,법인,115,40392520,22,5
2026-07,에드워드 코리아 주식회사,기타 반도체 소자 제조업,충청남도,법인,1530,765281940,30,22
2026-07,마곡튼튼소아청소년과의원,일반의원,서울특별시,개인,38,13193680,5,4
2026-07,쿠팡풀필먼트 용인센터,화물 포장  검수 및 계량 서비스업,경기도,법인,2153,458539100,675,713
2026-07,고려아연(주)온산제련소,기타 비철금속 제련  정련 및 합금 제조업,울산광역시,법인,1843,1099830220,58,10
2026-07,주식회사 시스텍,기타 물품 취급장비 제조업,경기도,법인,36,14588160,7,6
2026-07,(주)엘지경영개발원인화원,그 외 기타 개인 및 가정용품 임대업,경기도,법인,75,45193920,0,2
2026-07,법무법인(유한)광장,변호사업,서울특별시,법인,1110,607445620,12,30
2026-07,주식회사 삼현건설엔/일용/화성동탄2 A78 블록 민간참여 공공주택사업 중 철근콘크리트공사(2공구),콘크리트 및 철근 공사업,경기도,법인,97,40681180,20,1
2026-07,주식회사 멘토커리어,BIZ_NO미존재사업장,서울특별시,법인,179,37669360,6,21
2026-07,한성패브콘(주)/일용/평택 전자 P5 그린동 신축공사 중 [P5]PC설치공사(1),보링  그라우팅 및 관정 공사업,경기도,법인,105,59358880,9,18
2026-07,주식회사비앤비코리아,화장품 제조업,인천광역시,법인,188,69144780,6,5
2026-07,엔에이치투자증권(주),증권 중개업,서울특별시,법인,3058,1837634160,70,39
2026-07,주식회사스테이지(Stay-G Inc.),경영 컨설팅업,서울특별시,법인,35,9815780,1,2
2026-07,의왕정음학교(직장),BIZ_NO미존재사업장,경기도,법인,59,17041520,2,1
2026-07,주식회사제이앤케이컴퍼니,경영 컨설팅업,부산광역시,법인,80,20643220,8,30
2026-07,라인물류시스템(주),그 외 기타 상품 전문 도매업,경기도,법인,113,35786760,3,0
2026-07,남웅건설(주)/일용/청주 P&T7 신축 Project 중 철근콘크리트공사,콘크리트 및 철근 공사업,충청북도,법인,409,197979200,268,4
2026-07,현대백화점(주),상품 종합 도매업,서울특별시,법인,2666,1233723580,85,71
2026-07,기아(주)AutoLand화성,화물 자동차 및 특수 목적용 자동차 제조업,경기도,법인,11597,7119755400,210,66
2026-07,주식회사 더탑아이앤아이,해당없음,부산광역시,법인,41,10043040,1,0
2026-07,서울시설공단,기타 부동산 임대업,서울특별시,법인,3697,1599776640,23,34
2026-07,씨마크서비스 주식회사,고용 알선업,강원특별자치도,법인,142,51797780,17,2
2026-07,한화오션(주),강선 건조업,경상남도,법인,10318,5995351900,156,95
2026-07,한국중견기업연합회,그 외 기타 분류 안된 전문  과학 및 기술 서비스업,서울특별시,법인,39,18476780,0,0
2026-07,에이치그린파워주식회사,BIZ_NO미존재사업장,충청북도,법인,1323,796909160,16,23
2026-07,영진,상용 인력 공급 및 인사관리 서비스업,경상남도,개인,37,8706680,3,4
2026-07,기아(주)AutoLand광명,화물 자동차 및 특수 목적용 자동차 제조업,경기도,법인,4128,2468946740,107,18
2026-07,김제농업협동조합,체인화 편의점,전북특별자치도,법인,101,53890580,2,0
2026-07,한국항공우주산업(주)본점,항공기용 부품 제조업,경상남도,법인,4933,2995552860,90,32
2026-07,한전엠씨에스 주식회사,기타자영업,전남광주통합특별시,법인,3245,1518665480,6,41
2026-07,(주)디와이시/울산 현대차 C-프로젝트 신축공사(수소연료전지공장)(2공구),배관 및 냉ㆍ난방 공사업,울산광역시,법인,91,47858040,56,91
2026-07,삼은(주),금속 캔 및 기타 포장용기 제조업,서울특별시,법인,45,13024840,0,0
2026-07,(주)포스코이앤씨,기타 토목 시설물 건설업,경상북도,법인,5504,3066782860,119,81
2026-07,경찰대학-신임교육생,비주거용 건물 임대업(점포  자기땅),충청남도,법인,64,12412440,15,0
2026-07,주식회사인성티앤씨,기타 소사장제,울산광역시,법인,40,12662620,3,2
2026-07,횡성농업협동조합,그 외 기타 금융 지원 서비스업,강원특별자치도,법인,72,33958800,0,1
2026-07,（주）싸인텔레콤,기타 반도체 소자 제조업,경기도,법인,48,19698300,0,0
2026-07,(주)비앤씨인터내셔널,커피 및 차류 도매업,경기도,법인,40,11829200,3,1
2026-07,키이스케이프주식회사,경영 컨설팅업,서울특별시,법인,32,5918540,0,3
2026-07,（주）씨디씨뉴매틱,BIZ_NO미존재사업장,대구광역시,법인,127,39920360,0,0
2026-07,한국항공대학교,경영 컨설팅업(경영지도사),경기도,법인,150,25890820,1,14
2026-07,서울원탑365정형외과의원,일반의원,경기도,개인,32,12063280,3,4
2026-07,주식회사월드타워,유리 및 창호 공사업,경기도,법인,43,20178020,2,2
2026-07,(주)로운로지스,용달 화물 자동차 운송업,경기도,법인,35,10999020,3,4
2026-07,유니투스주식회사,그 외 자동차용 신품 부품 제조업,충청남도,법인,3197,1892882960,59,44
2026-07,주식회사 케이씨씨실리콘 대죽공장,합성수지 및 기타 플라스틱 물질 제조업,충청남도,법인,125,77900300,0,0
2026-07,주식회사플리,응용 소프트웨어 개발 및 공급업,서울특별시,법인,39,14510340,0,1
2026-07,부산지방국세청,BIZ_NO미존재사업장,부산광역시,법인,853,184193340,665,89
2026-07,아우레아의원,일반의원,서울특별시,개인,35,12053520,5,6
2026-07,쿠팡풀필먼트 인천센터,화물 포장  검수 및 계량 서비스업,인천광역시,법인,7554,1612641380,1895,1986
2026-07,스마일시니어치사랑노인재가복지센터,BIZ_NO미존재사업장,경상북도,개인,30,3450180,1,4
2026-07,진성산업(주),배전반 및 전기 자동제어반 제조업,경상남도,법인,116,41167560,1,5
2026-07,의료법인 나라의료재단 부산나라요양병원,요양병원,부산광역시,법인,108,28271200,1,4
2026-07,주식회사동인,BIZ_NO미존재사업장,경상남도,법인,56,17616820,3,1
2026-07,(주)트랜스코스모스코리아,시장 조사 및 여론 조사업,서울특별시,법인,10436,2357918540,1220,1094
2026-07,에이바이봄,두발 미용업,서울특별시,개인,80,17415120,7,2
2026-07,(주)이에스알씨,레미콘 제조업,경상남도,법인,43,16768200,0,0
2026-07,(주)한미전력/일용/앰코테크놀로지코리아 송도공장 증설공사 중 전기설비공사,일반 전기 공사업,인천광역시,법인,47,21490800,4,0
2026-07,(주)마켓디자이너스,경영 컨설팅업,서울특별시,법인,30,12950100,1,4
2026-07,문 요양병원,요양병원,대구광역시,개인,47,11746920,2,1
2026-07,아산시장애인복지관,BIZ_NO미존재사업장,충청남도,법인,149,29378400,1,1
2026-07,주식회사와이오케이푸드,상품 종합 도매업,충청북도,법인,61,13464340,6,7
2026-07,누야하우스,기타 직물제품 제조업,서울특별시,법인,33,5334960,0,0
2026-07,한국후지쯔(주),응용 소프트웨어 개발 및 공급업,서울특별시,법인,136,80534140,0,1
2026-07,주식회사 엠젠솔루션,유선 통신장비 제조업,서울특별시,법인,79,31026320,2,1
2026-07,(주）성전사/일용/평택 전자 P5 그린동 신축 공사 중 P5 PH1 그린동 일반전기공사 및 복합동 가설전기공사,일반 전기 공사업,경기도,법인,78,30619300,59,4
2026-07,(주)실론,그 외 기타 분류 안된 섬유제품 제조업,경기도,법인,97,38637700,0,1
2026-07,경동운수(주),시내버스 운송업 / 시외버스 운송업,서울특별시,법인,57,11706860,11,10
2026-07,아진엔지니어링(주),기타 엔지니어링 서비스업,부산광역시,법인,32,11461940,4,3
2026-07,한국마사회,실내 경기장 운영업,경기도,법인,4101,999188220,54,59
2026-07,주식회사유창이앤씨/(일용)LGD 파주 P10 확장투자 CR&UT공사 C/R판넬공사-2,구조용 금속 판제품 및 공작물 제조업,경기도,법인,116,45600800,31,0
2026-07,성환농업협동조합,신용조합,충청남도,법인,89,33677400,0,0
2026-07,진장기업 주식회사,판유리 제조업,울산광역시,법인,71,26274740,0,0
2026-07,(주)마이크로이미지세종사업장,스크린 인쇄업,세종특별자치시,법인,51,17108240,1,1
2026-07,지에이코리아 주식회사,보험 대리 및 중개업,서울특별시,법인,1107,321451360,55,25
2026-07,주식회사카카오페이,그 외 기타 분류 안된 사업 지원 서비스업,경기도,법인,1268,698928860,19,28
2026-07,목포대학교 담양캠퍼스(비공무원),비주거용 건물 임대업(점포  자기땅),전남광주통합특별시,법인,75,12744440,0,0
2026-07,케이스티파이유한회사,가방 및 보호용 케이스 도매업,서울특별시,법인,228,48566720,27,11
2026-07,강서365한방병원,한방병원,서울특별시,개인,50,17483100,2,1
2026-07,장성요양병원,요양병원,경상북도,법인,34,9095100,4,1
2026-07,반디에스앤씨주식회사,응용 소프트웨어 개발 및 공급업,서울특별시,법인,39,14070420,0,2
2026-07,일우건설 주식회사/일용/팀북투 DC 철근콘크리트공사,콘크리트 및 철근 공사업,경기도,법인,128,47158380,49,0
2026-07,광주교통공사,도시철도 운송업,전남광주통합특별시,법인,895,409493080,28,23
2026-07,(주)전한 강강술래늘봄농원점,한식 일반 음식점업,경기도,법인,84,23575700,5,1
2026-07,현대씨앤알(주),그 외 기타 분류 안된 사업 지원 서비스업,서울특별시,법인,2099,661984480,32,60
2026-07,대우산업개발 주식회사,기타 엔지니어링 서비스업,인천광역시,법인,91,44515400,0,5
2026-07,주식회사 케이알산업,미장  타일 및 방수 공사업,경기도,법인,1481,555922400,36,47
2026-07,(주)제니엘,음료품배달원,서울특별시,법인,5763,1580313260,355,290
2026-07,（주）에이시지알,경영 컨설팅업(경영지도사),서울특별시,법인,33,12014240,0,1
2026-07,주식회사상일토건/일용/시흥 대덕전자 B1센터 증축공사 중 철콘공사,그 외 기타 건축 마무리 공사업,경기도,법인,30,15384500,30,0
2026-07,부산중구청,비주거용 건물 임대업(점포  자기땅),부산광역시,법인,48,12393840,9,1
2026-07,행복관리플러스주식회사,산업설비  운송장비 및 공공장소 청소업,서울특별시,법인,50,13685580,6,7
2026-07,롤랜드버거 유한회사,경영 컨설팅업,서울특별시,법인,59,27491500,11,11
2026-07,에이치디현대오일뱅크 주식회사,원유 정제처리업,충청남도,법인,1773,1097309960,470,12
2026-07,주식회사엑스오컴퍼니,물질 검사  측정 및 분석 기구 제조업,세종특별자치시,법인,32,12966680,4,3
2026-07,경상북도안동의료원,요양병원,경상북도,법인,311,126951480,1,3
2026-07,삼호개발（주）-(일용)동북선 도시철도 민간투자사업 토공 및 철근콘크리트공사,미장  타일 및 방수 공사업,서울특별시,법인,146,36572600,3,16
2026-07,(주)투데이즈라이프,외국어학원,경기도,법인,40,11086140,2,0
2026-07,월텍주식회사,기타 기술 시험  검사 및 분석업,경상남도,법인,33,12691280,0,0
2026-07,주식회사피엔디티,그 외 자동차용 신품 부품 제조업,경상북도,법인,160,73233680,1,1
2026-07,(주)대양산업건설-(일용)부산신항 양곡부두 민간투자사업 중 수중철콘 및 준설공사,토공사업,부산광역시,법인,34,19942880,7,0
2026-07,주식회사 씨엠티모터스,자동차 종합 수리업,서울특별시,법인,38,14623660,5,4
2026-07,헬로라이브 주식회사(hellolive Inc.),경영 컨설팅업,서울특별시,법인,37,10909120,4,4
2026-07,넥센타이어（주）서울사무소,타이어 및 튜브 제조업,서울특별시,법인,1058,554844080,11,11
2026-07,푸르니수지어린이집,BIZ_NO미존재사업장,경기도,개인,63,14788840,2,0
2026-07,웅진기계설비(주)/일용/[이지스 삼송 2단계 구축 사업]기계설비공사,배관 및 냉ㆍ난방 공사업,경기도,법인,59,17163740,56,8
2026-07,주식회사 안랩,응용 소프트웨어 개발 및 공급업,경기도,법인,1270,627414260,47,16
2026-07,중소기업은행,국내은행,서울특별시,법인,12757,7295476180,201,242
2026-07,포유문산부인과의원,일반의원,서울특별시,개인,64,20834500,2,2
2026-07,（주）영천알씨,BIZ_NO미존재사업장,경상북도,법인,31,12501680,0,1
2026-07,(주)이지오스,그 외 기타 분류 안된 전문  과학 및 기술 서비스업,서울특별시,법인,55,11667480,0,0
2026-07,주식회사스토리인,임시 및 일용 인력 공급업,서울특별시,법인,68,14788860,8,1
2026-07,(주)인코스파트너스,고용 알선업,서울특별시,법인,240,52485900,30,26
2026-07,산본여객주식회사,시내버스 운송업,경기도,법인,33,13611020,1,1
2026-07,（주）서진에스앤피/일용/샤힌 에틸렌시설 건설공사 PKG1 Fire Proofing 공사  Subcon 2,그 외 기타 건축 마무리 공사업,울산광역시,법인,84,49360420,28,3
2026-07,주식회사 카카오,데이터베이스 및 온라인 정보 제공업,제주특별자치도,법인,3798,2227917040,30,48
2026-07,청심병원,일반의원,전남광주통합특별시,개인,48,15896600,1,0
2026-07,부산예한방병원,한방병원,부산광역시,개인,35,10955420,4,5
2026-07,레노버글로벌테크놀로지코리아(유),컴퓨터 및 주변장치  소프트웨어 도매업,서울특별시,법인,56,34985680,0,1
2026-07,(주)대한솔루션당진공장,그 외 자동차용 신품 부품 제조업,충청남도,법인,80,39825800,0,1
2026-07,주식회사로보원,산업용 로봇 제조업,부산광역시,법인,37,17441400,0,1
2026-07,숭실대학교소비자생활협동조합,박물관 운영업,서울특별시,법인,30,9186000,4,0
2026-07,의료법인성화의료재단대한병원,요양병원,서울특별시,법인,118,35006840,8,7
2026-07,(주)에임메드,애완 동물 장묘 및 보호 서비스업,서울특별시,법인,98,33584320,8,4
2026-07,주식회사디웨일,응용 소프트웨어 개발 및 공급업,서울특별시,법인,67,22507340,9,3
2026-07,화홍산업(주),사무 및 회화용품 제조업,경기도,법인,39,13750180,2,1
2026-07,코리아쉽매니져스(주),BIZ_NO미존재사업장,부산광역시,법인,96,54650540,11,11
2026-07,삼천산업주식회사,해당없음,경상남도,법인,125,39289660,2,4
2026-07,아이파크현대산업개발 주식회사,주거용 건물 건설업,서울특별시,법인,1757,961739920,41,36
2026-07,주식회사신동양기업/일용/대한항공 운북 신 엔진정비공장 증축 및 ETC#2중 일반기계설비공사,건물용 기계ㆍ장비 설치 공사업,인천광역시,법인,93,48610400,5,0
2026-07,삼화석유(주),비주거용 건물 임대업(점포  자기땅),제주특별자치도,법인,68,17598360,2,3
2026-07,곰소할인마트(전화련),조미료 도매업,전북특별자치도,개인,31,8990140,7,7
2026-07,국양로지텍주식회사,통관 대리 및 관련서비스업 / 화물 운송 중개  대리,부산광역시,법인,85,33619780,1,0
2026-07,가나안요양병원,요양병원,부산광역시,개인,39,10629520,2,3
2026-07,주식회사중원컴퍼니-에드워드코리아,고용 알선업,전남광주통합특별시,법인,32,7484400,4,4
2026-07,(주)정광테크,기타 반도체 소자 제조업,경상북도,법인,47,17681500,0,0
2026-07,에어제타,상품 종합 도매업,인천광역시,법인,762,429623920,8,5
2026-07,김해시도시개발공사,해당없음,경상남도,법인,426,171682240,27,6
2026-07,사단법인대한안마사협회인천지부,비주거용 건물 임대업(점포  자기땅),인천광역시,법인,72,12627420,0,6
2026-07,보그워너평택 유한책임회사,화물 자동차 및 특수 목적용 자동차 제조업,경기도,법인,250,138063820,1,0
2026-07,인덕학교,해당없음,경기도,법인,35,11060780,0,0
2026-07,지타워컨벤션주식회사(G-TowerConventionCo. Ltd.),예식장업,서울특별시,법인,31,9062680,4,1
2026-07,（주）에이엔피개발,건축물 일반 청소업,서울특별시,법인,205,60925840,0,14
2026-07,나눔과 기쁨방문요양센터,그 외 기타 보건업,충청남도,개인,31,4208680,4,4
2026-07,(주)크라운제과,과자류 및 코코아 제품 제조업,서울특별시,법인,1112,467836960,14,14
2026-07,강남 브랜드 안과,일반의원,서울특별시,개인,38,14214160,2,2
2026-07,주식회사 선앤엘인테리어/일용/광주중앙공원(1지구) 공동주택 개발사업(2BL) 중 내장목공사(2-1BL),기타 건축용 나무제품 제조업,전남광주통합특별시,법인,35,13705900,7,0
2026-07,(주)에스텍시스템,경비 및 경호 서비스업,서울특별시,법인,9576,3087435440,329,282
2026-07,(주)서현인터내셔널,일반용 전기 조명장치 제조업,충청남도,법인,30,4351000,1,0
2026-07,(주)트로이스세이프티,그 외 기타 건축 마무리 공사업,경기도,법인,85,17813620,3,10
2026-07,대신정보기술(주),유리 및 창호 공사업,서울특별시,법인,43,14733080,0,0
2026-07,본하이테크(주),그 외 자동차용 신품 부품 제조업,경기도,법인,50,19295100,1,1
2026-07,(주)케이티아이에스,무선 및 위성 통신업,서울특별시,법인,8282,2394222080,223,303
2026-07,주식회사 파마엔텍,기타 인문 및 사회과학 연구개발업,경기도,법인,59,21261360,4,5
2026-07,케이지이종합건설(주),아파트 건설업,부산광역시,법인,32,14207420,3,4
2026-07,금호농업협동조합,그 외 기타 금융 지원 서비스업,경상북도,법인,85,39029220,2,3
2026-07,주식회사유원,증류기  열 교환기 및 가스 발생기 제조업,전남광주통합특별시,법인,100,43478400,0,5
2026-07,천사케어 주간보호센터,BIZ_NO미존재사업장,경상북도,개인,32,6571620,4,3
2026-07,(주)대호데크,그 외 자동차용 신품 부품 제조업,경상북도,법인,38,11399500,0,1
2026-07,세안이엔씨주식회사/일용/용인 Cluster 1기 IBL CUB 전기공사-6,일반 전기 공사업,경기도,법인,211,93705060,54,1
2026-07,(주)창영테크팩,스크린 인쇄업,경기도,법인,48,16898740,6,5
2026-07,에이오아이코리아,BIZ_NO미존재사업장,경기도,법인,50,20084640,0,1
2026-07,국민은행(주),기타 금융 투자업,서울특별시,법인,14234,8006814360,149,307
2026-07,(주)웰템,산업용 냉장 및 냉동장비 제조업,경상남도,법인,210,62835180,18,70
2026-07,(주)신기로직스,그 외 자동차용 신품 부품 제조업,울산광역시,법인,52,19999040,1,0
2026-07,유한회사 에브라임이노베이션,부동산 중개 및 대리업,서울특별시,법인,62,14227720,5,16
2026-07,주식회사지비에프엔씨,비주거용 부동산 관리업,경기도,법인,38,11052980,4,4
2026-07,주식회사흥아로지스틱스,일반 창고업,서울특별시,법인,38,14675300,0,0
2026-07,참좋은벗,BIZ_NO미존재사업장,전북특별자치도,법인,124,24298600,0,4
2026-07,(주)키즈웰,빵류  과자류  당류  초콜릿 도매업,서울특별시,법인,43,16266660,0,0
2026-07,에스엠피 주식회사,그 외 자동차용 신품 부품 제조업,충청남도,법인,70,31306820,7,1
2026-07,코리아인스트루먼트(주),기타 엔지니어링 서비스업,서울특별시,법인,104,38106700,3,1
2026-07,주식회사 엘케이그룹,슈퍼마켓,충청북도,법인,75,30304980,1,9
2026-07,가평푸른숲요양병원,요양병원,경기도,개인,31,9974060,2,6
2026-07,주식회사 건우테크,BIZ_NO미존재사업장,경상남도,법인,86,32395560,0,1
2026-07,(주)세원하이텍,기타 반도체 소자 제조업,경상북도,법인,36,13421700,2,1
2026-07,농업회사법인 플랜티팜 주식회사,채소류  서류 및 향신작물류 도매업,경기도,법인,52,17082160,0,5
2026-07,주식회사동안기획,경영 컨설팅업,인천광역시,법인,95,25340680,0,3
2026-07,광주지방기상청,BIZ_NO미존재사업장,전남광주통합특별시,법인,31,7616240,6,0
2026-07,흥생농장,양계업,경상북도,개인,33,9077640,1,0
2026-07,(주)새한엘리베이터,기타 물품 취급장비 제조업,서울특별시,법인,37,14786280,0,0
2026-07,(주)성지모듈,그 외 자동차용 신품 부품 제조업,경기도,법인,71,20311500,2,0
2026-07,소나투스소프트웨어코리아유한회사,응용 소프트웨어 개발 및 공급업,경기도,법인,37,23154740,2,1
2026-07,(주)큐앤피플,응용 소프트웨어 개발 및 공급업,서울특별시,법인,214,60364760,7,5
2026-07,(주)삼천리이엔지,철물  금속 파스너 및 수공구 도매업,서울특별시,법인,1030,292300940,105,82
2026-07,파스토조(주),가죽의복 제조업,서울특별시,법인,53,19532180,0,0
2026-07,주식회사  이엔미디어,응용 소프트웨어 개발 및 공급업,서울특별시,법인,31,8439840,5,4
2026-07,동원재활원(사복),해당없음,울산광역시,법인,38,16155500,1,1
2026-07,주식회사 와탭랩스,응용 소프트웨어 개발 및 공급업,서울특별시,법인,92,47722120,3,3
2026-07,씨에스나무병원,요양병원,전남광주통합특별시,개인,40,12735120,0,1
2026-07,(유)스타에이앤씨,응용 소프트웨어 개발 및 공급업,경기도,법인,33,6368040,3,7
2026-07,에스토라해운주식회사,BIZ_NO미존재사업장,부산광역시,법인,39,16939100,1,7
2026-07,문경축산업협동조합,국내은행,경상북도,법인,88,43365700,1,1
2026-07,(주)교원스타트원,데이터베이스 및 온라인 정보 제공업,서울특별시,법인,238,59362660,4,8
2026-07,밴스피부과의원,일반의원,서울특별시,개인,60,17774500,4,12
2026-07,이지산업개발주식회사,콘크리트 및 철근 공사업,울산광역시,법인,32,10908340,12,13
2026-07,트레스칼코리아 주식회사/트레스칼코리아 표준교정기술원,번역 및 통역 서비스업,경기도,법인,97,38746120,1,0
2026-07,흥일기업(주),금속 절삭기계 제조업,경상남도,법인,179,64004660,0,1
2026-07,의료법인 해올의료재단 힐마루병원,요양병원,부산광역시,법인,67,20005680,5,0
2026-07,(주)국제텍,직물  편조 원단 및 의복류 염색 가공업,대구광역시,법인,44,15882980,0,3
2026-07,주식회사올릿리테일,전자상거래 소매업,서울특별시,법인,69,21240780,7,7
2026-07,주식회사 퍼스트인,그 외 기타 분류 안된 사업 지원 서비스업(기타임가공,대구광역시,법인,319,74867780,39,38
2026-07,서울아산병원,요양병원,서울특별시,법인,9244,5144747740,117,61
2026-07,동천,모자 제조업,서울특별시,법인,53,13034600,0,0
2026-07,경북안동지역자활센터,곡물 및 유지작물 도매업,경상북도,법인,79,13738280,1,4
2026-07,(주)트리니티항공,항공 여객 운송업,대구광역시,법인,3096,1293011380,159,36
2026-07,한일산업(주),레미콘 제조업,서울특별시,법인,195,80531660,1,2
2026-07,(주)베러스쿱크리머리,낙농품 및 동ㆍ식물성 유지 도매업,서울특별시,법인,220,56057520,56,27
2026-07,(주)플라벡스,플라스틱 합성피혁 제조업,충청북도,법인,31,11220880,0,0
2026-07,주식회사 명일,냉장 및 냉동 창고업,경기도,법인,1121,500495000,24,14
2026-07,거성소방주식회사-한화오션,시설물 유지관리 공사업,경상남도,법인,97,31601640,3,2
2026-07,주식회사 씨앤비플러스,BIZ_NO미존재사업장,서울특별시,법인,30,10512940,1,0
2026-07,비에이티 주식회사,컴퓨터 프로그래밍 서비스업,서울특별시,법인,223,71595700,6,11
2026-07,한국수자원공사,태양력 발전업,대전광역시,법인,7457,3581159580,260,207
2026-07,디비씨앤에스자동차손해사정(주),BIZ_NO미존재사업장,서울특별시,법인,745,276284900,2,5
2026-07,주식회사펫포레스트,애완 동물 장묘 및 보호 서비스업,경기도,법인,41,11253060,5,3
2026-07,(주)대한과학,의료 기기 도매업,강원특별자치도,법인,106,40365740,0,0
2026-07,덕원중학교,BIZ_NO미존재사업장,서울특별시,법인,30,11531780,0,0
2026-07,（주）안국루브텍,해당없음,서울특별시,법인,31,13926480,0,0
2026-07,주식회사 포에이스,그 외 기타 1차 철강 제조업,전남광주통합특별시,법인,146,77731200,0,8
2026-07,에스케이하이닉스새마을금고,신용조합,경기도,법인,38,23007200,0,0
2026-07,(주)화인알텍,기타 반도체 소자 제조업,경상북도,법인,199,73902240,0,13
2026-07,(주)에스디이엔지,기타 엔지니어링 서비스업,경기도,법인,31,14045140,0,0
2026-07,광주오케이OK정형외과의원,일반의원,전남광주통합특별시,개인,61,22641220,1,0
2026-07,익산시노인종합복지관(노인맞춤돌봄사업),해당없음,전북특별자치도,법인,48,6132340,0,0
2026-07,유한회사스태츠칩팩코리아,기타 반도체 소자 제조업,인천광역시,법인,3598,1619935440,126,70
2026-07,주식회사 경동산업 경주공장,자동차 차체용 신품 부품 제조업,경상북도,법인,34,9820120,4,4
2026-07,주식회사건명기업,강선 건조업,울산광역시,법인,93,28412300,16,4
2026-07,오븐게임즈 주식회사,응용 소프트웨어 개발 및 공급업,서울특별시,법인,116,57986380,0,0
2026-07,한국환경기계분석연구원 (주),물질 성분 검사 및 분석업,경상남도,법인,58,17501640,0,1
2026-07,루브리졸코리아 주식회사,석탄화학계 화합물 및 기타 기초 유기화학 물질제조업,서울특별시,법인,38,22393620,0,0
2026-07,주식회사 엔씨,응용 소프트웨어 개발 및 공급업,경기도,법인,3439,1996358020,56,34
2026-07,주식회사 제이앤티지,BIZ_NO미존재사업장,경기도,법인,127,49106260,7,5
2026-07,주식회사 무경/일용/울산 라엘에스 기계/소화설비공사,배관 및 냉ㆍ난방 공사업,울산광역시,법인,45,20102320,18,0
2026-07,금풍건설이엔씨주식회사-(일용)신한울배수로(신한울3 4호기 설비공사 중 배수로 배수조 및 GIB/CV터널 축조,유리 및 창호 공사업,경상북도,법인,61,30325340,0,0
2026-07,(주)로담신한옥,목재 도구 및 주방용 나무제품 제조업,충청북도,법인,31,8853000,3,0
2026-07,(주)원앤씨,치약  비누 및 기타 세제 제조업,충청북도,법인,189,53093080,1,20
2026-07,（주） 지티일렉콘/일용/화성동탄 2 A78블록 민간참여 공공주택사업 중 전기 통신 소방공사,일반 전기 공사업,경기도,법인,35,16172000,8,0
2026-07,모아코리아주식회사,그 외 자동차용 신품 부품 제조업,경기도,법인,75,21699100,10,2
2026-07,삼성척재활의학과의원,일반의원,서울특별시,개인,30,10808680,1,1
2026-07,충북대학교,비주거용 건물 임대업(점포  자기땅),충청북도,법인,146,40110980,6,9
2026-07,구우정보기술(주),응용 소프트웨어 개발 및 공급업,서울특별시,법인,32,11091120,0,0
2026-07,(주)노원문고,서적  신문 및 잡지류 소매업,서울특별시,법인,78,13425160,11,6
2026-07,엘엔피주식회사,그 외 기타 분류 안된 사업 지원 서비스업(기타임가공,경기도,법인,58,15713920,0,0
2026-07,한전케이디엔(주),배관 및 냉ㆍ난방 공사업,전남광주통합특별시,법인,3783,1743038120,276,141
2026-07,이레토탈서비스주식회사,전자상거래 소매업,대전광역시,법인,67,19012540,12,6
2026-07,생명보험협회(사),BIZ_NO미존재사업장,서울특별시,법인,136,79525520,1,0
2026-07,두원이엔지 주식회사/일용/평택캠퍼스 개보수 공사 중 일반전기공사 1공구,기타 엔지니어링 서비스업,경기도,법인,148,63545580,7,0
2026-07,주안초등학교 (직장),비주거용 건물 임대업(점포  자기땅),인천광역시,법인,37,10772340,0,0
2026-07,(주)드림솔,기타 반도체 소자 제조업,경기도,법인,172,63610120,6,4
2026-07,주식회사 동아엠텍,BIZ_NO미존재사업장,서울특별시,법인,164,67268200,2,2
2026-07,(주)신흥정밀 서울사무소,기타 반도체 소자 제조업,서울특별시,법인,33,14084360,2,0
2026-07,(주)엘지생활건강,화장품 제조업,서울특별시,법인,3948,2266326960,12,19
2026-07,（재）예수의꽃동네유지재단,BIZ_NO미존재사업장,충청북도,법인,35,5558340,0,0
2026-07,(주)대경이앤씨,배관 및 냉ㆍ난방 공사업,경상북도,법인,31,12704940,5,4
2026-07,주식회사 빅바이트컴퍼니,섬유  의복  신발 및 가죽제품 중개업 / 목재 및 건축,경기도,법인,833,175792520,104,103
2026-07,회천농업협동조합,기타 금융 투자업,경기도,법인,110,54630220,2,0
2026-07,(주)브레인센터,고용 알선업,경기도,법인,38,8032800,6,1
2026-07,일신해운(주)창원지점,일반 화물 자동차 운송업,경상남도,법인,61,22627960,2,1
2026-07,백제상운 주식회사,시내버스 운송업 / 시외버스 운송업,인천광역시,법인,32,5503600,2,0
2026-07,(주)소노인터내셔널춘천지점삼악산호수케이블카,기타 음ㆍ식료품 위주 종합 소매업,강원특별자치도,법인,39,11519780,3,1
2026-07,주식회사 파주현대상용서비스,그 외 기타 개인 및 가정용품 수리업,경기도,법인,33,9183940,4,1
2026-07,에스케이실트론주식회사,기타 반도체 소자 제조업,경상북도,법인,3480,2044754700,33,26
2026-07,주식회사 하이어코퍼레이션,의료 기기 도매업,대구광역시,법인,36,15959360,2,0
2026-07,치휴한방병원,한방병원,서울특별시,개인,37,11944260,5,4
2026-07,주식회사디자인여백플러스,스크린 인쇄업,서울특별시,법인,30,11393960,0,0
2026-07,(주)GFC Korea,BIZ_NO미존재사업장,부산광역시,법인,30,13269480,0,7
2026-07,(주)경수제철건설/일용/대구롯데쇼핑타운개발계획 신축공사 중 지상층 철골공사,육상 금속 골조 구조재 제조업,대구광역시,법인,31,16338800,7,0
2026-07,주식회사 카츠쇼신,미디어콘텐츠창작업,경기도,법인,35,8940800,2,2
2026-07,주식회사 케이디헬스케어,상품 종합 도매업,서울특별시,법인,64,19365860,0,5
2026-07,부석농업협동조합,육류 도축업(가금류 제외) / 가금류 도축업,충청남도,법인,88,34043580,18,1
2026-07,회계법인창천,공인회계사업,서울특별시,법인,54,22203620,1,1
2026-07,(주)제일테크노스/일용/용인 Cluster 1기 구축공사 중 Deck plate공사_1공구,금속 문  창  셔터 및 관련제품 제조업,경기도,법인,34,14737220,3,0
2026-07,（주）제이원라인,그 외 기타 분류 안된 사업 지원 서비스업(기타임가공,인천광역시,법인,37,16099320,0,0
2026-07,주식회사윈테크,기타 반도체 소자 제조업,경상남도,법인,106,34463460,3,1
2026-07,(주)아이에스피,물질 검사  측정 및 분석 기구 제조업,전북특별자치도,법인,48,22785600,2,4
2026-07,(주)청해진건설-(일용)JB금융그룹 신사옥 개발사업 중 골조공사,유리 및 창호 공사업,서울특별시,법인,89,42213540,9,0
2026-07,이화여자대학교,비주거용 건물 임대업(점포  타인땅),서울특별시,법인,1488,247347060,28,25
2026-07,국제강재(주),기타 섬유  의복 및 가죽 가공기계 제조업,서울특별시,법인,50,22887540,0,2
2026-07,대구선명학교,해당없음,대구광역시,법인,68,20787180,0,0
2026-07,(주)그린씨앤씨텍,기타 반도체 소자 제조업,경기도,법인,32,9541040,0,0
2026-07,한국머스크(주),통관 대리 및 관련서비스업 / 화물 운송 중개  대리,서울특별시,법인,172,94596020,2,1
2026-07,티디이엔텍주식회사/일용/(단가)보온공사,주철관 제조업,울산광역시,법인,125,52892460,58,7
2026-07,외식명가 삼산정,한식 일반 음식점업,울산광역시,법인,40,12322920,4,4
2026-07,한국도로공사,그 외 기타 분류 안된 운송관련 서비스업,경상북도,법인,8728,4351412220,198,78
2026-07,(주)오주건설(일용)행정중심복합도시5-1L1BL아파트건설공사21공구중철근콘크리트공사,콘크리트 및 철근 공사업,세종특별자치시,법인,62,32409360,6,0
2026-07,대주중공업(주)/일용/용인cluster1기 구축공사 중 철골공사-6,육상 금속 골조 구조재 제조업,경기도,법인,67,41306900,12,1
2026-07,유한회사 현성이엔지,선박 구성 부분품 제조업,경상남도,법인,37,8871800,3,1
2026-07,주식회사 에이치비에스라이프,침구 및 관련제품 제조업,서울특별시,법인,31,9381260,3,1
2026-07,피엔에스주식회사（P&SCO．，LTD）,천연 및 혼합 조제 조미료 제조업,경기도,법인,93,28017320,1,2
2026-07,비테스코테크놀로지스코리아 유한책임회사,산업 처리공정 제어장비 제조업,경기도,법인,979,529725180,5,6
2026-07,울산양육원,BIZ_NO미존재사업장,울산광역시,법인,80,28495180,1,0
2026-07,(주)에스피엔이,BIZ_NO미존재사업장,서울특별시,법인,68,20544900,2,7
2026-07,（주）디에이치마린,BIZ_NO미존재사업장,울산광역시,법인,143,46557400,1,2
2026-07,주식회사크리에이티브애드창,광고 대행업,서울특별시,법인,48,12746240,0,15
2026-07,서울시자살예방센터,BIZ_NO미존재사업장,서울특별시,법인,56,18166600,2,1
2026-07,(주)포스코인터내셔널,상품 종합 도매업,서울특별시,법인,1897,1166739940,4,5
2026-07,(주)두잉피플플러스,비주거용 부동산 관리업,경기도,법인,1557,386287480,52,215
2026-07,주식회사사조대림인천공장,식물성 유지 제조업,인천광역시,법인,57,29054720,0,0
2026-07,금한산업,수산동물 건조 및 염장품 제조업,강원특별자치도,개인,48,14149140,0,0
2026-07,동행동물의료센터,수의업,부산광역시,개인,32,9388320,5,4
2026-07,참다운요양병원,요양병원,서울특별시,개인,57,18235860,7,6
2026-07,사단법인 은지,BIZ_NO미존재사업장,서울특별시,법인,124,21525080,3,12
2026-07,금호타이어(주)곡성공장,타이어 및 튜브 제조업,전남광주통합특별시,법인,2039,1176670680,32,28
2026-07,대교(주),기타 인쇄물 출판업,서울특별시,법인,2328,826841820,33,21
2026-07,두산에이치투이노베이션주식회사,기타 공학 연구개발업,서울특별시,법인,43,24336240,0,0
2026-07,(주)오리엔탈정밀기계,선박 구성 부분품 제조업,부산광역시,법인,35,16917620,0,0
2026-07,주식회사 유원지리정보시스템,측량업,경기도,법인,94,33139460,6,1
2026-07,춘천북부노인복지관,BIZ_NO미존재사업장,강원특별자치도,법인,80,15010820,0,1
2026-07,충남지체장애인협회계룡시지회(환경나라-활동보조),건축물 일반 청소업,충청남도,법인,74,11775120,8,7
2026-07,(주)모아,화학섬유직물 직조업,경상북도,법인,88,32206800,1,1
2026-07,과천청사청초롬어린이집,BIZ_NO미존재사업장,경기도,개인,52,12514500,0,0
2026-07,인천국제공항보안 주식회사,사업시설 유지ㆍ관리 서비스업,인천광역시,법인,3797,1456681200,43,59
2026-07,(주)교원투어,여행사업,서울특별시,법인,86,27983960,1,3
2026-07,강보건영(주)인천지점/일용/검단신도시101역세권공모사업(C9-1 C9-2)중 철근콘크리트공사(C9-2BL)(재승계),콘크리트 및 철근 공사업,인천광역시,법인,133,61906400,0,24
2026-07,삼성생명보험(주),생명보험업,서울특별시,법인,5173,3166573820,17,36
2026-07,（주）용진,선철 주물 주조업,경상북도,법인,66,24089240,0,1
2026-07,더한옥헤리티지 주식회사,비주거용 건물 개발 및 공급업,서울특별시,법인,47,21636780,3,9
2026-07,케이씨씨모빌리티(주),자동차 신품 판매업,서울특별시,법인,184,67013880,30,3
2026-07,（주)풍산,알루미늄 압연  압출 및 연신제품 제조업,경기도,법인,240,145941720,1,3
2026-07,희망찬병원,요양병원,경기도,개인,83,27969580,1,6
2026-07,롯데쇼핑(주)롯데슈퍼사업본부,슈퍼마켓,서울특별시,법인,3039,839057740,93,83
2026-07,한화시스템(주) ICT부문,기타 측정  시험  항해  제어 및 정밀 기기 제조업,서울특별시,법인,1605,947465240,6,11
2026-07,주식회사멜리언스,전자상거래 소매업,서울특별시,법인,31,11842120,0,6
2026-07,(주)비큐에이아이,응용 소프트웨어 개발 및 공급업,서울특별시,법인,78,31005600,12,7
2026-07,(주)퍼플랩스헬스케어,전자상거래 소매업,서울특별시,법인,35,11453880,4,3
2026-07,주식회사연안항만엔지니어링,기타 엔지니어링 서비스업,부산광역시,법인,142,70105300,1,2
2026-07,포스맥 주식회사,강선 건조업,경상남도,법인,70,25648040,1,1
2026-07,(주)하나금융지주,기타 금융 투자업,서울특별시,법인,132,82056740,0,9
2026-07,씨티재활의학과요양병원,요양병원,전남광주통합특별시,개인,109,26101000,7,0
2026-07,(주)아이비케이캐피탈,국내은행,서울특별시,법인,268,162404000,0,1
2026-07,세현(주),합성수지 및 기타 플라스틱 물질 제조업,경상남도,법인,36,12594740,2,2
2026-07,씨제이제일제당（주）,설탕 제조업,서울특별시,법인,7935,4157817900,77,137
2026-07,(주)삼양패키징 대전1공장,포장용 플라스틱 성형용기 제조업,대전광역시,법인,107,63785940,0,1
2026-07,펑타이그레이터차이나 유한회사 (영업소),광고 대행업,서울특별시,법인,1138,448913680,69,35
2026-07,부산광역정신건강복지센터,BIZ_NO미존재사업장,부산광역시,법인,39,12958240,2,0
2026-07,재단법인 부산과학기술고등교육진흥원,BIZ_NO미존재사업장,부산광역시,법인,64,28984160,0,1
2026-07,김정문알로에(주),건강 보조용 액화식품 제조업,서울특별시,법인,71,24181260,1,6
2026-07,주식회사이새FnC,그 외 기타 고무제품 제조업,서울특별시,법인,83,30300260,1,5
2026-07,(주)국보종합관리,건축물 일반 청소업,서울특별시,법인,55,13182200,7,6
2026-07,주식회사 홈플러스익스프레스,슈퍼마켓,경기도,법인,2209,566406960,2209,43
2026-07,삼성요양원  삼성재활주간보호,BIZ_NO미존재사업장,경상북도,개인,30,5939540,0,0
2026-07,(주)아워홈,기관 구내식당업,서울특별시,법인,6999,2448126820,221,211
2026-07,주식회사 엣지랭크,광고 대행업,서울특별시,법인,76,23854580,9,4
2026-07,주식회사아이앤지환경,지정 외 폐기물 수집  운반업,서울특별시,법인,30,13879960,0,0
2026-07,(주)셜대학원범어1지점,일반 교과학원,대구광역시,법인,32,9494720,1,12
2026-07,(주)에어키,상품 종합 도매업,서울특별시,법인,77,36945060,2,2
2026-07,씨제이리테일원 주식회사,그 외 기타 분류 안된 전문  과학 및 기술 서비스업,서울특별시,법인,1471,485509320,10,21
2026-07,(주)세진엘리베이터,배관 및 냉ㆍ난방 공사업,경기도,법인,39,15975460,0,5
2026-07,SK온(주) 엔무브,축전지 제조업,서울특별시,법인,344,211038720,1,4
2026-07,에스케이에코플랜트(주),기타 토목 시설물 건설업,서울특별시,법인,3842,2160729120,122,42
2026-07,카리스요양병원,요양병원,경기도,개인,40,11881600,4,5
2026-07,씨제이올리브영주식회사,화장품 및 화장용품 도매업,서울특별시,법인,5658,2541631140,90,74
2026-07,주식회사돌캐,임시 및 일용 인력 공급업,인천광역시,법인,30,6847800,4,3
2026-07,（주）대양건설/일용/학익3구역주택재개발정비사업중 가설및철근콘크리트공사(1공구),콘크리트 및 철근 공사업,인천광역시,법인,62,23838640,0,16
2026-07,（주）대양건설/일용/성남산성구역주택재개발정비사업 아파트신축공사,콘크리트 및 철근 공사업,경기도,법인,42,19461880,0,7
2026-07,신길종합사회복지관,BIZ_NO미존재사업장,서울특별시,법인,49,11643320,0,1
2026-07,인천택시(주),택시 운송업,인천광역시,법인,34,6747440,2,2
2026-07,(주)대경기술단,기타 엔지니어링 서비스업,경기도,법인,36,11967340,1,0
2026-07,주식회사선인기술,반도체 제조용 기계 제조업,경기도,법인,31,9899680,0,2
2026-07,성남시내버스주식회사,해당없음,경기도,법인,634,287002560,10,7
2026-07,(주)명가종합관리,건축물 일반 청소업,부산광역시,법인,41,8786180,5,5
2026-07,주식회사엠제이피플(MJpeople),데이터베이스 및 온라인 정보 제공업,서울특별시,법인,68,16149180,11,6
2026-07,한국전자기술연구원,BIZ_NO미존재사업장,경기도,법인,1493,637069580,38,30
2026-07,호랑이안과,일반의원,서울특별시,개인,30,7730360,1,1
2026-07,현대자동차(주),화물 자동차 및 특수 목적용 자동차 제조업,서울특별시,법인,66240,40313994360,657,692
2026-07,(주)장보고식자재마트(성서점),슈퍼마켓,대구광역시,법인,33,9370120,1,0
2026-07,주식회사팜크로스,건강 보조용 액화식품 제조업,강원특별자치도,법인,79,24689180,0,4
2026-07,동성항운(주),통관 대리 및 관련서비스업 / 화물 운송 중개  대리,서울특별시,법인,65,22284560,0,1
2026-07,써지탑병원,일반의원,대전광역시,개인,53,16529580,1,2
2026-07,용인나로한방병원,한방병원,경기도,개인,42,12868320,6,6
2026-07,(주) 지엠코리아,합성수지 및 기타 플라스틱 물질 제조업,충청북도,법인,48,16505240,2,0
2026-07,（주）레보메드,상품 종합 도매업,경기도,법인,51,18340300,0,3
2026-07,(주)위온(WEEON),전기용 기계ㆍ장비 및 관련 기자재 도매업,강원특별자치도,법인,33,10135160,0,6
2026-07,유한회사 씨네드림,영화관 운영업,전남광주통합특별시,법인,35,3279340,6,5
2026-07,색동어린이집,BIZ_NO미존재사업장,경상북도,법인,36,7447860,3,0
2026-07,주식회사명경로직스,기타 곡물 가공품 제조업,경기도,법인,127,42773800,0,2
2026-07,만도브로제 주식회사,내연기관 제조업,인천광역시,법인,262,131191340,6,2
2026-07,두원이에프씨(주)/일용/울산 AIDC A동 신축공사 중 전기공사,일반 전기 공사업,울산광역시,법인,69,33704800,39,0
2026-07,대신통신기술(주),미장  타일 및 방수 공사업,서울특별시,법인,103,36206540,1,1
2026-07,기아(주) 영업본부,화물 자동차 및 특수 목적용 자동차 제조업,서울특별시,법인,1849,1157547960,2,20
2026-07,순복음인천교회,해당없음,인천광역시,법인,33,7853720,0,0
2026-07,(의)미나의료재단   여수문화병원,요양병원,전남광주통합특별시,법인,49,15965060,1,2
2026-07,（주）성일에스아이엠,그 외 기타 1차 철강 제조업,부산광역시,법인,174,78295180,4,3
2026-07,국군수도병원,비주거용 건물 임대업(점포  자기땅),경기도,법인,69,18072320,0,0
2026-07,한국넥슬렌유한회사,합성수지 및 기타 플라스틱 물질 제조업,울산광역시,법인,33,18016260,1,1
2026-07,한국에코산업주식회사,금속류 원료 재생업,경기도,법인,37,14714600,5,5
2026-07,건우전장(주),그 외 자동차용 신품 부품 제조업,충청남도,법인,34,10364300,0,1
2026-07,하이에어코리아의장(주),기타 엔지니어링 서비스업,경상남도,법인,62,22311760,0,0
2026-07,삼성에스디에스(주),응용 소프트웨어 개발 및 공급업,서울특별시,법인,11177,6921062260,27,60
2026-07,(주)세창,BIZ_NO미존재사업장,경상남도,법인,37,15426700,0,0
2026-07,(주)디앤테크,금속 절삭기계 제조업,경상남도,법인,162,62630060,13,2
2026-07,마크성형외과의원,일반의원,서울특별시,개인,43,15359400,6,6
2026-07,제이테크놀로지주식회사,BIZ_NO미존재사업장,경기도,법인,30,6313680,0,0
2026-07,타타대우모빌리티주식회사,화물 자동차 및 특수 목적용 자동차 제조업,전북특별자치도,법인,1271,745098300,9,11
2026-07,통영시가족센터(아이돌보미),BIZ_NO미존재사업장,경상남도,법인,80,19596460,0,1
2026-07,브로드컴코리아리서치유한회사,상품 종합 도매업,서울특별시,법인,37,23163480,0,0
2026-07,(주)매직시스템,건축 설계 및 관련 서비스업(건축사),울산광역시,법인,34,12973020,1,0
2026-07,월급쟁이부자들(주),기타 기술 및 직업 훈련학원,서울특별시,법인,70,30593260,2,7
2026-07,비비앙홀딩스,화장품 및 화장용품 도매업,경기도,법인,48,11619060,2,4
2026-07,대구동부고등학교,해당없음,대구광역시,법인,55,20942700,0,1
2026-07,주식회사 엘엑스하우시스,설치용 및 위생용 플라스틱제품 제조업,서울특별시,법인,2676,1603631660,3,14
2026-07,풍기산업（주）광주공장,그 외 자동차용 신품 부품 제조업,전남광주통합특별시,법인,124,58701620,1,0
2026-07,금양그린파워(주)/일용/[이천캠퍼스]26년 하반기 P&T5  TSV 영수선 전기공사,기타 토목 시설물 건설업,경기도,법인,30,11229080,30,0
2026-07,제주특별자치도체육회,BIZ_NO미존재사업장,제주특별자치도,법인,139,53254420,0,0
2026-07,(주)블루비즈랩,응용 소프트웨어 개발 및 공급업,서울특별시,법인,51,21242180,3,0
2026-07,(주)대한볼트,금속선 가공제품 제조업,경상북도,법인,34,12260680,0,1
2026-07,유한회사지티티코리아리미티드,그 외 기타 분류 안된 사업 지원 서비스업,서울특별시,법인,61,38188440,0,0
2026-07,(주)시스윈로보틱스,컴퓨터 제조업,경기도,법인,64,28660780,2,4
2026-07,다올이앤씨주식회사/일용/국도 77호선신안압해-해남화원도로건설공사(2공구)중전문교량(사장교),유리 및 창호 공사업,전남광주통합특별시,법인,64,24381820,2,0
2026-07,한국국토정보공사 광주전남지역본부,측량업,전남광주통합특별시,법인,368,203063680,2,7
2026-07,(재단)건설기술교육원,레크리에이션 교육기관,인천광역시,법인,100,44120460,11,4
2026-07,(주)호반호텔앤리조트-제천지점,호텔업,충청북도,법인,154,55066820,2,11
2026-07,주식회사이에이치오(맛찬들왕소금구이해운대),한식 일반 음식점업,부산광역시,법인,38,7503320,6,6
2026-07,(주)에이원에스앤씨,BIZ_NO미존재사업장,전남광주통합특별시,법인,65,19345840,16,1
2026-07,(주)옥당산업,유리 및 창호 공사업,서울특별시,법인,36,15918960,1,0
2026-07,(주)슈올즈,신발 부분품 제조업,부산광역시,법인,56,14399480,2,1
2026-07,글로텍주식회사,BIZ_NO미존재사업장,충청북도,법인,99,44134760,0,20
2026-07,주식회사엘에스제이인베스트먼트,기타 주점업,서울특별시,법인,39,13178620,2,2
2026-07,주식회사대림프라스틱,포장용 플라스틱 성형용기 제조업,경기도,법인,40,13675240,0,3
2026-07,보보스링크(주),고용 알선업,서울특별시,법인,1524,325193440,168,185
2026-07,(주)태상,금속 단조제품 제조업,부산광역시,법인,150,65840540,3,1
2026-07,주식회사유심,세무사업(기장대리) / 기타 회계 관련 서비스업,서울특별시,법인,73,30568560,0,1
2026-07,(주)오텍,화물 자동차 및 특수 목적용 자동차 제조업,충청남도,법인,78,32193460,0,1
2026-07,오비오주식회사,제조 / 기타가정용기기,경기도,법인,104,47354000,3,8
2026-07,(주)모두투어네트워크,여행사업,서울특별시,법인,573,244569760,5,4
2026-07,대상주식회사,곡물 제분업,서울특별시,법인,4727,2249376040,25,58
2026-07,아리스타네트웍스코리아유한회사,통신ㆍ방송장비 및 부품 도매업,경기도,법인,30,18771980,0,1
2026-07,제주느영나영시니어클럽,해당없음,제주특별자치도,법인,42,7792520,17,0
2026-07,송양유치원(직장),BIZ_NO미존재사업장,경기도,법인,31,9331660,0,0
2026-07,(주)웅진씽크빅,기타 인쇄물 출판업,경기도,법인,1289,445298920,27,28
2026-07,김해축산협동조합,신용조합,경상남도,법인,224,109605980,3,4
2026-07,(주)디 지 아이,사무용 기계 및 장비 제조업,경기도,법인,64,30519640,0,1
2026-07,경북과학대학교,해당없음,경상북도,법인,86,7358000,3,0
2026-07,지앤지그래스주식회사,그 외 기타 건축 마무리 공사업,대구광역시,법인,40,13886940,3,4
2026-07,한림대학교성심병원,요양병원,경기도,법인,1992,960663500,60,31
2026-07,주식회사 유알피,응용 소프트웨어 개발 및 공급업,서울특별시,법인,188,80881660,5,3
2026-07,제로치과병원,치과의원,대구광역시,개인,40,13371640,8,1
2026-07,오상자이엘(주),응용 소프트웨어 개발 및 공급업,인천광역시,법인,182,80095780,2,1
2026-07,조선내화주식회사,정형 내화 요업제품 제조업,전남광주통합특별시,법인,223,122131820,1,3
2026-07,주식회사 스윗모먼트,빵류  과자류 및 당류 소매업,대전광역시,법인,136,32612300,73,0
2026-07,도산노인복지관,BIZ_NO미존재사업장,울산광역시,법인,56,10794000,2,0
2026-07,두원산업(주）,용달 화물 자동차 운송업,전남광주통합특별시,법인,35,11568760,0,0
2026-07,주식회사 엘엑스세미콘,기타 반도체 소자 제조업,대전광역시,법인,1374,800778100,17,9
2026-07,삼성디스플레이(주),비디오 및 기타 영상 기기 제조업,경기도,법인,21223,13216938040,85,125
2026-07,서귀포시서귀포보건소,BIZ_NO미존재사업장,제주특별자치도,법인,56,14703820,8,1
2026-07,(주)세종메디칼,전기식 진단 및 요법 기기 제조업,경기도,법인,112,31711140,2,9
2026-07,주식회사 카페봄봄,커피 및 차류 도매업,대구광역시,법인,32,8431440,3,1
2026-07,광용건설합자회사/일용/상인센트럴자이(대구)중철근콘크리트공사,콘크리트 및 철근 공사업,대구광역시,법인,91,29134620,19,1
2026-07,우원개발(주)/일용/서울도시철도7호선 청라국제도시연장1공구건설공사 청라7호선1공구터널공사,토공사업,인천광역시,법인,68,27172180,1,2
2026-07,창영산업주식회사,화물 포장  검수 및 계량 서비스업,전남광주통합특별시,법인,62,25041080,0,0
2026-07,지에스건설(주),아파트 건설업,서울특별시,법인,4100,2454648680,105,34
2026-07,(주)한미상사,담배 도매업,부산광역시,법인,70,31881460,2,7
2026-07,중앙경찰학교(신임),비주거용 건물 임대업(점포  자기땅),충청북도,법인,2557,414739100,0,2
2026-07,VATKOREALTD,상품 종합 도매업,경기도,법인,43,23835940,2,2
2026-07,(주)심텍오창지점,그 외 기타 전자 부품 제조업,충청북도,법인,253,120625300,32,2
2026-07,(주)맥서브,비주거용 부동산 관리업,서울특별시,법인,6471,1683637560,240,224
2026-07,(유)유선마린텍,강선 건조업,전남광주통합특별시,법인,177,68042540,0,3
2026-07,증평군청(기간제근로자),비주거용 건물 임대업(점포  자기땅),충청북도,법인,56,11741340,14,7
2026-07,새진 한방병원,한방병원,충청북도,개인,35,9815060,1,1
2026-07,대영포장（주）대구공장,골판지 제조업,대구광역시,법인,86,43178540,0,1
2026-07,안산장애인자립생활센터,BIZ_NO미존재사업장,경기도,법인,246,35785360,7,10
2026-07,(주)경동나비엔 서울지점,BIZ_NO미존재사업장,서울특별시,법인,1114,592612260,41,11
2026-07,(주)파리크라상,빵류 제조업,경기도,법인,5269,2175827520,146,151
2026-07,주식회사디지탈테크,기타 비철금속 제련  정련 및 합금 제조업,전남광주통합특별시,법인,38,10069840,1,1
2026-07,가톨릭중앙의료원(학),기타 인문 및 사회과학 연구개발업,서울특별시,법인,1438,514297940,77,73
2026-07,고려용접봉주식회사(KISWELLTD.),볼트 및 너트류 제조업,부산광역시,법인,233,139082720,1,1
2026-07,케이유엠 유한책임회사 두서2공장,기타 반도체 소자 제조업,울산광역시,법인,69,35836860,1,0
2026-07,골든시스주식회사,응용 소프트웨어 개발 및 공급업,대구광역시,법인,50,17631000,4,0
2026-07,주식회사마켓링크,시장 조사 및 여론 조사업,서울특별시,법인,46,17364620,1,1
2026-07,대영산전(주),전동기 및 발전기 제조업,인천광역시,법인,39,14102360,0,1
2026-07,(주)와이즈스톤티,응용 소프트웨어 개발 및 공급업,서울특별시,법인,243,59484020,1,2
2026-07,한국과학기술연구원(인재개발실),기타 인문 및 사회과학 연구개발업,서울특별시,법인,1039,173502960,10,2
2026-07,중부지방국세청,BIZ_NO미존재사업장,경기도,법인,1034,219691300,804,109
2026-07,주한미군사령부서울충당,BIZ_NO미존재사업장,경기도,법인,6473,3167609120,46,25
2026-07,한국토지주택공사,주거용 건물 건설업,경상남도,법인,8165,4117194720,19,58
2026-07,유한회사 한선,선박 구성 부분품 제조업,전남광주통합특별시,법인,48,12264500,0,3
2026-07,쁨글로벌의원,일반의원,부산광역시,개인,78,29128480,8,3
2026-07,네이버 주식회사,데이터베이스 및 온라인 정보 제공업,경기도,법인,5141,3100167260,83,74
2026-07,주식회사플렉스로직,물질 검사  측정 및 분석 기구 제조업,충청북도,법인,38,15394460,3,2
2026-07,엘아이지디펜스앤에어로스페이스 (주),기타 반도체 소자 제조업,경기도,법인,3572,2153076040,11,16
2026-07,주식회사케이엘플러스,주차장 운영업,서울특별시,법인,31,6488420,3,4
2026-07,전북대학교 교무과(교육행정인턴),비주거용 건물 임대업(점포  자기땅),전북특별자치도,법인,32,6388700,1,6
2026-07,주식회사에이치케이기술,건물 및 토목 엔지니어링 서비스업,경상남도,법인,43,10941780,0,0
2026-07,KB오토시스(주),그 외 자동차용 신품 부품 제조업,충청남도,법인,190,89836380,2,3
2026-07,삼성웰스토리(주)FS,수산물 가공식품 도매업,경기도,법인,3325,950359060,106,93
2026-07,주식회사오픈노트,응용 소프트웨어 개발 및 공급업,전남광주통합특별시,법인,57,16595120,0,1
2026-07,넷마블네오 주식회사,BIZ_NO미존재사업장,서울특별시,법인,660,346751140,0,7
2026-07,주식회사케이디이엔지,기타 엔지니어링 서비스업,충청남도,법인,65,25223360,7,1
2026-07,광전자주식회사,기타 반도체 소자 제조업,전북특별자치도,법인,654,225855660,5,8
2026-07,석운노인전문요양원,BIZ_NO미존재사업장,경기도,법인,47,11256440,5,5
2026-07,주식회사 케이씨씨실리콘 전주공장,합성수지 및 기타 플라스틱 물질 제조업,전북특별자치도,법인,70,43771780,0,1
2026-07,케이에비에이션주식회사,섬유  의복  신발 및 가죽제품 중개업 / 목재 및 건축,서울특별시,법인,37,19211600,1,0
2026-07,에이에스엠엘코리아 유한회사,기타 엔지니어링 서비스업,경기도,법인,2527,1540960740,18,15
2026-07,다보정밀(주),건설 및 채광용 기계장비 제조업,인천광역시,법인,57,22353140,0,1
2026-07,삼성증권(주),그 외 기타 금융 지원 서비스업,서울특별시,법인,2606,1584236920,18,21
2026-07,사단법인국제금융센터,기타 인문 및 사회과학 연구개발업,서울특별시,법인,50,28659500,0,0
2026-07,주식회사이니바이오,기타 인문 및 사회과학 연구개발업,경기도,법인,129,47212680,0,3
2026-07,주식회사 드림테크,그 외 기타 분류 안된 사업 지원 서비스업,경상남도,법인,40,10304760,2,7
2026-07,(주)세웅서비스,경비 및 경호 서비스업,부산광역시,법인,219,55165880,13,7
2026-07,대현기건(주)/일용/스타필드청라현장 일반설비공사(1공구),미장  타일 및 방수 공사업,인천광역시,법인,51,22771580,20,1
2026-07,한화비전주식회사,기타 무선 통신장비 제조업,경기도,법인,1041,633038020,6,26
2026-07,길의료재단(의),요양병원,인천광역시,법인,3034,1356886460,15,41
2026-07,샘골농업협동조합(공공형계절근로),신탁업 및 집합 투자업,전북특별자치도,법인,50,10241000,50,5
2026-07,주식회사 온이스,그 외 자동차용 신품 부품 제조업,경기도,법인,70,35528320,0,0
2026-07,인천교통공사,그 외 기타 분류 안된 상품 전문 소매업,인천광역시,법인,2989,1331358360,90,76
2026-07,일우건업(주)-(일용)힐스테이트 도안리버파크 2단지(4BL)철근콘크리트공사 2공구,유리 및 창호 공사업,대전광역시,법인,36,14239380,4,0
2026-07,동부건설(주),기타 토목 시설물 건설업,서울특별시,법인,943,540555220,37,6
2026-07,준제이엔씨(주)/일용/힐스테이트 용인마크밸리 공조설비공사,건물용 기계ㆍ장비 설치 공사업,경기도,법인,44,20695640,2,0
2026-07,더존테크,절삭 가공 및 유사 처리업,경상북도,개인,31,10977880,1,30
2026-07,강남케이피아이(주) 시화공장,포장용 플라스틱 성형용기 제조업,경기도,법인,47,19991720,1,1
2026-07,(주)우리앤드세은기술,기타 엔지니어링 서비스업,서울특별시,법인,51,23052060,1,0
2026-07,주식회사 비케이알,치킨 전문점,서울특별시,법인,1041,394340200,14,35
2026-07,(주)큐로에프엔비,상품 종합 도매업,서울특별시,법인,34,8405700,0,0
2026-07,고촌고등학교,BIZ_NO미존재사업장,경기도,법인,30,9369000,0,0
2026-07,(주)명신,그 외 자동차용 신품 부품 제조업,경상북도,법인,39,13376640,0,1
2026-07,강동성심병원(총무과),요양병원,서울특별시,법인,1299,640293300,18,17
2026-07,(주)뉴인텍,자동차용 신품 전기장치 제조업,전북특별자치도,법인,104,40188340,9,6
2026-07,율요양원,BIZ_NO미존재사업장,대전광역시,개인,42,9159700,2,8
2026-07,국립임실호국원,비주거용 건물 임대업(점포  자기땅),전북특별자치도,법인,34,9584180,0,0
2026-07,서울강빛초등학교,BIZ_NO미존재사업장,서울특별시,법인,42,11903580,1,0
2026-07,울산광역시립노인병원,BIZ_NO미존재사업장,울산광역시,법인,49,13545620,3,0
2026-07,써브라임주식회사,연예보조서비스,서울특별시,법인,30,11357660,3,1
2026-07,재단법인안산문화재단,비주거용 건물 임대업(점포  자기땅),경기도,법인,120,37648180,3,3
2026-07,한국알프스물류(주)오산영업소,상품 종합 도매업,경기도,법인,42,12883120,1,1
2026-07,사랑요양병원,요양병원,경기도,개인,42,12245900,6,3
2026-07,（주）세진프리시젼,기타 반도체 소자 제조업,경기도,법인,34,14334740,1,0
2026-07,성진영농조합법인,채소류  서류 및 향신작물류 도매업,경상북도,법인,54,19312600,0,6
2026-07,(주)메타텍,기타 물품 취급장비 제조업,충청남도,법인,32,15827780,1,1
2026-07,(주)루켄테크놀러지스,산업용 로봇 제조업,경기도,법인,90,32055800,3,2
2026-07,(사)한국산업기술보호협회,그 외 기타 분류 안된 전문  과학 및 기술 서비스업,서울특별시,법인,32,12139840,0,0
2026-07,주식회사 엘오에이,전자상거래 소매업,서울특별시,법인,59,13943240,1,8
2026-07,주식회사에스비시큐리티,경비 및 경호 서비스업,부산광역시,법인,45,12033820,0,2
2026-07,사단법인 한국교과서협회,매니저업,경기도,법인,38,16294500,0,0
2026-07,현대하이카손해사정(주),보험 대리 및 중개업,서울특별시,법인,1131,582709520,4,5
2026-07,서울에너지공사,증기  냉ㆍ온수 및 공기 조절 공급업,서울특별시,법인,269,148448920,18,11
2026-07,(주)세강,그 외 자동차용 신품 부품 제조업,부산광역시,법인,109,35301840,15,2
2026-07,주식회사라이어트,남녀용 겉옷 및 셔츠 도매업,서울특별시,법인,36,10380920,3,3
2026-07,한맥중공업(주)/일용/평택전자P4대기방지신축공사 중 철골및금속공사[PH4 FAB북 복합동]+[PH2 FAB남 동],금속 문  창  셔터 및 관련제품 제조업,경기도,법인,133,40664440,16,0
2026-07,(주)다한/일용/2026년도 년간 내화물 보수물량 일괄도급 계약 (다한),방음  방진 및 내화 공사업,강원특별자치도,법인,30,9990000,24,1
2026-07,강림중공업（주）,산업용 난방보일러 및 방열기 제조업,경상남도,법인,348,147648880,5,14
2026-07,주식회사 지아이웍스 구로지점,포장용 플라스틱 성형용기 제조업,서울특별시,법인,56,14726180,4,5
2026-07,롯데쇼핑(주)롯데마트사업본부,백화점,서울특별시,법인,9524,3152916240,213,184
2026-07,화성,포장용 플라스틱 성형용기 제조업,인천광역시,개인,32,11100840,0,0
2026-07,주식회사서플라이스(SUPPLIES),전자상거래 소매업,서울특별시,법인,533,105249840,69,71
2026-07,아르고마린토탈(주),번역 및 통역 서비스업,전남광주통합특별시,법인,58,23244000,0,2
2026-07,(주)신유건설/일용/남원주역세권 A-2블럭 중흥S-클래스 공동주택 신축공사 중 골조공사,콘크리트 및 철근 공사업,강원특별자치도,법인,39,17232780,1,7
2026-07,(주)에너지테크솔루션,축전지 제조업,서울특별시,법인,56,22550620,0,1
2026-07,주식회사 에이팩스,배전반 및 전기 자동제어반 제조업,충청북도,법인,82,20305160,3,5
2026-07,주식회사서호이앤씨,배관 및 냉ㆍ난방 공사업,충청남도,법인,106,31078280,1,1
2026-07,주식회사리포나,유선 통신장비 제조업,경기도,법인,45,10072740,0,0
2026-07,서울대학교생활협동조합,비알코올 음료 도매업,서울특별시,법인,150,48273180,4,3
2026-07,롯데관광개발(주),전세버스 운송업,제주특별자치도,법인,762,246571120,34,28
2026-07,(주)인투웍스,응용 소프트웨어 개발 및 공급업,서울특별시,법인,35,9992280,4,4
2026-07,주식회사블루원,BIZ_NO미존재사업장,경기도,법인,112,45173100,1,1
2026-07,(주)켐트로스 진천공장,접착제 및 젤라틴 제조업,충청북도,법인,47,20252300,11,1
2026-07,에쓰-오일(주),원유 정제처리업,서울특별시,법인,3543,2133425300,14,28
2026-07,청운대학교,비주거용 건물 임대업(점포  자기땅),충청남도,법인,220,29801480,0,5
2026-07,(주)큐로홀딩스,기타 반도체 소자 제조업,서울특별시,법인,43,13861700,1,0
2026-07,제로니모커피하우스,커피 전문점,경기도,개인,33,7681700,4,4
2026-07,청림중학교(직장),BIZ_NO미존재사업장,경기도,법인,38,14223840,0,0
2026-07,동암고등학교,해당없음,전북특별자치도,법인,38,14967020,0,0
2026-07,삼성카드고객서비스주식회사,BIZ_NO미존재사업장,서울특별시,법인,1038,480006540,7,9
2026-07,회룡건설(주)/일용/분당 무지개마을 4단지 아파트 리모델링 사업(시공) 실내건축공사,도배  실내 장식 및 내장 목공사업,경기도,법인,43,17060220,8,0
2026-07,애덕의집,BIZ_NO미존재사업장,경기도,법인,41,14543300,0,1
2026-07,(주)오즈프렌즈,그 외 기타 분류 안된 사업 지원 서비스업,서울특별시,법인,69,17113160,6,10
2026-07,다온테크,기타 소사장제,경상남도,개인,33,7522460,16,17
2026-07,고창군종합사회복지관-(재가복지),BIZ_NO미존재사업장,전북특별자치도,법인,31,4006160,0,2
2026-07,（주）낙원티엔에이,그 외 자동차용 신품 부품 제조업,경상남도,법인,38,12587100,0,2
2026-07,구로구가족센터,BIZ_NO미존재사업장,서울특별시,법인,38,10688260,0,0
2026-07,(주)엘지유플러스,무선 및 위성 통신업,서울특별시,법인,9334,5571907580,76,63
2026-07,전라남도나주교육지원청(교육공무직원),비주거용 건물 임대업(점포  타인땅),전남광주통합특별시,법인,399,106748180,2,4
2026-07,（주）미래종합건설/일용/현대건설 S-OIL 샤힌 에틸렌시설 토목공사(U&O-2),미장  타일 및 방수 공사업,울산광역시,법인,297,132501580,77,2
2026-07,주식회사에프피앤코(FP&Co.),기타 목재 가구 제조업,서울특별시,법인,93,26220560,4,5
2026-07,주식회사아이코디,일반용 전기 조명장치 제조업,전남광주통합특별시,법인,122,35470100,3,4
2026-07,신안과의원,일반의원,대전광역시,개인,48,12421500,6,5
2026-07,세원화성주식회사,합성수지 및 기타 플라스틱 물질 제조업,대전광역시,법인,95,49326380,0,0
2026-07,(주)엠오토텍,전기용 기계ㆍ장비 및 관련 기자재 도매업,경기도,법인,138,35900560,0,8
2026-07,세정고등학교,해당없음,부산광역시,법인,35,14714400,0,0
2026-07,(주)우리아이티,BIZ_NO미존재사업장,부산광역시,법인,70,24652600,7,1
2026-07,선우환경관리주식회사,건축물 일반 청소업,서울특별시,법인,51,10151600,9,8
2026-07,코웨이(주),제조 / 기타가정용기기,충청남도,법인,5810,2767206000,46,34
2026-07,(주)신일텍스,화학섬유직물 직조업,경상북도,법인,32,11028560,0,0
2026-07,고양센트럴요양병원,요양병원,경기도,개인,84,23591300,2,5
2026-07,(주)삼화양행구미2공장,기타 반도체 소자 제조업,경상북도,법인,44,12584540,9,3
2026-07,(주)마크애니,응용 소프트웨어 개발 및 공급업,서울특별시,법인,179,79543360,5,3
2026-07,(주)백양실업,화학섬유직물 직조업,전남광주통합특별시,법인,31,7227780,3,1
2026-07,한국도로교통공단 울산광역시 경상남도지부,그 외 기타 분류 안된 전문  과학 및 기술 서비스업,경상남도,법인,77,30297640,4,2
2026-07,천일계전(주),전기용 기계ㆍ장비 및 관련 기자재 도매업,부산광역시,법인,44,13428940,3,3
2026-07,(주)성호라인,공영 우편업,서울특별시,법인,33,8964580,0,0
2026-07,수원시의회,BIZ_NO미존재사업장,경기도,법인,32,10261640,23,0
2026-07,세웅수산(주),수산동물 건조 및 염장품 제조업,경상북도,법인,50,13656360,1,4
2026-07,한국항만물류협회울산,BIZ_NO미존재사업장,서울특별시,법인,706,441817040,4,1
2026-07,전라북도장수교육지원청(회계직원),BIZ_NO미존재사업장,전북특별자치도,법인,60,15228680,1,0
2026-07,주식회사한은이엔씨/일용/인천검단AA13-2블록 공공주택사업(인천)중 설비공사,배관 및 냉ㆍ난방 공사업,인천광역시,법인,45,21788980,4,0
2026-07,케이앤제이전자(주),기타 반도체 소자 제조업,경기도,법인,53,15468980,0,1
2026-07,GS칼텍스주식회사,원유 정제처리업,서울특별시,법인,2990,1833197020,13,17
2026-07,(주)에이치티에스호텔앤푸드,기관 구내식당업,서울특별시,법인,32,4750100,5,4
2026-07,한국교육학술정보원(재),애완 동물 장묘 및 보호 서비스업,대구광역시,법인,429,201722680,4,3
2026-07,（주）티앤에프,그 외 자동차용 신품 부품 제조업,경기도,법인,62,23128340,0,2
2026-07,주식회사 핀크,그 외 기타 분류 안된 금융업,서울특별시,법인,67,32173540,3,2
2026-07,(주)가나마린,기타 수상 운송 지원 서비스업,부산광역시,법인,48,27896200,6,0
2026-07,주식회사 씨엘씨컴퍼니,의료용품 및 기타 의약 관련제품 제조업,경기도,법인,55,14254040,6,7
2026-07,(주)남양이엔에스,배관 및 냉ㆍ난방 공사업,전남광주통합특별시,법인,33,10810000,7,27
2026-07,주식회사디엠티,BIZ_NO미존재사업장,인천광역시,법인,59,20507800,1,0
2026-07,인천예림학교,해당없음,인천광역시,법인,42,12902720,0,0
2026-07,온빛밝은안과의원,BIZ_NO미존재사업장,충청북도,개인,42,13948320,0,0
2026-07,광일이노텍(주),기타 반도체 소자 제조업,경기도,법인,38,14628260,0,0
2026-07,주식회사 삼립,떡류 제조업,경기도,법인,2015,851040520,57,75
2026-07,주식회사현승종합건설,기타 비주거용 건물 건설업,경기도,법인,59,28729160,6,1
2026-07,서울교통공사,도시철도 운송업,서울특별시,법인,16266,8475717900,107,133
2026-07,롯데카드(주),국내은행,서울특별시,법인,1736,957920740,20,19
2026-07,(주)재성,접착제 및 젤라틴 제조업,전북특별자치도,법인,31,17279960,0,1
2026-07,(주)캡보이트레이딩,모자 제조업,서울특별시,법인,31,9234460,0,0
2026-07,주식회사더오픈프로덕트,BIZ_NO미존재사업장,서울특별시,법인,40,11730360,4,5
2026-07,에스엔패션그룹(주),셔츠 및 블라우스 소매업,인천광역시,법인,113,35878160,1,11
2026-07,청도군주간보호센터,BIZ_NO미존재사업장,경상북도,법인,59,9094280,0,0
2026-07,주식회사 코리아포트원,응용 소프트웨어 개발 및 공급업,서울특별시,법인,51,23018300,2,1
2026-07,대원강업(주)창원2공장,금속선 가공제품 제조업,경상남도,법인,104,63151980,0,0
2026-07,우아한방병원,한방병원,부산광역시,개인,30,9162820,3,4
2026-07,주식회사 에스아이이센트럴,일반 교과학원,서울특별시,법인,40,12728900,0,0
2026-07,주식회사유플러스아이티,응용 소프트웨어 개발 및 공급업,서울특별시,법인,441,143850840,19,48
2026-07,주식회사주능,유압 기기 제조업,경기도,법인,31,13254680,0,0
2026-07,주식회사브라보비버인천,기타 종이 및 판지 제조업,인천광역시,법인,64,7770460,0,1
2026-07,효행노인복지센터재가장기요양기관,BIZ_NO미존재사업장,경상북도,개인,32,5074600,4,4
2026-07,(주)윈앤윈우드/일용/광주 중외공원 공동주택 2BL 3BL 신축공사 중 합판마루공사,박판  합판 및 유사 적층판 제조업,전남광주통합특별시,법인,30,9891220,24,0
2026-07,한백중학교,BIZ_NO미존재사업장,경기도,법인,41,13938980,0,1
2026-07,주식회사해든,그 외 기타 플라스틱 제품 제조업,충청북도,법인,34,7451000,2,0
2026-07,쌍용건설(주),기타 토목 시설물 건설업,서울특별시,법인,1212,676812700,53,17
2026-07,사랑나누미복지회서구지회,BIZ_NO미존재사업장,인천광역시,법인,105,18611680,5,0
2026-07,주식회사미라텍,포장용 플라스틱 성형용기 제조업,경기도,법인,45,15861460,2,0
2026-07,효진 주식회사/일용/C-프로젝트 신축공사 사업수행 3차,내부 전기배선 공사업,울산광역시,법인,97,48212280,39,0
2026-07,이루탄메디케어의원,일반의원,서울특별시,개인,36,9002920,5,4
2026-07,주식회사 퍼플페퍼,광고 대행업,서울특별시,법인,60,21569300,10,9
2026-07,월드퀀트리서치사우스코리아엘엘씨 한국지점,시장 조사 및 여론 조사업,서울특별시,법인,34,21285360,0,1
2026-07,원광보호작업장,기타 편조 의복 액세서리 제조업,서울특별시,법인,32,4904820,0,0
2026-07,양덕서울아동병원,요양병원,경상남도,개인,57,20140540,1,1
2026-07,(주)케이에스한국고용정보,콜센터 및 텔레마케팅 서비스업,서울특별시,법인,6212,1325990780,500,554
2026-07,재단법인청년재단,BIZ_NO미존재사업장,서울특별시,법인,31,10592840,0,0
2026-07,주식회사그레이프,비주거용 건물 임대업,서울특별시,법인,42,12044720,5,5
2026-07,대전운수(주),시내버스 운송업,대전광역시,법인,200,92946620,3,2
2026-07,에이치엠엠(주),외항 화물 운송업,부산광역시,법인,1036,632716820,4,3
2026-07,한중운수 주식회사,택시 운송업,서울특별시,법인,38,7591760,5,5
2026-07,세계화재해상손해사정(주),보험 대리 및 중개업,서울특별시,법인,142,48388040,1,7
2026-07,（주）태흥특수건설/일용/청주 P&T7 신축 Project 중 파일공사 (WLP WT),미장  타일 및 방수 공사업,충청북도,법인,109,59360260,7,23
2026-07,경북일보(주),잡지 및 정기 간행물 발행업,경상북도,법인,44,12309320,0,2
2026-07,신화정밀(주),그 외 자동차용 신품 부품 제조업,경상북도,법인,107,59373400,1,0
2026-07,한영회계법인,공인회계사업,서울특별시,법인,2200,1184930140,37,42
2026-07,주식회사 케이디지,남녀용 겉옷 및 셔츠 도매업,경기도,법인,49,14061780,3,5
2026-07,(주)금성테크,주형 및 금형 제조업,경기도,법인,30,11020300,0,0
2026-07,양지상운(주),택시 운송업,서울특별시,법인,39,10200800,0,1
2026-07,경기도립정신병원,BIZ_NO미존재사업장,경기도,법인,64,25962820,0,2
2026-07,광산구청 아동복지팀 아동복지교사,비주거용 건물 임대업(점포  자기땅),전남광주통합특별시,법인,34,5539300,0,0
2026-07,나우리해운항공(주),통관 대리 및 관련서비스업 / 화물 운송 중개  대리,서울특별시,법인,48,17766020,3,1
2026-07,삼양이노켐주식회사,합성수지 및 기타 플라스틱 물질 제조업,전북특별자치도,법인,73,38213700,0,2
2026-07,(주) 태경하이텍/일용/P4 Ph4 2 배관훅업 시공 공사 중 BULK  S-GAS 공사,유압 기기 제조업,경기도,법인,37,7220940,33,3
2026-07,（주）한국교량-(상용)경도대교 1 2 해상교량공사,유리 및 창호 공사업,전남광주통합특별시,법인,50,14932040,5,5
2026-07,대명전선（주）,BIZ_NO미존재사업장,전북특별자치도,법인,51,21349260,1,0
2026-07,홈마리나속초호텔 주식회사,여관업,강원특별자치도,법인,40,12320380,1,3
2026-07,유니티테크놀로지스코리아유한회사,응용 소프트웨어 개발 및 공급업,서울특별시,법인,112,65097820,1,2
2026-07,(주)럭키광고산업,간판 및 광고물 제조업,충청북도,법인,53,16649780,2,2
2026-07,종합전기（주）/일용/반포주공1단지(1 2 4주구) 주택재건축 전기공사(3공구),배관 및 냉ㆍ난방 공사업,서울특별시,법인,38,18744520,4,0
2026-07,주식회사 이스턴산업,기타 직물제품 제조업,서울특별시,법인,31,11273380,0,0
2026-07,아마존웹서비시즈코리아 유한책임회사,그 외 기타 분류 안된 전문  과학 및 기술 서비스업,서울특별시,법인,1030,623582680,13,17
2026-07,한국건강관리협회부산광역시지부,비주거용 건물 임대업(점포  자기땅),부산광역시,법인,285,115661560,6,10
2026-07,(주)포스코디엑스,컴퓨터 및 주변장치  소프트웨어 도매업,경상북도,법인,1959,1149532040,15,9
2026-07,주식회사신한서브,스크린 인쇄업,서울특별시,법인,1453,350041900,83,100
2026-07,두경스타주식회사,경비 및 경호 서비스업,서울특별시,법인,107,23337800,3,3
2026-07,엠지신용정보 주식회사,BIZ_NO미존재사업장,서울특별시,법인,1277,351265320,31,52
2026-07,재단법인예술경영지원센터,BIZ_NO미존재사업장,서울특별시,법인,80,27535820,0,1
2026-07,(주)리한,그 외 자동차용 신품 부품 제조업,경기도,법인,45,20537000,0,0
2026-07,(유)올레교통,해당없음,전북특별자치도,법인,31,3213140,1,1
2026-07,사회복지법인 서울특별시사회복지협의회,BIZ_NO미존재사업장,서울특별시,법인,41,12389000,2,0
2026-07,태성산업(주),골판지 제조업,전남광주통합특별시,법인,157,57272260,0,0
2026-07,강릉율곡병원,BIZ_NO미존재사업장,강원특별자치도,개인,37,13053360,1,1
2026-07,(주)브이아이피자산운용,그 외 기타 금융 지원 서비스업,서울특별시,법인,56,32102300,3,1
2026-07,(주)더시그니처,광고 대행업,서울특별시,법인,30,11330480,1,0
2026-07,유스켐주식회사,합성수지 및 기타 플라스틱 물질 제조업,전북특별자치도,법인,37,12825760,5,4
2026-07,（주）인프라텍,BIZ_NO미존재사업장,경기도,법인,34,11406540,0,0
2026-07,굿모닝요양원,BIZ_NO미존재사업장,충청남도,법인,32,7467560,4,4
2026-07,삼성전자(주),비디오 및 기타 영상 기기 제조업,경기도,법인,125720,77930320280,637,514
2026-07,한국우시오 주식회사,상품 종합 도매업,서울특별시,법인,45,23311360,0,2
2026-07,한국지멘스일렉트로닉디자인오토메이션 유한회사,응용 소프트웨어 개발 및 공급업,경기도,법인,201,123878920,2,2
2026-07,태성전기(주)담양지점,그 외 기타 전자 부품 제조업,전남광주통합특별시,법인,54,15212180,1,0
2026-07,베이커리와이 주식회사,서양식 음식점업,부산광역시,법인,30,6867600,3,3
2026-07,근로복지공단,손해보험업,울산광역시,법인,6167,2528085280,220,77
2026-07,킹플란트치과의원,치과의원,대구광역시,개인,41,14331440,5,4
2026-07,(주)명진,일반 전기 공사업,충청북도,법인,37,13833900,7,6
2026-07,(주)광주은행,국내은행,전남광주통합특별시,법인,1599,914055920,22,18
2026-07,주식회사리젠바이오,그 외 기타 의료용 기기 제조업,경기도,법인,30,10260160,3,3
2026-07,씨제이프레시웨이주식회사,수산물 가공식품 도매업,경기도,법인,6365,2129566260,210,240
2026-07,경주시시설관리공단,그 외 기타 분류 안된 전문  과학 및 기술 서비스업,경상북도,법인,33,13110880,8,0
2026-07,휴젤(주),의료 기기 도매업,강원특별자치도,법인,639,289863820,10,9
2026-07,온누리택시주식회사,택시 운송업,부산광역시,법인,87,13378760,11,4
2026-07,케이씨에이서비스주식회사,그 외 기타 분류 안된 사업 지원 서비스업,서울특별시,법인,426,161957380,4,2
2026-07,(주)인텔리안테크놀로지스,유선 통신장비 제조업,경기도,법인,499,244883080,10,5
2026-07,의료법인 숭인의료재단 김해복음병원,요양병원,경상남도,법인,625,206975460,12,25
2026-07,티아이씨(주),금속 절삭기계 제조업,경상남도,법인,254,118140820,0,2
2026-07,KT노동조합,BIZ_NO미존재사업장,경기도,법인,35,17742280,0,0
2026-07,(주)아이앤유앤아이,남녀용 겉옷 및 셔츠 도매업,서울특별시,법인,31,12114460,0,0
2026-07,서울정의여자고등학교,해당없음,서울특별시,법인,35,11579260,0,0
2026-07,(주)에르모어,전자상거래 소매업,경기도,법인,96,29137280,10,11
2026-07,롯데이노베이트(주),응용 소프트웨어 개발 및 공급업,서울특별시,법인,2791,1577813760,17,13
2026-07,(주)인건토건/일용/신한울3 4호기 주설비공사 중 철근콘크리트공사 3공구,유리 및 창호 공사업,경상북도,법인,85,46631020,15,0
2026-07,（주）여주전자,기타 반도체 소자 제조업,경기도,법인,34,8734920,1,1
2026-07,롯데웰푸드(주),과자류 및 코코아 제품 제조업,서울특별시,법인,3692,1683469160,29,73
2026-07,롯데하이마트(주),가전제품 소매업,서울특별시,법인,3460,1521472000,20,47
2026-07,의료법인 해동의료재단,요양병원,경상북도,법인,35,11003300,0,0
2026-07,(주)인포랑,응용 소프트웨어 개발 및 공급업,서울특별시,법인,43,11901420,7,0
2026-07,(주)포맨파워,고용 알선업,서울특별시,법인,77,17754560,4,12
2026-07,당진축산업협동조합,배합 사료 제조업,충청남도,법인,122,63551340,2,2
2026-07,엘지디스플레이(주),기타 반도체 소자 제조업,서울특별시,법인,23193,13384790700,55,90
2026-07,(주)대양오토,그 외 자동차용 신품 부품 제조업,울산광역시,법인,84,27010640,11,12
2026-07,스튜디오이온주식회사,BIZ_NO미존재사업장,서울특별시,법인,77,26851500,0,1
2026-07,대덕전자주식회사,그 외 기타 전자 부품 제조업,경기도,법인,2684,1408778100,63,40
2026-07,현대엔지니어링(주),기타 엔지니어링 서비스업,서울특별시,법인,6063,3479342860,37,110
2026-07,삼일회계법인,공인회계사업,서울특별시,법인,4142,2382935580,54,34
2026-07,낙동강물환경센터,BIZ_NO미존재사업장,대구광역시,법인,65,22945880,0,0
2026-07,(주)청아냉동식품,떡류 제조업,경상북도,법인,153,50538120,11,1
2026-07,（주）에스씨엘(안산),금속선 가공제품 제조업,경기도,법인,63,22286180,7,6
2026-07,원강금속(주),금속선 가공제품 제조업,충청남도,법인,41,16666880,1,1
2026-07,한국전력공사,태양력 발전업,전남광주통합특별시,법인,22729,12765856260,518,162
2026-07,(주)조은시스템,경비 및 경호 서비스업,서울특별시,법인,2142,539624100,104,86
2026-07,흥석건설(주)/일용/분당 느티마을3단지 리모델링사업 철근콘크리트공사(1공구),콘크리트 및 철근 공사업,경기도,법인,124,58904880,19,1
2026-07,찬누리한방병원,한방병원,인천광역시,개인,36,10002300,0,2
2026-07,주식회사 중앙엠앤에이치,그 외 기타 분류 안된 전문  과학 및 기술 서비스업,서울특별시,법인,66,16216160,1,13
2026-07,주식회사 스마트로지텍,그 외 기타 분류 안된 전문  과학 및 기술 서비스업,세종특별자치시,법인,37,16141860,0,0
2026-07,유한책임회사 포스인터내셔널,구두류 제조업,부산광역시,법인,36,14888000,0,0
2026-07,(주)디아이씨두동공장,그 외 자동차용 신품 부품 제조업,울산광역시,법인,59,36140660,0,1
2026-07,특허법인로율,변리사업,서울특별시,법인,36,13413300,3,0
2026-07,신원물산(주),조리 반찬류 소매업,충청남도,법인,30,6569000,3,4
2026-07,수인약품(주),의약품 도매업,강원특별자치도,법인,43,13493580,1,0
2026-07,국민연금공단,보험 대리 및 중개업,전북특별자치도,법인,6067,3082940780,321,72
2026-07,주식회사데이원드림,음악 및 기타 오디오물 출판업,서울특별시,법인,62,21253780,7,7
2026-07,주식회사유창이앤씨/일용/500kV 동해안 변환소 토건공사 중 내장공사(Kcc건설),구조용 금속 판제품 및 공작물 제조업,경상북도,법인,34,14486060,11,0
2026-07,(주)엘지에이치와이비씨엠,축전지 제조업,경상북도,법인,176,108026100,0,3
2026-07,주식회사화성,지정 외 폐기물 수집  운반업,경기도,법인,45,22506560,0,0
2026-07,화성서남부장애인자립생활지원센터,BIZ_NO미존재사업장,경기도,법인,93,16723480,1,0
2026-07,그린힐(주),두부 및 유사 식품 제조업,경상남도,법인,31,8404440,4,3
2026-07,동우화인켐(주)평택공장,인쇄 잉크 및 회화용 물감 제조업,경기도,법인,1873,1127906340,2,18
2026-07,넥스트레이드 주식회사,금융시장 관리업,서울특별시,법인,74,45013260,7,0
2026-07,아이에스엘앤씨(주)/일용/남주동8구역 가로주택정비사업 주상복합 신축공사(철근콘크리트공사),콘크리트 및 철근 공사업,충청북도,법인,32,11142960,5,0
2026-07,서울특별시동부여성발전센터,BIZ_NO미존재사업장,서울특별시,법인,37,10005000,2,1
2026-07,스터디코드네트웍스유한회사,응용 소프트웨어 개발 및 공급업,서울특별시,법인,31,10262360,2,6
2026-07,(주)예손엔터테인먼트,,서울특별시,법인,38,11813540,0,0
2026-07,아이텍(주),기타 기술 시험  검사 및 분석업,경기도,법인,261,91175880,10,6
2026-07,사단법인 대한항암요법연구회,기타 인문 및 사회과학 연구개발업,서울특별시,법인,41,16693320,0,6
2026-07,중원엔지니어링주식회사/일용/현대자동차 0-프로젝트 건설공사 중 기계소방공사(3공구),미장  타일 및 방수 공사업,경기도,법인,90,37239780,49,1
2026-07,켑코이에스주식회사,경영 컨설팅업,서울특별시,법인,42,19847080,3,2
2026-07,(주)대륭개발/일용/과천지식정보타운S2BL디에트로아파트신축공사 중 골조공사(PC설계),콘크리트 및 철근 공사업,경기도,법인,38,15851980,13,0
2026-07,한전원자력연료(주),원유 정제처리업,대전광역시,법인,1241,632665980,107,11
2026-07,르엘동물의료센터,수의업,경상남도,개인,31,9381940,1,1
2026-07,(주)동원홈푸드 FS,가금류 가공 및 저장 처리업,서울특별시,법인,1084,300091720,42,48
2026-07,캐논코리아 (주),사무용 기계 및 장비 제조업,서울특별시,법인,1185,551190700,26,14
2026-07,동양정밀,주형 및 금형 제조업,경상남도,개인,42,13336400,0,6
2026-07,(재)천주교서울대교구유지재단,일반 서적 출판업,서울특별시,법인,1117,302595920,9,9
2026-07,(주)호텔리어코리아,기타 기술 및 직업 훈련학원,서울특별시,법인,72,16559520,9,50
2026-07,(주)일신,그 외 기타 분류 안된 사업 지원 서비스업,경기도,법인,63,22075360,1,0
2026-07,주식회사한스콤정보통신,미장  타일 및 방수 공사업,부산광역시,법인,38,15811460,0,0
2026-07,비경통상(주),구두류 제조업,서울특별시,법인,65,21649040,1,0
2026-07,주식회사무일화성,합성고무 제조업,전남광주통합특별시,법인,54,25519960,0,2
2026-07,대한적십자사경기도혈액원,BIZ_NO미존재사업장,경기도,법인,197,89993340,15,4
2026-07,(주)리뉴시스템,그 외 기타 분류 안된 화학제품 제조업,서울특별시,법인,57,22383700,1,4
2026-07,농업회사법인주식회사혼디축산,산업용 농ㆍ축산물  섬유 원료 및 동물 중개업,제주특별자치도,법인,71,16545760,3,3
2026-07,애플코리아 유한회사,해당없음,서울특별시,법인,1131,515079620,25,17
2026-07,주식회사네이처모빌리티,데이터베이스 및 온라인 정보 제공업,제주특별자치도,법인,43,17577820,4,3
2026-07,(주)에스제이씨성전,스크린 인쇄업,경기도,법인,39,15482360,0,1
2026-07,삼정엘리베이터(주),미장  타일 및 방수 공사업,서울특별시,법인,40,14175400,7,7
2026-07,동탄중학교,비주거용 건물 임대업(점포  자기땅),경기도,법인,30,11377360,0,1
2026-07,멍게수하식 수산업협동조합,기타 금융 투자업,경상남도,법인,35,13068500,1,0
2026-07,삼척시청(환경보호과),비주거용 건물 임대업(점포  자기땅),강원특별자치도,법인,82,42552260,0,0
2026-07,주식회사 폴라리스에이아이,응용 소프트웨어 개발 및 공급업,서울특별시,법인,130,43104540,10,2
2026-07,삼성서울유외과의원,일반의원,서울특별시,개인,31,10546320,5,4
2026-07,(주)하이텍컴,합성수지 및 기타 플라스틱 물질 제조업,전남광주통합특별시,법인,39,18936160,0,1
2026-07,서화초등학교,BIZ_NO미존재사업장,인천광역시,법인,39,10306400,0,0
2026-07,재단법인 가평우리마을,BIZ_NO미존재사업장,경기도,법인,33,8352820,3,4
2026-07,신진엠텍(주),산업용 로봇 제조업,경기도,법인,185,78114660,4,5
2026-07,주식회사 디비컴퍼니,그 외 기타 분류 안된 사업 지원 서비스업,부산광역시,법인,44,9348000,4,5
2026-07,연세대학교생활협동조합,그 외 기타 종합 소매업,서울특별시,법인,47,15773820,0,1
2026-07,주식회사향남월드마트,슈퍼마켓,경기도,법인,65,21454620,2,5
2026-07,대일씨에프,가금류 가공 및 저장 처리업 / 육류 포장육 및 냉동육,경상남도,개인,52,12589100,21,21
2026-07,주식회사 정한조경/일용/당진 송악물류단지 조성사업(1-1공구) 중 조경공사(후속),조경 건설업,충청남도,법인,30,9491860,17,26
2026-07,홈플러스(주),기타 음ㆍ식료품 위주 종합 소매업,서울특별시,법인,11118,3492117680,23,2044
2026-07,청전재가노인지원서비스센터,BIZ_NO미존재사업장,부산광역시,법인,36,5190240,0,0
2026-07,엘리움병원,일반의원,부산광역시,개인,31,10413580,2,0
2026-07,(주)스타디엠코퍼레이션(stardmcorporation),생활용 유리ㆍ요업ㆍ목재ㆍ금속제품 및 날붙이 도매업,경기도,법인,47,13469720,8,7
2026-07,서울시용달화물자동차운송사업협회,사업 및 무형 재산권 중개업,서울특별시,법인,30,8476460,0,0
2026-07,주식회사이안복지센터,경영 컨설팅업,경기도,법인,33,7513440,5,5
2026-07,세메스주식회사,동력식 수지 공구 제조업,충청남도,법인,2764,1676841000,14,32
2026-07,유)주찬산업 여수지점,그 외 기타 분류 안된 운송관련 서비스업,전남광주통합특별시,법인,37,10716080,1,0
2026-07,현대로템 주식회사,철도 차량 부품 및 관련 장치물 제조업,경상남도,법인,4276,2607289820,13,22
2026-07,이현어패럴(주),해당없음,서울특별시,법인,60,19223140,0,11
2026-07,주식회사 우성머티리얼스,상품 종합 도매업,대구광역시,법인,31,12123820,0,0
2026-07,주식회사 더세이프앤코,BIZ_NO미존재사업장,제주특별자치도,법인,44,11853580,5,5
2026-07,검단버스(주)동부지점,시내버스 운송업,인천광역시,법인,42,19554560,1,1
2026-07,고우리 사회적협동조합,BIZ_NO미존재사업장,서울특별시,법인,168,29278860,6,7
2026-07,주식회사 현대케피코,그 외 자동차용 신품 부품 제조업,경기도,법인,1726,1078448860,4,7
2026-07,포항디앤에이(DNA)재활의학병원,일반의원,경상북도,개인,39,14011900,0,1
2026-07,삼우구조컨설턴트(주),기타 엔지니어링 서비스업,서울특별시,법인,34,12759680,1,0
2026-07,용인교통주식회사,시내버스 운송업,경기도,법인,51,15383120,5,7
2026-07,（주）아모레퍼시픽,화장품 제조업,서울특별시,법인,4376,2411388320,80,91
2026-07,비엘성형외과의원,일반의원,대구광역시,개인,129,41979640,3,1
2026-07,대명휴요양병원,요양병원,대구광역시,개인,52,13476900,1,4
2026-07,주식회사 넥슨스페이스,비주거용 부동산 관리업,경기도,법인,50,26036180,0,0
2026-07,（주）사닥다리종합건설,BIZ_NO미존재사업장,경기도,법인,36,16113020,4,4
2026-07,건강보험심사평가원,그 외 기타 분류 안된 전문  과학 및 기술 서비스업,강원특별자치도,법인,3947,1847473520,257,77
2026-07,대구한의대학교,비주거용 건물 임대업(점포  자기땅),경상북도,법인,275,40791360,2,2
2026-07,기쁨병원,일반의원,서울특별시,개인,261,107520840,7,24
2026-07,주식회사칼리스,비주거용 부동산 관리업,대구광역시,법인,47,14479320,0,2
2026-07,(주)대산이엔씨,배관 및 냉ㆍ난방 공사업,전남광주통합특별시,법인,30,10410780,4,4
2026-07,동양생명보험(주),생명보험업,서울특별시,법인,51,31928040,0,2
2026-07,대주중공업（주）/일용/프로젝트 TIMBUKTU 데이터센터 개발사업 중 철골공사,육상 금속 골조 구조재 제조업,경기도,법인,33,17088880,7,0
2026-07,(주)에어로매스터,상품 종합 도매업,경상남도,법인,49,17896800,0,0
2026-07,법무법인(유한)창천,변호사업,서울특별시,법인,42,19826980,0,3
2026-07,주식회사 빛과전자,기타 반도체 소자 제조업,대전광역시,법인,72,30414880,0,1
2026-07,고문당인쇄(주)고문당에스피에스,그 외 기타 종이 및 판지 제품 제조업,충청남도,법인,130,55040520,0,1
2026-07,플러스히어로즈,퀵서비스배달원,경기도,개인,50,10296100,1,35
2026-07,주식회사누보이엔지,기타 토목 시설물 건설업,경기도,법인,111,39623920,5,11
2026-07,(주)한국가스기술공사,미장  타일 및 방수 공사업,대전광역시,법인,2368,1143135440,18,33
2026-07,남웅건설(주)/일용/반포주공1단지(1·2·4주구)주택재건축 중 철근콘크리트공사(3공구),유리 및 창호 공사업,서울특별시,법인,157,59638320,20,0
2026-07,주식회사 유신,기타 엔지니어링 서비스업,서울특별시,법인,1545,795493580,13,17
2026-07,(주)엘지씨엔에스,응용 소프트웨어 개발 및 공급업,서울특별시,법인,6844,4169532980,64,55
2026-07,신흥정기(주),그 외 자동차용 신품 부품 제조업,부산광역시,법인,112,49029960,5,1
2026-07,동국제강(주)당진공장,제강업,충청남도,법인,401,228696120,6,5
2026-07,(주)에이비씨마트코리아,신발 소매업,서울특별시,법인,2078,460182280,278,177
2026-07,코텍(주),기타 엔지니어링 서비스업,서울특별시,법인,59,24536140,1,0
2026-07,주식회사한솔케미칼익산공장,기타 기초 무기화학 물질 제조업,전북특별자치도,법인,45,27977060,0,1
2026-07,재단법인제주문화예술재단,그 외 기타 분류 안된 사업 지원 서비스업,제주특별자치도,법인,78,27010760,7,0
2026-07,한국중전기(주),전동기 및 발전기 제조업,경기도,법인,43,17355160,2,1
2026-07,주식회사 케이티디에스,기타 엔지니어링 서비스업,서울특별시,법인,1743,971126480,18,16
2026-07,(주)선양송탄공장,천연 및 혼합 조제 조미료 제조업,경기도,법인,31,10117300,0,0
2026-07,(주)네패스,접착제 및 젤라틴 제조업,충청북도,법인,1130,471419940,39,31
2026-07,한국디자인진흥원,고용 알선업,경기도,법인,172,72505200,23,3
2026-07,(주)두오모,생활용 가구 도매업,서울특별시,법인,93,36809600,4,1
2026-07,중원엔지니어링주식회사/일용/SK Hynix M15 Ph-4 Project HVAC-4공구,미장  타일 및 방수 공사업,충청북도,법인,217,89092160,54,0
2026-07,웹투인주식회사,응용 소프트웨어 개발 및 공급업,서울특별시,법인,34,15906900,0,0
2026-07,키즈웰 소아청소년과병원,일반의원,경상남도,개인,44,13314440,0,0
2026-07,주식회사론픽,기타 운동 및 경기용구 제조업,부산광역시,법인,40,13695600,4,4
2026-07,밴스의원 제주,일반의원,제주특별자치도,개인,45,16274040,9,23
2026-07,삼성본어스병원,일반의원,경기도,개인,67,23200440,0,1
2026-07,세안이엔씨주식회사/일용/평택 P5 신축공사 중 [P5 FAB] 가설전기 접지공사 1공구,일반 전기 공사업,경기도,법인,192,86328740,33,2
2026-07,주식회사대주전력/일용/시흥시 은행2지구 공동주택 개발사업 중 일반전기공사(C-1BL),일반 전기 공사업,경기도,법인,33,16817320,8,3
2026-07,（주）에스티엠/일용/용인 Cluster1기 구축공사 중 안전시설물 설치해체공사-1(FAB),건물용 금속 공작물 설치 공사업,경기도,법인,49,17813000,10,0
2026-07,(주)아이센스,전기식 진단 및 요법 기기 제조업,서울특별시,법인,994,403711360,28,18
2026-07,(주)세아씨엠,그 외 기타 분류 안된 섬유제품 제조업,전북특별자치도,법인,167,97029420,1,0
2026-07,고려대학교세종캠퍼스(시간강사),기타 인문 및 사회과학 연구개발업,세종특별자치시,법인,186,13351900,0,1
2026-07,주식회사에스원,운송장비용 조명장치 제조업,서울특별시,법인,7025,3824391960,67,48
2026-07,부산교육대학교 대학회계,비주거용 건물 임대업(점포  자기땅),부산광역시,법인,58,18622640,5,3
2026-07,이노브주식회사,스크린 인쇄업,서울특별시,법인,49,14201140,0,0
2026-07,비전공유협동조합,BIZ_NO미존재사업장,서울특별시,법인,64,12183840,2,0
2026-07,(주)동승전기_(일용)대전도안2-5지구29BL 공동주택 신축사업 전기설비공사,배관 및 냉ㆍ난방 공사업,대전광역시,법인,36,15653760,10,0
2026-07,한국전자재료(주),알루미늄 압연  압출 및 연신제품 제조업,인천광역시,법인,101,32964840,1,0
2026-07,(주)에스씨케이컴퍼니,커피 및 차류 도매업,서울특별시,법인,22758,5431025060,577,790
2026-07,주식회사이엔티파워/일용/영흥 1 2호기 환경설비 잔여사업 설치조건부 구매,배관 및 냉ㆍ난방 공사업,인천광역시,법인,68,31639100,2,29
2026-07,흥안운수(주),시내버스 운송업,서울특별시,법인,262,123615120,5,3
2026-07,씨제이텔레닉스(주),그 외 기타 분류 안된 전문  과학 및 기술 서비스업,서울특별시,법인,1180,360803520,34,45
2026-07,금호리조트(주),골프장 운영업,경기도,법인,97,37395800,6,1
2026-07,수영구노인복지관(맞춤돌봄),BIZ_NO미존재사업장,부산광역시,법인,43,5824360,3,2
2026-07,（주）만재물류,화물 포장  검수 및 계량 서비스업,경기도,법인,82,29872280,0,8
2026-07,사이버한국외국어대학교,BIZ_NO미존재사업장,서울특별시,법인,106,8755000,4,4
2026-07,주식회사델리바이오(Deli-bio),경영 컨설팅업,인천광역시,법인,47,13854080,5,5
2026-07,우창정기주식회사,그 외 자동차용 신품 부품 제조업,경기도,법인,102,50785720,2,1
2026-07,주식회사 지투지(G2G),경영 컨설팅업,서울특별시,법인,69,24502780,3,8
2026-07,(주) 풍산 안강사업장,기타 비철금속 제련  정련 및 합금 제조업,경상북도,법인,1551,935410880,17,6
2026-07,(주)영화적순간(바위제작팀),일반 영화 및 비디오물 제작업,서울특별시,법인,40,17267840,0,36
2026-07,(주)아이비에스인더스트리,건축물 일반 청소업,서울특별시,법인,4041,1074485320,168,182
2026-07,주식회사현도건설/일용/송도RM5BL 공동주택 신축공사 중 골조공사(1차),콘크리트 및 철근 공사업,인천광역시,법인,36,14764020,10,4
2026-07,(주)자이언트컴,BIZ_NO미존재사업장,서울특별시,법인,93,19019000,12,11
2026-07,(주)호텔롯데시그니엘부산(일용직),호텔업,부산광역시,법인,36,5880540,12,13
2026-07,자라리테일코리아주식회사,상품 종합 도매업,서울특별시,법인,1619,330182160,320,266
2026-07,한국전기안전공사,기타 엔지니어링 서비스업,전북특별자치도,법인,3105,1518574100,253,42
2026-07,케이에스팩주식회사,기타도급업(소사장제),경기도,법인,1501,524899620,155,48
2026-07,주식회사애니플러스,게임용구  인형 및 장난감 소매업,서울특별시,법인,78,31754620,21,2
2026-07,자유유치원,BIZ_NO미존재사업장,인천광역시,법인,43,11086600,0,1
2026-07,의료법인 이라의료재단,BIZ_NO미존재사업장,충청남도,법인,89,24838180,1,7
2026-07,주식회사세보엠이씨-(일용)고성 천연가스발전소 건설공사 (주배관공사 2공구),배관 및 냉ㆍ난방 공사업,경상남도,법인,76,35271860,19,1
2026-07,주식회사휴엔로지스,임시 및 일용 인력 공급업,경기도,법인,111,33736520,3,9
2026-07,（주）한양에코텍,BIZ_NO미존재사업장,경상북도,법인,45,14190240,0,0
2026-07,의료법인이원의료재단,그 외 기타 보건업,인천광역시,법인,588,274206120,7,8
2026-07,주식회사 하츠,한식 일반 음식점업,경기도,법인,52,13208160,9,8
2026-07,생필체인(주),,경상남도,법인,39,14125400,0,0
2026-07,어업회사법인 영광수산(주),신선  냉동 및 기타 수산물 도매업,서울특별시,법인,39,13452440,2,3
2026-07,(주)시노다이나믹스,기타 반도체 소자 제조업,경상남도,법인,98,40061580,0,2
2026-07,24시위드힐동물메디컬센터,수의업,경기도,개인,41,14897560,1,1
2026-07,화성엠텍(주)/일용/평택캠퍼스2단지 조성공사 및 P5 FAB 건축공사 중 금속공사 2공구,금속 문  창  셔터 및 관련제품 제조업,경기도,법인,31,15485220,10,5
2026-07,한국가스안전공사,기타 엔지니어링 서비스업,충청북도,법인,1873,900522820,109,24
2026-07,에이치디에스 주식회사,경비 및 경호 서비스업,서울특별시,법인,1174,474412820,27,32
2026-07,(주)녹십자,완제 의약품 제조업,경기도,법인,2481,1193710800,144,79
2026-07,주식회사 에스비솔루션,기타 기술 시험  검사 및 분석업,경기도,법인,74,23851640,5,1
2026-07,서울보증보험(주),손해보험업,서울특별시,법인,1526,872284760,19,32
2026-07,라온요양원,BIZ_NO미존재사업장,경기도,개인,34,8196440,3,4
2026-07,쿠우쿠우 창원점,한식 일반 음식점업,경상남도,개인,40,9538180,0,5
2026-07,에이제이주식회사,신문용지 제조업,충청남도,법인,89,37501580,1,0
2026-07,주식회사에이엘피반도체,기타 반도체 소자 제조업,경기도,법인,38,11754280,1,0
2026-07,주식회사 삼일로지스틱스,통관 대리 및 관련서비스업 / 화물 운송 중개  대리,충청남도,법인,33,12242920,2,9
2026-07,(주)청운기업,선박 구성 부분품 제조업,울산광역시,법인,34,9234140,8,2
2026-07,(사단법인)한국건설안전협회,기타 엔지니어링 서비스업,서울특별시,법인,67,33477960,0,0
2026-07,디피알아시아주식회사,부동산 중개 및 대리업,서울특별시,법인,36,22458500,1,1
2026-07,보림토건(주)/일용/평택고덕A-56BL민간참여공공주택건설공사중가설및철근콘크리트공사(1공구),콘크리트 및 철근 공사업,경기도,법인,80,30084140,36,0
2026-07,제주푸른병원,요양병원,제주특별자치도,개인,41,10803740,0,2
2026-07,더봄플러스주식회사,사업시설 유지ㆍ관리 서비스업,서울특별시,법인,69,10856180,11,3
2026-07,포러스솔라,기타 소사장제,충청북도,개인,42,13651560,0,0
2026-07,（주）에코그린티엠,건축물 일반 청소업,서울특별시,법인,87,15720160,10,3
2026-07,(주)제이앤에이치바이오,기타 가공식품 도매업,부산광역시,법인,33,14733440,0,0
2026-07,주식회사푸드나무,전자상거래 소매업,서울특별시,법인,82,25354120,5,11
2026-07,FM치과의원,치과의원,전북특별자치도,개인,36,11511580,0,3
2026-07,주식회사 파스텍,BIZ_NO미존재사업장,경기도,법인,71,27098060,1,0
2026-07,주식회사그로브,남자용 겉옷 제조업,서울특별시,법인,40,12811900,4,4
2026-07,주식회사 디엔씨,임시 및 일용 인력 공급업,경기도,법인,42,8066340,2,3
2026-07,강남제비스코(주)함안,일반용 도료 및 관련제품 제조업,경상남도,법인,88,41605200,1,0
2026-07,(주)보령,완제 의약품 제조업,서울특별시,법인,1636,837233640,34,22
2026-07,리앤목특허법인,변리사업,서울특별시,법인,352,174690880,4,3
2026-07,아이비전기주식회사/일용/인천계양 A2BL 및 A3BL 아파트 전기공사 1공구,일반 전기 공사업,인천광역시,법인,33,16847240,0,0
2026-07,징동코리아 주식회사,통관 대리 및 관련서비스업 / 화물 운송 중개  대리,서울특별시,법인,30,14615820,1,3
2026-07,(주)디엔지니어링/일용/Y1 HVAC 공사 중 HVAC 공사,배관 및 냉ㆍ난방 공사업,경기도,법인,30,12641120,0,11
2026-07,(주)찬솔,선박 구성 부분품 제조업,경상남도,법인,87,29548360,2,1
2026-07,주식회사코이션(koitionco.ltd),응용 소프트웨어 개발 및 공급업,대전광역시,법인,84,19614320,22,4
2026-07,이지케이코리아주식회사EGKKorea(주),치킨 전문점,부산광역시,법인,58,10476620,7,7
2026-07,（주）엔디케이（NDK）,도장 및 기타 피막 처리업,경상남도,법인,30,9908820,3,3
2026-07,롯데손해보험주식회사,손해보험업,서울특별시,법인,1151,588122500,5,18
2026-07,신세계한방병원,한의원,부산광역시,개인,31,9078240,4,4
2026-07,의료법인 마리아의료재단 동탄마리아의원,일반병원,경기도,법인,41,13346200,3,0
2026-07,효성ITX (주),고용 알선업,서울특별시,법인,7759,1986135840,330,378
2026-07,지엔터프라이즈 주식회사,응용 소프트웨어 개발 및 공급업,서울특별시,법인,96,44467200,2,0
2026-07,(주)세왕섬유,화학섬유직물 직조업,서울특별시,법인,76,38179560,1,0
2026-07,에스이앤에스(주),동력식 수지 공구 제조업,경기도,법인,72,24820300,1,1
2026-07,군인공제회C&C,데이터베이스 및 온라인 정보 제공업,서울특별시,법인,96,55692280,1,2
2026-07,(주)한국스탠다드차타드은행,국내은행,서울특별시,법인,3241,1900390500,37,25
2026-07,세무법인이담,세무사업,서울특별시,법인,31,9856100,4,4
2026-07,춘천농업협동조합,신용조합,강원특별자치도,법인,198,82602220,4,16
2026-07,로쏘(주),떡류 제조업,대전광역시,법인,1566,525921580,54,52
2026-07,주식회사 은서테크,주형 및 금형 제조업,경기도,법인,37,11640200,4,4
2026-07,박애원,BIZ_NO미존재사업장,경기도,법인,43,20050680,0,0
2026-07,（주）삼아에코빌/일용/분당느티마을 4단지 리모델링사업 건축설비/소방설비공사(2공구),배관 및 냉ㆍ난방 공사업,경기도,법인,34,16241500,8,1
2026-07,(주)토마스 케이블,전기용 기계ㆍ장비 및 관련 기자재 도매업,충청북도,법인,58,19511000,1,0
2026-07,사회복지법인배양복지재단,BIZ_NO미존재사업장,경상남도,법인,40,10344220,6,6
2026-07,신한여객자동차(주),시내버스 운송업,부산광역시,법인,263,141675000,0,0
2026-07,주식회사리마켓,생활용 가구 도매업,경기도,법인,38,12461760,2,2
2026-07,마산대학(총무과),기타 인문 및 사회과학 연구개발업,경상남도,법인,174,19293580,1,2
2026-07,무인양품(주),셔츠 및 블라우스 소매업,서울특별시,법인,1346,276030600,129,107
2026-07,(주)비나우,화장품 제조업,서울특별시,법인,283,137401420,31,15
2026-07,계영정보통신(주),응용 소프트웨어 개발 및 공급업,경기도,법인,39,18690600,0,0
2026-07,삼계농업협동조합,국내은행,전남광주통합특별시,법인,58,21827600,0,9
2026-07,경일워터이엔지주식회사,산업용 냉장 및 냉동장비 제조업,대구광역시,법인,31,12343500,0,0
2026-07,에이치엘비이엔지주식회사,기타 전문 서비스업,울산광역시,법인,38,13916360,1,0
2026-07,중원공영（주）,산업 생산시설 종합 건설업,충청남도,법인,63,28789120,0,1
2026-07,(주)한빛건설-(일용)스타필드창원 신축공사 중 철근콘크리트공사(2공구),콘크리트 및 철근 공사업,경상남도,법인,60,24887360,34,0
2026-07,영주국토관리사무소(공무직),비주거용 건물 임대업(점포  자기땅),경상북도,법인,54,19872060,1,0
2026-07,주식회사파켓(ParketInc),전자상거래 소매업,서울특별시,법인,119,39444660,13,12
2026-07,주식회사원앤유엔씨테크,기타 직물제품 제조업,경기도,법인,55,16626620,2,2
2026-07,의료법인화인의료재단,요양병원,부산광역시,법인,64,17694840,1,0
2026-07,코너스톤 서울 아카데미 주식회사,외국어학원,서울특별시,법인,89,30486320,3,10
2026-07,(주)금성출판사,서적외판원 학습지방문판매원 화장품외판원 정수기 자,서울특별시,법인,297,89831800,5,2
2026-07,일진전기 (주),배전반 및 전기 자동제어반 제조업,경기도,법인,1069,465279680,15,33
2026-07,세무법인 상록,세무사업,서울특별시,법인,55,22473480,1,0
2026-07,HAPPY해누리작업장,골판지 제조업,경기도,법인,32,4275100,0,0
2026-07,주연테크주식회사,그 외 자동차용 신품 부품 제조업,충청남도,법인,76,25879820,2,4
2026-07,기아 주식회사,화물 자동차 및 특수 목적용 자동차 제조업,서울특별시,법인,6389,3948118680,21,42
2026-07,올림픽파크 365의원,일반의원,서울특별시,개인,32,10299900,6,1
2026-07,동일산업（주）/일용/광양LNG터미널 #7 8 탱크 증설공사 탱크 및 부대설비 기계/배관/철,배관 및 냉ㆍ난방 공사업,전남광주통합특별시,법인,36,19001060,0,0
2026-07,(주)동우건설-(일용)에코델타시티 11BL 민간참여 공공분양주택건립사업,콘크리트 및 철근 공사업,부산광역시,법인,38,8459560,16,0
2026-07,주식회사해인엔지니어링/일용/(단가)보온/비계공사(CUI),산업 생산시설 종합 건설업,울산광역시,법인,51,19653540,36,0
2026-07,서울 동행일자리 사업,비주거용 건물 임대업(점포  자기땅),서울특별시,법인,101,13893380,69,13
2026-07,캐치일리 주식회사,상용 인력 공급 및 인사관리 서비스업,서울특별시,법인,31,6764200,7,6
2026-07,전주성가신용협동조합,국내은행,전북특별자치도,법인,35,16709820,0,0
2026-07,한성모터스주식회사,자동차 신품 판매업,부산광역시,법인,212,83137160,0,10
2026-07,(주)원우엔지니어링,선박 구성 부분품 제조업,경상남도,법인,65,23842400,1,2
2026-07,케이비드 주식회사,BIZ_NO미존재사업장,서울특별시,법인,30,9864700,0,0
2026-07,서포항농업협동조합,국내은행,경상북도,법인,101,42308780,0,1
2026-07,동해월마트(주),조미료 도매업,강원특별자치도,법인,33,9374560,5,5
2026-07,배성건설 주식회사/일용/인천검단AA13-2블록공공주택사업(인천) 중 철근콘크리트공사(건축/주택)2-2공구,콘크리트 및 철근 공사업,인천광역시,법인,57,19818240,7,14
2026-07,주식회사에스아이건축디자인-(일용)농심 녹산신공장 건설공사 중 수장공사 및 금속창호공사,도배  실내 장식 및 내장 목공사업,부산광역시,법인,77,35362140,42,27
2026-07,송광행복타운,BIZ_NO미존재사업장,전남광주통합특별시,법인,37,5266620,0,1
2026-07,（주）디데이,BIZ_NO미존재사업장,경상남도,법인,35,6809960,3,1
2026-07,쿠팡풀필먼트서비스 유한회사,화물 포장  검수 및 계량 서비스업,서울특별시,법인,44945,13014890380,3587,2339
2026-07,(주)나노젯코리아,상품 종합 도매업,경기도,법인,35,14230620,0,3
2026-07,주식회사 핑거프라임,응용 소프트웨어 개발 및 공급업,경기도,법인,165,38628880,2,5
2026-07,세종특별자치시교육청(노사정책과),비주거용 건물 임대업(점포  자기땅),세종특별자치시,법인,1883,457417420,6,8
2026-07,시민택시(주),택시 운송업,대구광역시,법인,36,4733080,5,4
2026-07,국민건강보험공단일산병원,요양병원,경기도,법인,2628,1120820740,32,49
2026-07,화순교육지원청교무행정,비주거용 건물 임대업(점포  자기땅),전남광주통합특별시,법인,41,12773120,0,0
2026-07,와이엔제이 주식회사,임시 및 일용 인력 공급업,서울특별시,법인,41,8314360,2,41
2026-07,(주)티라아트로보,전기용 기계ㆍ장비 및 관련 기자재 도매업,인천광역시,법인,39,16180160,0,0
2026-07,한화토탈에너지스(주),석탄화학계 화합물 및 기타 기초 유기화학 물질제조업,충청남도,법인,1731,1033311500,7,22
2026-07,서울드와이트외국인학교,BIZ_NO미존재사업장,서울특별시,법인,109,46052540,1,19
2026-07,(주)엠에스,기타 소사장제,충청북도,법인,51,14290780,1,6
2026-07,주식회사애니멀킹덤,상품 종합 도매업,경상남도,법인,30,6855540,3,4
2026-07,신안산업개발（주）/일용/온양캠퍼스 05L FAB 신축  부지정지 공사 중 철거공사,건물 및 구축물 해체 공사업,충청남도,법인,82,36323140,82,0
2026-07,대정에이앤지（주）,전기용 기계ㆍ장비 및 관련 기자재 도매업,서울특별시,법인,32,14880660,0,0
2026-07,서울노원남부지역자활센터(노인맞춤돌봄서비스 사업),교육관련 자문 및 평가업,서울특별시,법인,48,7135920,0,0
2026-07,주식회사한울산업/일용/송도자이풍경채그라노블3단지(인천) 중 철근콘크리트공사(건축/주택),콘크리트 및 철근 공사업,인천광역시,법인,51,22998420,12,1
2026-07,신원산업,그 외 자동차용 신품 부품 제조업,경기도,개인,61,26818300,0,0
2026-07,테라다인코리아 유한회사,상품 종합 도매업,서울특별시,법인,185,99812360,16,3
2026-07,주식회사 페슬 (PESEUL Co.  Ltd.),광고 대행업,서울특별시,법인,36,9657960,4,5
2026-07,(주)현대그린푸드,기관 구내식당업,경기도,법인,6303,2298076200,261,255
2026-07,주식회사 홈팩,골판지 제조업,경기도,법인,30,11771240,0,0
2026-07,（주）이앤원,그 외 기타 분류 안된 사업 지원 서비스업,경기도,법인,1013,291778420,25,22
2026-07,충청남도아산교육지원청,비주거용 건물 임대업(점포  자기땅),충청남도,법인,1049,266470380,2,5
2026-07,주식회사 태일씨앤티/일용/성수동2가 273-12외 1필지 업무시설 신축공사 중 철근콘크리트공사,콘크리트 및 철근 공사업,서울특별시,법인,46,15517380,0,25
2026-07,아주산업(주),콘크리트 타일  기와  벽돌 및 블록 제조업,서울특별시,법인,243,118926480,1,3
2026-07,엘에스파워솔루션 주식회사,전동기 및 발전기 제조업,부산광역시,법인,272,109501160,0,2
2026-07,(주)창신INC,구두류 제조업,부산광역시,법인,1039,501635220,16,23
2026-07,(주)디지캡,응용 소프트웨어 개발 및 공급업,서울특별시,법인,139,61929540,0,1
2026-07,주식회사 케이티,무선 및 위성 통신업,경기도,법인,13884,8649781040,30,57
2026-07,주식회사 서원토건/일용/(대외)마스턴 성수동2가 업무시설 신축공사 중 철근콘크리트 공사,유리 및 창호 공사업,서울특별시,법인,56,19829260,0,22
2026-07,충북대학교소비자생활협동조합,BIZ_NO미존재사업장,충청북도,법인,58,12722920,0,5
2026-07,대신증권(주),증권 중개업,서울특별시,법인,1440,850428920,19,25
2026-07,국토안전관리원,기타 기술 시험  검사 및 분석업,경상남도,법인,1047,466377440,10,15
2026-07,국회사무처,비주거용 건물 임대업(점포  자기땅),서울특별시,법인,118,73509540,6,0
2026-07,건솔루션(주),BIZ_NO미존재사업장,경기도,법인,49,20476220,0,5
2026-07,스템코(주),전동기 및 발전기 제조업,충청북도,법인,952,423121560,24,14
2026-07,(주)오산교통,시내버스 운송업,경기도,법인,146,63862500,8,7
2026-07,동아에스티(주）,해당없음,서울특별시,법인,1636,884226940,12,12
2026-07,대아이앤씨(주)/일용/울산현대 샤힌 SUB2 보온,배관 및 냉ㆍ난방 공사업,울산광역시,법인,134,80239980,45,0
2026-07,광산수완미래아동병원,요양병원,전남광주통합특별시,개인,75,23648160,2,5
2026-07,대전고등학교,비주거용 건물 임대업(점포  타인땅),대전광역시,법인,32,12239020,0,0
2026-07,주식회사경인텍,기타 반도체 소자 제조업,인천광역시,법인,52,19478640,0,1
2026-07,（주）국제산업,BIZ_NO미존재사업장,경상남도,법인,34,13535000,0,0
2026-07,주식회사 다이나맥,그 외 자동차용 신품 부품 제조업,대전광역시,법인,108,46939320,9,38
2026-07,(주)신한은행,국내은행,서울특별시,법인,11778,6911780040,92,95
2026-07,은평구청 총무과(공무직),비주거용 건물 임대업(점포  자기땅),서울특별시,법인,62,31209760,0,1
2026-07,（주）에프씨코리아,물질 검사  측정 및 분석 기구 제조업,인천광역시,법인,32,10249060,0,0
2026-07,도이치모터스(주),자동차 신품 판매업,서울특별시,법인,1227,470734640,44,40
2026-07,(주)우노텍/일용/도곡삼호아파트 주택 재건축 정비사업 [외주] 내장공사,도배  실내 장식 및 내장 목공사업,서울특별시,법인,33,12229660,10,10
2026-07,(주)한불화농,천연 및 혼합 조제 조미료 제조업,경기도,법인,82,32057600,6,3
2026-07,주식회사 누리,사업시설 유지ㆍ관리 서비스업,경기도,법인,56,13951420,2,5
2026-07,창원파티마병원,요양병원,경상남도,법인,1119,431821800,19,21
2026-07,(주)한유 인천공항급유시설,위험 물품 보관업,인천광역시,법인,44,19520700,0,0
2026-07,(주)유창이앤씨(일용)세종5-1생활권L5중모듈러공사,구조용 금속 판제품 및 공작물 제조업,세종특별자치시,법인,32,9381480,10,0
2026-07,한국항만물류협회삼천포,BIZ_NO미존재사업장,서울특별시,법인,32,20012380,0,0
2026-07,(주)바이소울,서양식 음식점업,서울특별시,법인,36,9531940,4,1
2026-07,(주)환승이엔지/일용/부평산곡도시환경정비사업-설비공사(2공구),배관 및 냉ㆍ난방 공사업,인천광역시,법인,58,27066320,30,1
2026-07,주식회사 한국기업콜센터,그 외 기타 분류 안된 사업 지원 서비스업,경기도,법인,34,7514040,4,3
2026-07,엔텍이앤씨(주),기타 토목 시설물 건설업,서울특별시,법인,48,23816620,2,0
2026-07,주식회사알체라(AlcheraInc.),기타 인문 및 사회과학 연구개발업,서울특별시,법인,220,63815000,27,27
2026-07,주식회사 에이치앤큐,절삭 가공 및 유사 처리업,전남광주통합특별시,법인,102,63753580,1,1
2026-07,쿠팡풀필먼트 부천센터,화물 포장  검수 및 계량 서비스업,경기도,법인,4412,731800460,1252,1253
2026-07,주식회사나눔환경,지정 외 폐기물 수집  운반업,경기도,법인,40,17335400,0,0
2026-07,SK인텔릭스(주),BIZ_NO미존재사업장,서울특별시,법인,1165,635030180,6,15
2026-07,국민건강보험공단,보험 대리 및 중개업,강원특별자치도,법인,17226,7909690620,1634,294
2026-07,연세대학교원주세브란스기독병원,요양병원,강원특별자치도,법인,202,58259940,24,11
2026-07,(주)영도벨벳제1공장,직물  편조 원단 및 의복류 염색 가공업,경상북도,법인,45,15610380,0,0
2026-07,주식회사 아키아카,응용 소프트웨어 개발 및 공급업,서울특별시,법인,96,23895340,24,13
2026-07,월드씨디엠,그 외 자동차용 신품 부품 제조업,경기도,개인,45,20347480,2,0
2026-07,파랑새노인건강센타,BIZ_NO미존재사업장,부산광역시,법인,49,13000140,0,0
2026-07,한국건설기계연구원,기타 공학 연구개발업,전북특별자치도,법인,106,58975760,0,3
2026-07,범진전자(주),비디오 및 기타 영상 기기 제조업,경기도,법인,81,38809500,1,4
2026-07,세란병원,요양병원,서울특별시,개인,558,197237220,16,9
2026-07,주식회사 여명/일용/청주센텀푸르지오자이(충북) 철근콘크리트공사(건축/주택),콘크리트 및 철근 공사업,충청북도,법인,72,30780520,0,15
2026-07,잘해주는치과의원,치과의원,경기도,개인,31,9504480,0,5
2026-07,연세와이재활의학과의원,일반의원,경기도,개인,33,11315540,0,0
2026-07,주식회사동하,상품 종합 도매업,부산광역시,법인,61,25191720,4,2
2026-07,주식회사 발렉스서비스,BIZ_NO미존재사업장,서울특별시,법인,5057,1538627620,163,132
2026-07,전주비전대학교,그 외 기타 분류 안된 전문  과학 및 기술 서비스업,전북특별자치도,법인,75,16121800,2,9
2026-07,밴스의원,일반의원,전남광주통합특별시,개인,44,13015620,5,6
2026-07,주식회사현성건설,그 외 기타 건축 마무리 공사업,서울특별시,법인,58,19117600,5,3
2026-07,오엔건설주식회사/일용/수원이목2차(A-3BL) 중 골조공사(2공구)+데크 제외,유리 및 창호 공사업,경기도,법인,120,52820920,17,0
2026-07,인천은혜요양병원,요양병원,인천광역시,법인,81,23192340,4,1
2026-07,한국브라운포맨주식회사,주류 도매업,서울특별시,법인,37,19891620,0,0
2026-07,주식회사건국이엔아이/일용/[P4 Ph3(상서)] FAB 소방전기공사,기타,경기도,법인,212,85554900,6,1
2026-07,인천공항시설관리 주식회사,건축물 일반 청소업,인천광역시,법인,3603,1554551840,3,30
2026-07,일성(주),유리 및 창호 공사업,전남광주통합특별시,법인,93,40366780,2,3
2026-07,(주)아이디알시스템,물질 검사  측정 및 분석 기구 제조업,대구광역시,법인,55,17600760,0,0
2026-07,(주)드림엔지니어링,배관 및 냉ㆍ난방 공사업,울산광역시,법인,38,17692720,0,5
2026-07,주식회사 삼구에프에스,고용 알선업,서울특별시,법인,3940,1034159360,338,364
2026-07,영테크플러스(주)/일용/26년2분기 M15 DRAM 신규장비배관 Hook-up 공사_1공구,배관 및 냉ㆍ난방 공사업,충청북도,법인,98,51000500,14,1
2026-07,주식회사 왕건,가금류 가공 및 저장 처리업,경기도,법인,47,15447120,0,1
2026-07,주식회사피엔티머티리얼즈,축전지 제조업,경상북도,법인,51,21123020,1,3
2026-07,(주)코리아테크,가전제품 및 부품 도매업,서울특별시,법인,97,32804180,3,12
2026-07,엠즈씨드주식회사,커피 및 차류 도매업,서울특별시,법인,1597,411587500,97,74
2026-07,주식회사 더블유제이노체앤코-그랜드힐컨벤션,치킨 전문점,서울특별시,법인,62,15180160,7,27
2026-07,삼성전기(주),컴퓨터 제조업,경기도,법인,12819,7496607220,398,141
2026-07,한국중부발전(주),태양력 발전업,충청남도,법인,2809,1569670600,53,61
2026-07,한솔코에버(주),응용 소프트웨어 개발 및 공급업,서울특별시,법인,54,21075520,0,5
2026-07,주식회사참아람,천연 및 혼합 조제 조미료 제조업,경기도,법인,47,14657440,0,0
2026-07,홍덕산업(주)포항SW공장,BIZ_NO미존재사업장,경상북도,법인,71,37413040,0,0
2026-07,씨제이올리브영주식회사-비정규,화장품 및 화장용품 도매업,서울특별시,법인,9152,1086662320,907,1292
2026-07,크리스챤디올꾸뛰르코리아(주),상품 종합 도매업,서울특별시,법인,554,271424000,14,10
2026-07,한전케이디엔(주)-(일용)26년 통신망 보강공사-대전,일반 전기 공사업,대전광역시,법인,34,12738420,34,0
2026-07,사단법인 새해밀,그 외 기타 달리 분류되지 않은 개인 서비스업,전북특별자치도,법인,115,19899800,3,70
2026-07,투썸플레이스주식회사(스탭),치킨 전문점,서울특별시,법인,1575,218723000,256,250
2026-07,동국대학교,기타,서울특별시,법인,1323,218069760,24,22
2026-07,(주)조영기업,금속 문  창  셔터 및 관련제품 제조업,울산광역시,법인,54,16239000,8,0
2026-07,(주)디에이치플랜트엔지니어링,기타 엔지니어링 서비스업,서울특별시,법인,32,10563420,4,1
2026-07,동두천농업협동조합,국내은행,경기도,법인,94,45549640,1,0
2026-07,(사)부산항만산업협회-화물고정업,건축물 일반 청소업,부산광역시,법인,1107,691533000,0,2
2026-07,한국닛켄(주),금속 절삭기계 제조업,인천광역시,법인,57,25199400,0,0
2026-07,아시아퍼시픽국제외국인학교,BIZ_NO미존재사업장,서울특별시,법인,56,20161240,2,10
2026-07,(유)삼일행복나눔,그 외 기타 분류 안된 사업 지원 서비스업,서울특별시,법인,68,10690640,0,0
2026-07,주식회사 크레아에이엔 서산지점,그 외 자동차용 신품 부품 제조업,충청남도,법인,80,32009060,2,2
2026-07,아시아드파크주식회사,기타 대형 종합 소매업,인천광역시,법인,31,9104660,0,1
2026-07,한림농업협동조합,BIZ_NO미존재사업장,제주특별자치도,법인,110,53162700,1,2
2026-07,주식회사코스타,배전반 및 전기 자동제어반 제조업,부산광역시,법인,41,13264500,0,0
2026-07,(주)라인건설,아파트 건설업,전남광주통합특별시,법인,210,114025840,3,4
2026-07,주식회사 오오티제이오리진,남녀용 겉옷 및 셔츠 도매업,서울특별시,법인,31,10016540,6,0
2026-07,주식회사 다이나믹솔루션,기타 인문 및 사회과학 연구개발업,경기도,법인,60,25916900,6,0
2026-07,경북신체장애인협회포항시지회,해당없음,경상북도,법인,175,26484220,9,7
2026-07,어플라이드 머티어리얼즈 코리아(주),기타 반도체 소자 제조업,경기도,법인,2437,1447546100,32,30
2026-07,대덕가스(주),기체 연료 및 관련제품 도매업,인천광역시,법인,90,38251500,1,0
2026-07,의료법인은성의료재단좋은강안병원,요양병원,부산광역시,법인,1109,375607700,28,30
2026-07,(주)천광건설/일용/구미국가산업단지 하이테크밸리(제5단지) A-10BL 대광로제비앙 공동주,콘크리트 및 철근 공사업,경상북도,법인,44,17907340,0,8
2026-07,검단구청,비주거용 건물 임대업(점포  자기땅),인천광역시,법인,70,16798440,70,1
2026-07,강서바른세상병원,요양병원,서울특별시,개인,116,32780020,3,2
2026-07,(주)신우금속,선철 주물 주조업,경상북도,법인,37,16532480,2,1
2026-07,주식회사 놀유니버스,상품 종합 도매업,경기도,법인,1298,592341620,4,33
2026-07,주식회사툰스퀘어(Toonsquare),데이터베이스 및 온라인 정보 제공업,서울특별시,법인,38,10703080,9,6
2026-07,한화손해보험주식회사,손해보험업,서울특별시,법인,3623,1897526700,35,33
2026-07,주식회사 골프존홀딩스,기타 운동 및 경기용구 제조업,서울특별시,법인,38,17401300,0,0
2026-07,주식회사 유베이스,그 외 기타 분류 안된 전문  과학 및 기술 서비스업,서울특별시,법인,9580,2215010920,782,631
2026-07,케이지모빌리티 주식회사,화물 자동차 및 특수 목적용 자동차 제조업,경기도,법인,3807,2324014620,1,20
2026-07,화성시청/고유가 피해지원금 지원 사업,비주거용 건물 임대업(점포  자기땅),경기도,법인,58,14326000,0,58
2026-07,에이치케이이노엔(주),BIZ_NO미존재사업장,충청북도,법인,1772,919785000,56,73
2026-07,농협생명보험주식회사,생명보험업,서울특별시,법인,1027,601146140,5,6
2026-07,경상북도 영덕교육지원청(직장),비주거용 건물 임대업(점포  자기땅),경상북도,법인,31,9158400,0,0
2026-07,효드림노인복지센터,BIZ_NO미존재사업장,경기도,개인,30,3661080,3,3
2026-07,주식회사지엠이노텍,BIZ_NO미존재사업장,경기도,법인,52,17796480,1,0
2026-07,주식회사휴니버스글로벌,응용 소프트웨어 개발 및 공급업,서울특별시,법인,32,11141860,5,5
2026-07,체험주식회사,BIZ_NO미존재사업장,서울특별시,법인,52,14454380,6,6
2026-07,(주)올곧,기타 식사용 가공처리 조리식품 제조업,경상북도,법인,89,24216460,0,7
2026-07,기업과사람들(서천지점）,수산동물 건조 및 염장품 제조업,충청남도,법인,45,12095240,1,0
2026-07,주식회사세컨신드롬,그 외 기타 달리 분류되지 않은 개인 서비스업,서울특별시,법인,31,12520860,4,3
2026-07,(주)헤드아이티,컴퓨터 및 주변장치  소프트웨어 도매업,전북특별자치도,법인,47,16421500,0,0
2026-07,부산대학교,비주거용 건물 임대업(점포  자기땅),부산광역시,법인,781,138382040,0,3
2026-07,롯데칠성음료(주),기타 비알코올 음료 제조업,서울특별시,법인,3351,1810790680,22,20
2026-07,(주)이건창호,금속 문  창  셔터 및 관련제품 제조업,인천광역시,법인,217,103320780,2,14
2026-07,(주)이랜드월드,비주거용 건물 개발 및 공급업,서울특별시,법인,2405,666836300,211,223
2026-07,세종사이버대학교,해당없음,서울특별시,법인,298,33739380,2,3
2026-07,주식회사 제이엠산업,그 외 기타 분류 안된 사업 지원 서비스업,인천광역시,법인,35,7327920,0,10
2026-07,주식회사 다리소프트,응용 소프트웨어 개발 및 공급업,경기도,법인,36,14692400,1,1
2026-07,사단법인 국제경영원,경영 컨설팅업,서울특별시,법인,34,14811600,4,3
2026-07,안양농협,기타 금융 투자업,경기도,법인,154,85629740,4,1
2026-07,사회복지법인효광원,BIZ_NO미존재사업장,대전광역시,법인,47,19374980,0,0
2026-07,(주)창조종합건축사사무소,기타 엔지니어링 서비스업,서울특별시,법인,251,115362480,17,1
2026-07,(주)금화피에스시-상용- 당진 9.10호기 경상정비,유리 및 창호 공사업,충청남도,법인,63,29675440,11,2
2026-07,대선산업개발(주)/일용/군포대야미 A-2BL 아파트 건설공사 1공구 중 철근콘크리트공사,콘크리트 및 철근 공사업,경기도,법인,65,22137260,52,0
2026-07,모두탑365정형외과의원(연수점),일반의원,인천광역시,개인,34,12400300,6,5
2026-07,주식회사하나기연,기타 엔지니어링 서비스업,서울특별시,법인,48,20178580,0,1
2026-07,주식회사　다온네트웍스-(상용)-SK기지국시설공사,배관 및 냉ㆍ난방 공사업,서울특별시,법인,45,12305640,5,3
2026-07,（주）현대캐터링시스템,BIZ_NO미존재사업장,경기도,법인,3346,960632180,172,154
2026-07,명인요양병원,요양병원,대전광역시,개인,62,17353500,2,7
2026-07,엘티엘 택스(LTL Tax),세무사업(기장대리) / 기타 회계 관련 서비스업,충청북도,개인,45,11913860,0,5
2026-07,주식회사백석산업/일용/씨앤씨인터내셔널 청주공장 신축공사 중 철근콘크리트공사,건물용 금속 공작물 설치 공사업,충청북도,법인,78,38320400,36,0
2026-07,주식회사 엔씨에이엑스,응용 소프트웨어 개발 및 공급업,경기도,법인,195,115292140,0,1
2026-07,(주)일신테크,기타 반도체 소자 제조업,경기도,법인,37,10726360,2,2
2026-07,주식회사원창산업개발-(일용)군산지음특수학교 신축공사 중 철근콘크리트공사,유리 및 창호 공사업,전북특별자치도,법인,41,10996880,25,0
2026-07,삼성바이오에피스주식회사,BIZ_NO미존재사업장,인천광역시,법인,1006,621604980,9,12
2026-07,(주)효원상조,그 외 기타 분류 안된 전문  과학 및 기술 서비스업,서울특별시,법인,33,9716420,0,1
2026-07,한국가스공사,연료용 가스 제조 및 배관공급업,대구광역시,법인,4334,2517502780,286,23
2026-07,(주)경성엠티,산업용 냉장 및 냉동장비 제조업,경상남도,법인,74,33395380,5,3
2026-07,한울림장애인자립생활센터,BIZ_NO미존재사업장,서울특별시,법인,140,24867100,5,4
2026-07,농업회사법인에이에이시(주),채소류  서류 및 향신작물류 도매업,충청남도,법인,38,12097360,0,0
2026-07,주식회사 엔티티코리아솔루션즈,응용 소프트웨어 개발 및 공급업,서울특별시,법인,51,24332780,2,1
2026-07,주식회사 대종컴퍼니,의료 기기 도매업,대전광역시,법인,35,8756360,5,1
2026-07,삼성메디슨주식회사,전기식 진단 및 요법 기기 제조업,강원특별자치도,법인,1149,689778640,8,7
2026-07,농업회사법인 주식회사 팜스코바이오인티,BIZ_NO미존재사업장,경기도,법인,73,36926640,1,1
2026-07,한전케이피에스 주식회사,미장  타일 및 방수 공사업,전남광주통합특별시,법인,5944,3239192460,16,65
2026-07,한울산업(주)서울산지점,그 외 자동차용 신품 부품 제조업,울산광역시,법인,78,22400120,7,20
2026-07,정아정밀(주)주촌2공장,그 외 자동차용 신품 부품 제조업,경상남도,법인,33,11324780,0,0
2026-07,한국항만물류협회마산,BIZ_NO미존재사업장,서울특별시,법인,242,151480780,0,0
2026-07,서울아동병원,요양병원,경상남도,개인,32,10459280,0,0
2026-07,(주)스노우라인,기타 반도체 소자 제조업,경기도,법인,31,9906520,0,0
2026-07,조선대학교병원,요양병원,전남광주통합특별시,법인,195,62252140,7,10
2026-07,관악구장애인종합복지관,BIZ_NO미존재사업장,서울특별시,법인,51,13388600,0,1
2026-07,상록수장애인자활센터,BIZ_NO미존재사업장,경기도,법인,182,27542460,8,3
2026-07,(주)제뉴인니스(GENUINENESS INC.),화장품 및 화장용품 도매업,서울특별시,법인,38,9727900,5,10
2026-07,우리주민주식회사,그 외 기타 분류 안된 사업 지원 서비스업,강원특별자치도,법인,309,95325320,116,19
2026-07,리안테크,그 외 자동차용 신품 부품 제조업,충청남도,개인,58,18877140,4,3
2026-07,(주)완뚝,기타 산업용 농산물 도매업,경상북도,법인,36,10080100,7,24
2026-07,목포대학교총무과,비주거용 건물 임대업(점포  자기땅),전남광주통합특별시,법인,161,20193420,0,1
2026-07,두산에너빌리티(주),제강업,경상남도,법인,5459,3244225200,43,45
2026-07,(주)호텔롯데(롯데월드),호텔업,서울특별시,법인,1170,430090000,125,99
2026-07,(주)동호/일용/광주 중외공원 공동주택 2BL 3BL 신축공사 중 도장공사,도장 공사업,전남광주통합특별시,법인,40,11928100,7,0
2026-07,윈윈정형외과의원,일반의원,충청북도,개인,33,10332040,0,0
2026-07,(주)더택시,택시 운송업,부산광역시,법인,49,8320240,1,0
2026-07,지안회계법인,공인회계사업,서울특별시,법인,45,19324960,0,1
2026-07,숙명여자대학교산학협력단,기타 인문 및 사회과학 연구개발업,서울특별시,법인,47,13694460,6,0
2026-07,에스피엘주식회사,떡류 제조업,경기도,법인,1360,630627120,4,17
2026-07,해성디에스 주식회사,기타 반도체 소자 제조업,경상남도,법인,1351,702099460,16,21
2026-07,주식회사 동양엔진텍,그 외 기타 분류 안된 사업 지원 서비스업(기타임가공,경기도,법인,45,19372360,0,1
2026-07,주식회사 컬리,과실류 도매업,서울특별시,법인,3093,1064097780,211,108
2026-07,의료법인세종의료재단,요양병원,전남광주통합특별시,법인,139,37448960,1,4
2026-07,피티케이(주),전자코일  변성기 및 기타 전자 유도자 제조업,경기도,법인,53,24205360,0,1
2026-07,태영건물종합관리 주식회사,건축물 일반 청소업,서울특별시,법인,147,34493120,5,15
2026-07,(주)대아실리테크,산업용 그 외 비경화 고무제품 제조업,경기도,법인,30,8403800,0,0
2026-07,숭실고등학교,해당없음,서울특별시,법인,34,13467880,0,0
2026-07,(주)신보/일용/평택전자 P4 복합동 신축공사 중 P4 복합동 Ph.4 일반전기공사A,소방시설 공사업,경기도,법인,451,200670920,89,3
2026-07,2016진정성주식회사,커피 가공업,경기도,법인,35,7722500,4,3
2026-07,태형금속공업(주) 밀양공장,그 외 기타 금속 가공업,경상남도,법인,41,16742480,1,3
2026-07,주식회사 광현이엔지,선박 구성 부분품 제조업,전남광주통합특별시,법인,74,25134220,0,1
2026-07,(주)동원와인플러스,상품 종합 도매업,서울특별시,법인,33,14355100,1,1
2026-07,(주) 에이치제이중공업,강선 건조업,부산광역시,법인,1032,549506980,8,8
2026-07,아시아복지재단자유재활원,BIZ_NO미존재사업장,대구광역시,법인,88,33303740,0,1
2026-07,금빛사랑주야간보호센터,BIZ_NO미존재사업장,충청남도,개인,30,6319620,1,1
2026-07,주식회사 카카오페이손해보험,비주거용 건물 임대업,경기도,법인,225,128289520,2,3
2026-07,(주)농협파트너스,비주거용 부동산 관리업,서울특별시,법인,4088,989934620,152,138
2026-07,주식회사현대농산,곡물 및 유지작물 도매업,경기도,법인,37,12011780,1,1
2026-07,든든한병원,요양병원,대구광역시,개인,101,32660420,1,3
2026-07,디케이쎈서(주),기타 반도체 소자 제조업,서울특별시,법인,33,13037260,0,0
2026-07,엘에스일렉트릭(주),기타 물품 취급장비 제조업,경기도,법인,1488,867939780,15,13
2026-07,（주）미어캣게임즈,BIZ_NO미존재사업장,서울특별시,법인,48,22257740,0,1
2026-07,룰루(lulu),두발 미용업,서울특별시,개인,36,8737000,1,2
2026-07,주식회사 하나텍,BIZ_NO미존재사업장,전남광주통합특별시,법인,32,14098900,0,0
2026-07,더나눔병원,일반병원,인천광역시,개인,42,14075040,5,6
2026-07,에스케이가스(주),연료용 가스 제조 및 배관공급업,경기도,법인,616,358490460,8,8
2026-07,에스케이증권(주),그 외 기타 금융 지원 서비스업,서울특별시,법인,811,444186740,15,24
2026-07,케이원에코텍주식회사,배관 및 냉ㆍ난방 공사업,서울특별시,법인,31,10878500,0,2
2026-07,텔레퍼포먼스코리아 주식회사,그 외 기타 분류 안된 사업 지원 서비스업,서울특별시,법인,97,31091860,0,7
2026-07,비트맥스 주식회사,BIZ_NO미존재사업장,서울특별시,법인,66,21785500,0,10
2026-07,케이에이씨공항서비스(주),기타 항공 운송지원 서비스업,서울특별시,법인,1020,360988100,36,12
2026-07,한미유압기계(주),유압 기기 제조업,부산광역시,법인,89,33912760,0,0
2026-07,(주)두잉씨앤에스,건축물 일반 청소업,경기도,법인,3076,902787420,132,108
2026-07,미래복지요양센터,BIZ_NO미존재사업장,인천광역시,법인,84,20324180,9,2
2026-07,남김천농업협동조합,신용조합,경상북도,법인,37,18181560,1,0
2026-07,명도어린이집,해당없음,전남광주통합특별시,법인,43,11610520,1,0
2026-07,의료법인송죽의료재단/으뜸요양병원,요양병원,경상북도,법인,38,10070380,3,3
2026-07,(주)크레템,운송장비용 조명장치 제조업,경기도,법인,31,11723000,0,0
2026-07,인성기업,그 외 자동차용 신품 부품 제조업,대구광역시,개인,95,36781000,0,1
2026-07,(주)대혜건축,도배  실내 장식 및 내장 목공사업,서울특별시,법인,85,34887560,9,8
2026-07,구리시청(직장),기타 음ㆍ식료품 위주 종합 소매업,경기도,법인,192,63545360,1,1
2026-07,（주）노무라마이크로사이언스코리아/일용/SK Hynix M15 Ph-4 Project 중 U,기타 반도체 소자 제조업,충청북도,법인,169,80701260,11,19
2026-07,제이에스알마이크로코리아(주),접착제 및 젤라틴 제조업,충청북도,법인,160,81246260,3,1
2026-07,SK이노베이션,원유 정제처리업,서울특별시,법인,1496,923618040,3,5
2026-07,제일종합관리서비스주식회사,경비 및 경호 서비스업,서울특별시,법인,173,43844380,6,8
2026-07,HLB일렉/일용/평택 전자 P5 그린동 신축 공사 중 P5 그린동 가설전기공사,산업 처리공정 제어장비 제조업,경기도,법인,98,27624700,21,26
2026-07,제이테크,그 외 기타 분류 안된 사업 지원 서비스업,경상남도,개인,35,7676600,1,3
2026-07,로만시스(주),재생용 재료 수집 및 판매업,경상남도,법인,176,68824540,22,4
2026-07,주식회사 금륜ENG,그 외 자동차용 신품 부품 제조업,경상남도,법인,35,10745820,9,8
2026-07,(주)태원,접착제 및 젤라틴 제조업,충청남도,법인,44,21277860,1,1
2026-07,따뜻할온원외탕전실,한의약품 제조업,전북특별자치도,개인,49,12515720,7,0
2026-07,（주）부현전기/일용/쿠팡 DAE 7FC 전기공사,내부 전기배선 공사업,대구광역시,법인,41,20323640,19,0
2026-07,(사)코스닥협회,BIZ_NO미존재사업장,서울특별시,법인,39,20553000,1,1
2026-07,한국교세라정공(주),톱 및 호환성 공구 제조업,인천광역시,법인,337,159868460,1,2
2026-07,기어라운지주식회사（GearloungeInc．）,악기 소매업,서울특별시,법인,51,15802220,1,3
2026-07,라라한방병원,한의원,경상남도,개인,32,9665640,3,4
2026-07,케이이티엔지니어링(주),산업용 로봇 제조업,인천광역시,법인,33,15895220,1,0
2026-07,(주)아이코어이앤씨,기타 엔지니어링 서비스업,서울특별시,법인,93,16257720,4,31
2026-07,(주)퓨전소프트,응용 소프트웨어 개발 및 공급업,대구광역시,법인,154,56619440,0,0
2026-07,제이아그로(주),비료 및 농약 도매업,대구광역시,법인,32,14321260,0,0
2026-07,진양금속주식회사,도금  착색 및 기타 표면 처리 강재 제조업,부산광역시,법인,71,27117520,0,1
2026-07,주식회사 스튜디오리얼라이브,일반 영화 및 비디오물 제작업,서울특별시,법인,34,13661700,0,6
2026-07,(주)린코퍼레이션,절삭 가공 및 유사 처리업,전남광주통합특별시,법인,58,21180200,0,1
2026-07,고양시청(회계과),비주거용 건물 임대업(점포  자기땅),경기도,법인,603,174765380,17,78
2026-07,농업회사법인 하늘농가（주）,채소류  서류 및 향신작물류 도매업,경기도,법인,68,18134240,0,6
2026-07,제주신화월드 주식회사,BIZ_NO미존재사업장,제주특별자치도,법인,1134,369818440,174,57
2026-07,의료법인정빈의료재단아산병원,그 외 기타 보건업,충청남도,법인,40,12603160,2,2
2026-07,한창어업주식회사,원양 어업,부산광역시,법인,34,9540360,1,1
2026-07,현대제철주식회사본사,그 외 기타 1차 철강 제조업,인천광역시,법인,1280,778393340,9,9
2026-07,신선대감만터미널주식회사,수상 화물 취급업,부산광역시,법인,713,424550140,2,5
2026-07,주식회사퍼밋,비동력식 수공구 제조업,서울특별시,법인,33,10716940,1,3
2026-07,아시아나항공(주),항공 여객 운송업,서울특별시,법인,6950,3820779000,98,128
2026-07,네오플(주),응용 소프트웨어 개발 및 공급업,제주특별자치도,법인,1475,886482360,8,20
2026-07,엘지전자(주),주방용 전기 기기 제조업,서울특별시,법인,33885,20606747340,207,208
2026-07,(주)제이앤엘테크익산지점,축전지 제조업,전북특별자치도,법인,44,16955080,0,0
2026-07,청라좋은한방병원,한의원,인천광역시,개인,79,23635620,11,3
2026-07,디지털포토(주),기타 인쇄관련 산업,서울특별시,법인,49,14243540,3,2
2026-07,(주)금화피에스시-(일용)신한울 3 4호기 주설비공사 중 Liner Plate 설치공사,내부 전기배선 공사업,경상북도,법인,50,30136860,9,0
2026-07,인천송도꿈유치원(직장),BIZ_NO미존재사업장,인천광역시,법인,46,12693180,0,0
2026-07,혁성실업(주),도배  실내 장식 및 내장 목공사업,전남광주통합특별시,법인,61,33849840,8,4
2026-07,(주)창성에이스산업/수원현장,기타 반도체 소자 제조업,경기도,법인,49,9200880,8,9
2026-07,덴소코리아주식회사,사업 및 무형 재산권 중개업,경기도,법인,63,35198280,0,1
2026-07,한국도로교통공단 용인운전면허시험장,데이터베이스 및 온라인 정보 제공업,경기도,법인,77,27025380,8,1
2026-07,(주)벽산,콘크리트 관 및 기타 구조용 콘크리트제품 제조업,서울특별시,법인,236,117552340,0,3
2026-07,현진기술산업 주식회사,선박 구성 부분품 제조업,경상북도,법인,37,14087780,7,7
2026-07,(주)진화이앤씨/일용/캐피탈랜드 코리아 No.9 데이터센터 개발 프로젝트,배관 및 냉ㆍ난방 공사업,경기도,법인,41,17659240,15,0
2026-07,한화에어로스페이스 (주)-주재원,유인 항공기  항공 우주선 및 보조장치 제조업,서울특별시,법인,104,65092300,8,2
2026-07,삼성이앤에이(주),산업 생산시설 종합 건설업,서울특별시,법인,4978,3028145680,86,96
2026-07,문교화학,BIZ_NO미존재사업장,경상남도,개인,32,9097620,0,0
2026-07,(주)케어링 주간보호센터 부산 사하점,노인 양로 복지시설 운영업,부산광역시,법인,30,5521760,3,3
2026-07,대한항공(주),항공 여객 운송업,서울특별시,법인,17919,10602860320,198,203
2026-07,재단법인공주문화관광재단,BIZ_NO미존재사업장,충청남도,법인,65,21073420,7,1
2026-07,(주)유안에이치알,BIZ_NO미존재사업장,서울특별시,법인,4936,1107314380,1387,1457
2026-07,영남산업주식회사,그 외 기타 분류 안된 사업 지원 서비스업,경상북도,법인,148,82957900,0,2
2026-07,쿠팡풀필먼트 고양센터,화물 포장  검수 및 계량 서비스업,경기도,법인,3110,614402460,709,844
2026-07,라쿠텐심포니코리아 주식회사,응용 소프트웨어 개발 및 공급업,서울특별시,법인,44,22725940,5,4
2026-07,예산군장애인종합복지관(활동보조),BIZ_NO미존재사업장,충청남도,법인,49,8100380,0,2
2026-07,다올사회적협동조합,그 외 기타 종이 및 판지 제품 제조업,인천광역시,법인,44,7477040,2,0
2026-07,(주)메트릭스,시장 조사 및 여론 조사업,서울특별시,법인,164,48570380,45,9
2026-07,평안제관(주),주철관 제조업,경기도,법인,77,25372240,0,1
2026-07,넷스루(주),응용 소프트웨어 개발 및 공급업,서울특별시,법인,82,40161260,0,6
2026-07,CJ푸드빌(주),서양식 음식점업,서울특별시,법인,1793,732967060,49,60
2026-07,(주)제니엘휴먼,건축물 일반 청소업,서울특별시,법인,1137,332604800,122,61
2026-07,한전전력연구원,태양력 발전업,대전광역시,법인,52,19594820,7,8
2026-07,승화썬크루즈(주),호텔업,강원특별자치도,법인,88,29546220,13,12
2026-07,이엔워터(주),시설물 유지관리 공사업,서울특별시,법인,218,81522420,0,2
2026-07,의료법인송산의료재단해양병원,BIZ_NO미존재사업장,부산광역시,법인,30,8852300,10,9
2026-07,구로본점 끗 한의원,한의원,서울특별시,개인,40,15489580,5,4
2026-07,동아회원거래소(주),사업 및 무형 재산권 중개업,서울특별시,법인,57,22955780,1,0
2026-07,국토교통부 수원국토관리사무소,비주거용 건물 임대업(점포  자기땅),경기도,법인,80,29440600,0,0
2026-07,(주)씨더블유산업,건축 설계 및 관련 서비스업,경기도,법인,94,27741980,9,10
2026-07,경남에너지김해고객센터주식회사,그 외 기타 분류 안된 사업 지원 서비스업,경상남도,법인,46,15066620,3,0
2026-07,서하남농업협동조합,신용조합,경기도,법인,62,35262000,1,0
2026-07,（주）신우건설/일용/아산 탕정지구 도시개발사업 2BL 공동주택 신축공사 중 미장조적타일공사,미장  타일 및 방수 공사업,충청남도,법인,33,14168240,18,0
2026-07,동산운수(주),시내버스 운송업 / 시외버스 운송업,인천광역시,법인,44,8016060,7,6
2026-07,주식회사 더바다,데이터베이스 및 온라인 정보 제공업,서울특별시,법인,39,10662380,0,0
2026-07,제주축산업협동조합,곡물  곡분 및 가축 사료 소매업,제주특별자치도,법인,283,126964040,1,5
2026-07,울산광역시북구청,비주거용 건물 임대업(점포  자기땅),울산광역시,법인,198,71249040,23,22
2026-07,덕신건업(주)/일용/인천 효성지구 도시개발사업 공동주택(4BL) 중 소방기계(소화설비)공사,배관 및 냉ㆍ난방 공사업,인천광역시,법인,31,14180560,10,1
2026-07,(주)대현엔지니어링/일용/대한항공 운북 신 엔진정비공장 증축 및 ETC#2신축공사중철골공사,수중 공사업,인천광역시,법인,72,34566360,23,0
2026-07,웰니스병원,요양병원,부산광역시,개인,79,24352220,2,5
2026-07,(주)힘펠,포장용 플라스틱 성형용기 제조업,경기도,법인,198,82081680,3,2
2026-07,주식회사휴롬엘에스,주방용품 및 가정용 유리  요업제품 소매업,서울특별시,법인,162,74789580,2,7
2026-07,부산시설공단,주차장 운영업,부산광역시,법인,1396,542965800,5,14
2026-07,케이씨씨/일용/대조1구역주택재개발(통),일반용 도료 및 관련제품 제조업,서울특별시,법인,31,4320600,16,25
2026-07,우성알앤디(주),기타 반도체 소자 제조업,경상남도,법인,77,25322260,0,1
2026-07,제주이엠365의원,일반의원,제주특별자치도,개인,31,8475260,5,4
2026-07,(주)큐스키친,BIZ_NO미존재사업장,경기도,법인,94,19721880,11,12
2026-07,주식회사 해운,배관 및 냉ㆍ난방 공사업,전남광주통합특별시,법인,30,10408900,3,3
2026-07,춘해보건대학교 산학협력단,기타 인문 및 사회과학 연구개발업,울산광역시,법인,39,8234480,1,1
2026-07,주식회사팬젠,기타 인문 및 사회과학 연구개발업,경기도,법인,71,29035240,0,0
2026-07,헤이데이의원 명동,일반의원,서울특별시,개인,36,13918000,5,5
2026-07,주식회사소프트위즈,응용 소프트웨어 개발 및 공급업,서울특별시,법인,48,18745100,0,5
2026-07,쿠팡풀필먼트서비스 유한회사,화물 포장  검수 및 계량 서비스업,서울특별시,법인,489,90019320,102,104
2026-07,주식회사 세린,그 외 기타 분류 안된 사업 지원 서비스업(기타임가공,대구광역시,법인,40,7655740,1,6
2026-07,경기과학기술대학교,해당없음,경기도,법인,79,18130160,6,3
2026-07,SK(주),BIZ_NO미존재사업장,경기도,법인,3901,2314557700,47,17
2026-07,위 (WE) 호텔,호텔업,제주특별자치도,법인,67,19756540,8,2
2026-07,주식회사에스엠피엠씨,사업시설 유지ㆍ관리 서비스업,서울특별시,법인,138,67368560,3,1
2026-07,쿠팡로지스틱스서비스유한회사,그 외 기타 분류 안된 사업 지원 서비스업,서울특별시,법인,10514,3696612420,253,383
2026-07,사단법인 월드쉐어,BIZ_NO미존재사업장,서울특별시,법인,56,21977560,1,0
2026-07,(주)피앤피,그 외 기타 분류 안된 사업 지원 서비스업,경상북도,법인,99,36760020,9,15
2026-07,(의)삼성의료재단,요양병원,서울특별시,법인,3601,1845808900,91,81
2026-07,주식회사세보엠이씨/일용/M16DRAM CLN Demo 장비 배관Hup 공사_6CWSF006,배관 및 냉ㆍ난방 공사업,경기도,법인,40,16336540,40,0
2026-07,에스에스아이아트앤디자인(주),기타 교육지원 서비스업,서울특별시,법인,34,10215020,1,8
2026-07,주식회사제이슨생활건강,전자상거래 소매업,서울특별시,법인,39,10084180,1,6
2026-07,국제갤러리(주),예술품 및 골동품 소매업,서울특별시,법인,74,27484660,0,0
2026-07,에프알엘코리아(주),남녀용 겉옷 및 셔츠 도매업,서울특별시,법인,4203,1061506900,104,299
2026-07,（주）삼성리사이클링,위생용 종이제품 제조업,경기도,법인,46,14647140,2,1
2026-07,경인엔지니어링주식회사,BIZ_NO미존재사업장,경기도,법인,39,15383900,2,0
2026-07,주식회사피에스스포츠(PS-SPORTS),체력 단련시설 운영업,인천광역시,법인,38,6854260,9,3
2026-07,(주)셀트리온,의료용품 및 기타 의약 관련제품 제조업,인천광역시,법인,3088,1825326680,43,34
2026-07,(주)대성스틸,그 외 기타 1차 철강 제조업,경기도,법인,40,17382340,0,0
2026-07,주식회사 에스비해양,BIZ_NO미존재사업장,부산광역시,법인,30,10910640,3,3
2026-07,고려휴먼스(주),그 외 기타 분류 안된 사업 지원 서비스업,서울특별시,법인,2061,503747480,75,88
2026-07,신공항하이웨이(주),산업설비  운송장비 및 공공장소 청소업,인천광역시,법인,42,26257100,0,0
2026-07,(주)건주이앤씨,건축 설계 및 관련 서비스업,전남광주통합특별시,법인,30,8636520,3,4
2026-07,여수여객자동차(주),시내버스 운송업,전남광주통합특별시,법인,73,33706960,0,4
2026-07,성민버스（주）,용달 화물 자동차 운송업,인천광역시,법인,106,51880260,2,2
2026-07,주식회사에이플러스엑스(APLUSXInc.),컴퓨터 제조업,경기도,법인,67,23901160,0,0
2026-07,주식회사 무신사,응용 소프트웨어 개발 및 공급업,서울특별시,법인,2177,1076225940,84,94
2026-07,(주)키스템프엠엔씨에스,그 외 기타 분류 안된 사업 지원 서비스업,서울특별시,법인,1043,265041580,83,93
2026-07,대전성세재활학교,BIZ_NO미존재사업장,대전광역시,법인,39,11961000,0,2
2026-07,중원엔지니어링주식회사/일용/성수동 K-Project 중 일반설비공사,미장  타일 및 방수 공사업,서울특별시,법인,83,31049520,20,0
2026-07,메이동물메디컬센터,수의업,전북특별자치도,개인,68,22700320,2,1
2026-07,(주)더맨,해당없음,서울특별시,법인,1544,408247020,127,114
2026-07,주식회사지에스아이티엠,응용 소프트웨어 개발 및 공급업,서울특별시,법인,639,294880280,28,17
2026-07,(주)카운텍,금속 절삭기계 제조업,경기도,법인,98,40401700,1,2
2026-07,본한방병원,한방병원,충청남도,개인,30,8820140,3,3
2026-07,사단법인제천국제음악영화제,공연 기획업,충청북도,법인,47,13119320,7,1
2026-07,어썸엔터테인먼트주식회사,데이터베이스 및 온라인 정보 제공업,서울특별시,법인,107,38293080,7,1
2026-07,부루벨코리아(주),상품 종합 도매업,서울특별시,법인,1039,399589020,36,29
2026-07,(재)노틀담복지관,해당없음,인천광역시,법인,74,22113920,1,0
2026-07,국립암센터,요양병원,경기도,법인,3036,1166786980,66,70
2026-07,강남대성학원(주),일반 교과학원,서울특별시,법인,115,36832040,16,4
2026-07,이엘씨에이한국(유),화장품 및 화장용품 도매업,서울특별시,법인,1170,446122280,39,33
2026-07,진양특수강(주),그 외 기타 1차 철강 제조업,경상북도,법인,139,75055360,0,0
2026-07,한방미인화장품 HBMIC,화장품 제조업,대구광역시,개인,38,10128980,5,5
2026-07,인피니언테크놀로지스코리아 유한회사,경영 컨설팅업,서울특별시,법인,269,157710760,3,6
2026-07,주식회사 미포집잠실,한식 일반 음식점업,서울특별시,법인,39,7165660,9,4
2026-07,(주)포틱스,기타 반도체 소자 제조업,인천광역시,법인,57,25597620,0,0
2026-07,(주)플랜티엠,응용 소프트웨어 개발 및 공급업,경기도,법인,58,23871000,3,2
2026-07,선구산업(주)/일용/평택 전자 P5 복합동 신축공사 중 P5 복합동 방수공사 B공구,미장  타일 및 방수 공사업,경기도,법인,40,15810280,21,0
2026-07,국방과학연구소,BIZ_NO미존재사업장,대전광역시,법인,3169,1846234700,29,27
2026-07,이도에스테이트(주),비주거용 부동산 관리업,서울특별시,법인,62,26531540,0,5
2026-07,SK에너지주식회사,원유 정제처리업,서울특별시,법인,2117,1305074060,1,16
2026-07,주식회사 에너지울산,증기  냉ㆍ온수 및 공기 조절 공급업,울산광역시,법인,53,22385420,0,0
2026-07,엘아이지디펜스앤에어로스페이스(주),운송장비용 조명장치 제조업,경상북도,법인,1926,1116567100,6,10
2026-07,주식회사더탑이엔지/일용/평택BRAINCITY공동1BL중흥S-클래스아파트신축공사중기계설비공사(2공구),건물용 기계ㆍ장비 설치 공사업,경기도,법인,37,22390180,0,37
2026-07,윌헴슨쉽매니지먼트코리아(주),기타 수상 운송 지원 서비스업,부산광역시,법인,209,130820880,34,11
2026-07,한국폴리텍VII대학(직장),애완 동물 장묘 및 보호 서비스업,경상남도,법인,63,8278080,0,51
2026-07,엘리엘동산,BIZ_NO미존재사업장,경기도,법인,40,16364620,1,1
2026-07,엠엔비 주식회사,광고 대행업,서울특별시,법인,78,27185780,2,4
2026-07,신용보증기금,기타 금융 투자업,대구광역시,법인,3026,1590708080,6,33
2026-07,멘피스코리아(주),그 외 기타 의료용 기기 제조업,강원특별자치도,법인,41,10224340,0,0
2026-07,정양해운(주),고용 알선업,부산광역시,법인,57,30246980,9,8
2026-07,(주)엔바이온,접착제 및 젤라틴 제조업,대전광역시,법인,41,17913380,2,1
2026-07,강동구청 청소행정과 (환경공무관),비주거용 건물 임대업(점포  자기땅),서울특별시,법인,99,58473320,0,0
2026-07,정식품청주공장(주),기타 비알코올 음료 제조업,충청북도,법인,564,301417000,6,6
2026-07,서비스나우코리아유한회사,그 외 기타 분류 안된 사업 지원 서비스업,서울특별시,법인,37,23154940,0,1
2026-07,(주)대명엘리베이터,기타 물품 취급장비 제조업,전남광주통합특별시,법인,102,32133060,5,1
2026-07,(주)진성에프엠,기타 식품 첨가물 제조업,경기도,법인,54,19074040,0,1
2026-07,(주)소이개발,기타 비주거용 건물 건설업,충청북도,법인,31,10717840,3,4
2026-07,교보생명보험주식회사,생명보험업,서울특별시,법인,3728,2142707900,29,18
2026-07,(주)엠디케이컴퍼니 본점,제과점업,서울특별시,법인,39,9873400,10,5
2026-07,두원이에프씨(주)/일용/용인FAB1기 지원시설 건설공사 중 전기 통신 전기소방공사(4BL),일반 전기 공사업,경기도,법인,103,46585820,21,0
2026-07,케이제이알주식회사,고용 알선업,경기도,법인,39,12564960,1,2
2026-07,주식회사와스,통관 대리 및 관련서비스업 / 화물 운송 중개  대리,인천광역시,법인,45,16238980,1,7
2026-07,광주삼육초등학교,해당없음,전남광주통합특별시,법인,32,8615140,0,2
2026-07,（주）대성티엠씨,기타 물품 취급장비 제조업,경상남도,법인,53,19823220,2,3
2026-07,영진전문대학산학협력단,기타 인문 및 사회과학 연구개발업,대구광역시,법인,31,7715060,1,0
2026-07,주식회사유라코퍼레이션,그 외 자동차용 신품 부품 제조업,경기도,법인,1985,1091606940,28,15
2026-07,대통령경호처(직장),비주거용 건물 임대업(점포  자기땅),서울특별시,법인,72,20865300,10,0
2026-07,（주）삼호이앤에프/일용/평택 전자 P5 복합동 마감공사 중 Ph1 소방전기공사+P5 Ph1 소방전기공사 2공구,소방시설 공사업,경기도,법인,31,10175680,15,0
2026-07,현대해상화재보험(주),손해보험업,서울특별시,법인,3946,2216721940,47,37
2026-07,삼성바이오로직스(주),BIZ_NO미존재사업장,인천광역시,법인,5366,3279507700,20,41
2026-07,주식회사신안건설산업개발/일용/삼육서울병원 신관동 증축공사 중 철근콘크리트공사,유리 및 창호 공사업,서울특별시,법인,55,19513740,12,0
2026-07,(재)금산인삼약초산업진흥원,BIZ_NO미존재사업장,충청남도,법인,35,11484620,0,0
2026-07,삼성전자판매 주식회사,가전제품 소매업,경기도,법인,3606,2171730560,10,12
2026-07,홈앤서비스주식회사,배관 및 냉ㆍ난방 공사업,서울특별시,법인,5053,2278373600,20,26
2026-07,(주)삼주이앤텍,건물 및 토목 엔지니어링 서비스업(기술사),강원특별자치도,법인,32,11503920,0,0
2026-07,주식회사온세까세로,떡류 제조업,강원특별자치도,법인,45,10251420,2,31
2026-07,(주)씨엠텍,그 외 자동차용 신품 부품 제조업,전남광주통합특별시,법인,83,29574720,3,4
2026-07,플란랩스,경영 컨설팅업,서울특별시,법인,36,11344160,0,7
2026-07,주식회사시너지인사이트,경영 컨설팅업,서울특별시,법인,55,13956140,4,2
2026-07,구지세현유치원,BIZ_NO미존재사업장,대구광역시,법인,34,11299380,0,0
2026-07,주식회사 엠케이커머스 화성지점,가금류 가공 및 저장 처리업 / 육류 포장육 및 냉동육,경기도,법인,53,13993300,17,6
2026-07,주식회사액스비스,해당없음,대전광역시,법인,153,67071920,3,6
2026-07,주식회사 하나은행,국내은행,서울특별시,법인,11562,6723829880,243,271
2026-07,주식회사창성테크,도장 및 기타 피막 처리업,경기도,법인,36,15050040,0,4
2026-07,보원테크,BIZ_NO미존재사업장,경상남도,개인,31,12182120,0,0
2026-07,(주)SFA반도체,기타 반도체 소자 제조업,충청남도,법인,425,187997140,16,9
2026-07,대구스마트고등학교,해당없음,대구광역시,법인,35,12411000,0,0
2026-07,강남요양병원,요양병원,전남광주통합특별시,개인,83,22884840,1,5
2026-07,우일산업주식회사,BIZ_NO미존재사업장,경기도,법인,44,14761080,2,0
2026-07,(주)지에프씨코리아,데이터베이스 및 온라인 정보 제공업,서울특별시,법인,35,5486140,4,5
2026-07,대자인병원,일반의원,전북특별자치도,개인,1174,406238540,34,33
2026-07,(주)과연미트,기타 산업용 농산물 도매업,경기도,법인,41,14465560,1,2
2026-07,주식회사 에스크컴퍼니,화장품 및 화장용품 도매업,대구광역시,법인,48,23300220,4,2
2026-07,신안개발(주),골프장 운영업,경기도,법인,55,20119120,1,1
2026-07,(주)환덕전자,기타 반도체 소자 제조업,인천광역시,법인,39,12889900,0,0
2026-07,당진시청(시립합창단),비주거용 건물 임대업(점포  자기땅),충청남도,법인,37,13120980,0,0
2026-07,(주)아이티에스컨버젼스,컴퓨터 및 주변장치  소프트웨어 도매업,서울특별시,법인,36,15812860,0,0
2026-07,주식회사 주원이노베이션,솜 및 실 염색 가공업 / 직물  편조 원단 및 의복류,충청남도,법인,55,18112760,2,3
2026-07,(주)강원랜드,복권 발행 및 판매업,강원특별자치도,법인,4233,2149057120,229,58
2026-07,(주)신세계아이앤씨,응용 소프트웨어 개발 및 공급업,서울특별시,법인,1271,712220800,5,9
2026-07,투썸플레이스주식회사,치킨 전문점,서울특별시,법인,1039,412396040,68,13
2026-07,주식회사 케어닥,광고 대행업,부산광역시,법인,63,24472300,0,7
2026-07,한국공항(주),기타 항공 운송지원 서비스업,서울특별시,법인,3180,1625686140,30,33
2026-07,서울서진학교(직장),BIZ_NO미존재사업장,서울특별시,법인,53,13643840,0,1
2026-07,에이치디현대삼호(주),강선 건조업,전남광주통합특별시,법인,3710,2236798600,48,21
2026-07,주식회사 비엠휴먼솔루션,BIZ_NO미존재사업장,서울특별시,법인,30,7462660,0,0
2026-07,코박메드(주),전기식 진단 및 요법 기기 제조업,경기도,법인,169,62106880,7,10
2026-07,와이디영덕물산 주식회사,직물  편조 원단 및 의복류 염색 가공업,경기도,법인,54,18634080,2,1
2026-07,유라인의원,일반의원,서울특별시,개인,33,12385860,6,6
2026-07,(주)케이티앤지,담배제품 제조업,대전광역시,법인,4023,2396988900,40,25
2026-07,구세군 군산 목양원,BIZ_NO미존재사업장,전북특별자치도,법인,31,12024960,0,0
2026-07,(주)마니커에프앤지,가금류 가공 및 저장 처리업,경기도,법인,193,70549440,4,3
2026-07,(주)원마운트,주거용 건물 개발 및 공급업,경기도,법인,110,30197340,30,4
2026-07,주식회사 신화 에프앤드에프,임시 및 일용 인력 공급업,강원특별자치도,법인,102,21635980,3,3
2026-07,（주）월드탑이엔지/일용/AP4 Infra 보완 투자 대응 열일반배기 Hook-up 공사,배관 및 냉ㆍ난방 공사업,경기도,법인,78,39142680,11,6
2026-07,(주)이랜드이츠,빵류  과자류  당류  초콜릿 도매업,인천광역시,법인,5597,938840280,894,644
2026-07,(의)안동병원,요양병원,경상북도,법인,1478,543831780,23,47
2026-07,덕흥주식회사,금속 절삭기계 제조업,경상남도,법인,33,12868180,0,2
2026-07,(주  )조광식품,육류 도축업(가금류 제외),전남광주통합특별시,법인,42,13099520,2,1
2026-07,주식회사 안전여객,시내버스 운송업,전북특별자치도,법인,31,14601940,4,0
2026-07,주식회사　유벡/일용/용인 Cluster 1기 구축공사 중 HVAC 및 소방공사-3공구,배관 및 냉ㆍ난방 공사업,경기도,법인,697,367084580,153,9
2026-07,동백꽃노인종합복지관,종합복지관 운영업,서울특별시,법인,64,13547180,0,0
2026-07,(주)아이월드제약,한의약품 제조업,인천광역시,법인,66,18862760,1,1
2026-07,주식회사 이앤이트레이딩,가전제품 및 부품 도매업,경기도,법인,34,12678840,1,0
2026-07,(주)온버스,여행사업,경기도,법인,44,14271000,5,4
2026-07,(주)포스코퓨처엠,정형 내화 요업제품 제조업,경상북도,법인,2745,1596366520,28,33
2026-07,주식회사아워코퍼레이션,전자상거래 소매업,서울특별시,법인,41,12314780,7,3
2026-07,재단법인수도문물연구원(서대문),박물관 운영업,서울특별시,법인,31,9646060,1,0
2026-07,씨제이올리브네트웍스(주),응용 소프트웨어 개발 및 공급업,서울특별시,법인,1510,835768600,17,20
2026-07,앰코테크놀로지코리아(주),기타 반도체 소자 제조업,전남광주통합특별시,법인,8390,3582611340,132,123
2026-07,중부발전서비스(주)/보령사업소,임시 및 일용 인력 공급업,충청남도,법인,159,55772440,1,2
2026-07,더블유알그레이스코리아 유한회사,접착제 및 젤라틴 제조업,전남광주통합특별시,법인,45,24820060,2,1
2026-07,(주)에이치제이중공업 건설부문,기타 토목 시설물 건설업,서울특별시,법인,1237,647139480,34,38
2026-07,주식회사씨케이텍,그 외 자동차용 신품 부품 제조업,충청남도,법인,131,43728540,9,6
2026-07,케이잡스주식회사,경영 컨설팅업,서울특별시,법인,51,11962420,1,0
2026-07,홍주고등학교,해당없음,충청남도,법인,31,11451660,0,0
2026-07,(주)세스코,건축물 일반 청소업,서울특별시,법인,3780,1393849840,130,70
2026-07,조선대학교,운전학원,전남광주통합특별시,법인,515,107054860,19,23
2026-07,부산교통공사,도시철도 운송업,부산광역시,법인,4812,2603256300,57,61
2026-07,주식회사포롤텍,도장 및 기타 피막 처리업,경상북도,법인,174,96790260,0,35
2026-07,(주)삼양사 인천2공장,식물성 유지 제조업,인천광역시,법인,85,44464380,5,0
2026-07,지앤씨유한회사,해당없음,전남광주통합특별시,법인,34,8467320,5,0
2026-07,주식회사하트만,내연기관 제조업,부산광역시,법인,59,19403040,1,0
2026-07,（주）제타럭스시스템,응용 소프트웨어 개발 및 공급업,경기도,법인,49,14753440,1,5
2026-07,민족사관고등학교,해당없음,강원특별자치도,법인,30,12977640,1,7
2026-07,주식회사 글로벌테크놀로지,장난감 및 취미  오락용품 도매업,경기도,법인,84,38433620,7,4
2026-07,(주)제윤,자료 처리업,대구광역시,법인,30,8668740,3,3
2026-07,수협중앙회,기타 금융 투자업,서울특별시,법인,1400,780999060,10,7
2026-07,삼성중공업(주)거제조선소,선박 구성 부분품 제조업,경상남도,법인,9406,5263483560,107,39
2026-07,금웅건설(주)-(일용)대전갑천역APT신축공사 중 골조공사,배관 및 냉ㆍ난방 공사업,대전광역시,법인,76,37865900,26,12
2026-07,삼지건설(주)/일용/성원애드피아 하남 신사옥 신축공사 철근콘크리트공사,미장  타일 및 방수 공사업,경기도,법인,34,14974300,11,2
2026-07,삼성물산(주) 패션부문,가죽의복 제조업,서울특별시,법인,1375,788262500,9,17
2026-07,주식회사 청풍산업,비주거용 부동산 관리업,부산광역시,법인,49,12947120,2,0
2026-07,주식회사구름,응용 소프트웨어 개발 및 공급업,경기도,법인,122,42311660,13,12
2026-07,한국지엠주식회사,화물 자동차 및 특수 목적용 자동차 제조업,인천광역시,법인,7476,4656103380,12,31
2026-07,삼정회계법인,공인회계사업,서울특별시,법인,3985,2247537840,90,150
2026-07,원영건업(주)-(일용)롯데 대연3구역주택재개발사업중 철근콘크리트공사 2공구,유리 및 창호 공사업,부산광역시,법인,120,38005500,0,1
2026-07,(주)영산글로넷,상품 종합 도매업,서울특별시,법인,105,35717540,1,1
2026-07,（주）제이엘모터스,자동차 신품 판매업,대전광역시,법인,32,12354800,2,1
2026-07,엠에스건설산업(주)/일용/반포주공1단지(1.2.4주구) 주택재건축 중 내장목공사(5공구),배관 및 냉ㆍ난방 공사업,서울특별시,법인,44,17333240,21,0
2026-07,한국국토정보공사 강원지역본부,측량업,강원특별자치도,법인,296,163722280,2,8
2026-07,(주)디프로매트,제강업,부산광역시,법인,84,30083760,0,0
2026-07,(주) 코드잇,기타 기술 및 직업 훈련학원,서울특별시,법인,159,57544840,18,17
2026-07,주식회사윤문주,제과점업,서울특별시,법인,34,8587580,4,3
2026-07,(주)한국거래소,증권 중개업,부산광역시,법인,1000,572159000,13,8
2026-07,한국인삼공사(주),커피 가공업,대전광역시,법인,1409,828558040,8,11
2026-07,탑정형외과,일반의원,전남광주통합특별시,개인,37,11374720,0,0
2026-07,주식회사 천경,일반 화물 자동차 운송업,경상남도,법인,45,17536760,0,0
2026-07,(주)솔라라이트,기타 반도체 소자 제조업,대구광역시,법인,40,13278180,5,3
2026-07,(주)맥사이언스,물질 검사  측정 및 분석 기구 제조업,경기도,법인,66,27437380,0,1
2026-07,서울광진구육아종합지원센터,BIZ_NO미존재사업장,서울특별시,개인,53,13485400,1,2
2026-07,용진유리판매(주),골재  벽돌 및 시멘트 도매업,경기도,법인,30,8835160,3,3
2026-07,(주)햇빛일루콤,기타 반도체 소자 제조업,경기도,법인,85,27238340,0,0
2026-07,에스지생활안전 주식회사,산업용 그 외 비경화 고무제품 제조업,경기도,법인,215,79958460,6,2
2026-07,주식회사 프렌즈렌트카,포털 및 기타 인터넷 정보 매개 서비스업,제주특별자치도,법인,33,8100620,4,3
2026-07,주식회사마이크로원,부직포 및 펠트 제조업,충청남도,법인,58,25140800,0,6
2026-07,샤넬코리아유한회사,상품 종합 도매업,서울특별시,법인,1867,881935980,47,57
2026-07,덕창기업(주),그 외 자동차용 신품 부품 제조업,충청남도,법인,35,11003540,3,0
2026-07,광주대동고등학교,해당없음,전남광주통합특별시,법인,32,12437460,1,2
2026-07,회계법인마일스톤,공인회계사업,서울특별시,법인,57,20431120,6,11
2026-07,진우정공,BIZ_NO미존재사업장,경상남도,개인,53,16064320,2,8
2026-07,화성아름마을,BIZ_NO미존재사업장,경기도,법인,31,13088520,2,0
2026-07,(주)바로건설기술,기타 엔지니어링 서비스업,서울특별시,법인,87,39585580,1,0
2026-07,서용이엔씨 주식회사/일용/힐스테이트 레이크 송도 5차 중 철근콘크리트공사,기타 비주거용 건물 건설업,인천광역시,법인,158,58624500,30,1
2026-07,원광대학교(시간강사),비주거용 건물 임대업(점포  자기땅),전북특별자치도,법인,348,23969100,0,0
2026-07,한국도로공사서비스주식회사,그 외 기타 분류 안된 운송관련 서비스업,경기도,법인,4776,1799790780,16,49
2026-07,한국산업은행,국내은행,서울특별시,법인,3334,1840618840,102,22
2026-07,(주)하림,육류 도축업(가금류 제외),전북특별자치도,법인,2362,991175680,33,30
2026-07,연세본내과의원,일반의원,경기도,개인,35,12495000,1,0
2026-07,태광산업(주)석유화학1공장,석탄화학계 화합물 및 기타 기초 유기화학 물질제조업,울산광역시,법인,124,69058280,3,0
2026-07,강원복지회(태백장애인근로사업장),플라스틱 창호 제조업,강원특별자치도,개인,35,8185620,2,1
2026-07,한국방송공사,지상파 방송업,서울특별시,법인,4155,2341513080,31,39
2026-07,우진프라콤(주),포장용 플라스틱 성형용기 제조업,경기도,법인,39,17211940,0,1
2026-07,.주)보광안성공장,접착제 및 젤라틴 제조업,경기도,법인,53,20079760,1,0
2026-07,(주)윈피앤에스,스크린 인쇄업,서울특별시,법인,2118,575459920,37,69
2026-07,서울도솔학교,BIZ_NO미존재사업장,서울특별시,법인,43,11282360,0,7
2026-07,향동포레요양병원,요양병원,경기도,개인,58,17083000,4,5
2026-07,동문이엔티（주）,의료 기기 도매업,서울특별시,법인,95,42209200,0,0
2026-07,동거창농협-공공형계절근로센터,국내은행,경상남도,법인,42,8671000,20,0
2026-07,본푸드서비스 주식회사,기관 구내식당업,서울특별시,법인,1184,312068320,74,67
2026-07,주식회사성신그래픽스,스크린 인쇄업,서울특별시,법인,52,17217520,2,1
2026-07,(주)씨에스원 파트너,시장 조사 및 여론 조사업,서울특별시,법인,1369,489623140,21,48
2026-07,(주)두산전자사업부,기타 반도체 소자 제조업,서울특별시,법인,1241,709022380,18,12
2026-07,주식회사엘피에스테크,건설용 석제품 제조업,경기도,법인,33,9522380,4,3
2026-07,제주특별자치도교육청(교육공무직),BIZ_NO미존재사업장,제주특별자치도,법인,2100,522651420,14,18
2026-07,의료법인현암의료재단포항우리병원,요양병원,경상북도,법인,59,19586620,0,1
2026-07,(자)해동상운,택시 운송업,경기도,법인,58,7922500,3,4
2026-07,(의)한마음국제의료재단,요양병원,경상남도,법인,1743,638553600,28,43
2026-07,(주)삼양건설,아파트 건설업,충청북도,법인,39,18870860,4,5
2026-07,(주)성수기전,스크린 인쇄업,경기도,법인,79,24807180,3,0
2026-07,증포중학교,BIZ_NO미존재사업장,경기도,법인,35,12533380,0,0
2026-07,(주)대한해사검정공사,번역 및 통역 서비스업,서울특별시,법인,46,14241180,0,1
2026-07,롯데쇼핑(주),백화점,서울특별시,법인,4620,2065473000,160,217
2026-07,차의과학대학교 분당차병원,요양병원,경기도,법인,2891,1152094080,35,60
2026-07,주식회사정운,그 외 자동차용 신품 부품 제조업,울산광역시,법인,78,24396660,9,3
2026-07,(주)아람인테크,고용 알선업,서울특별시,법인,1160,245515620,108,128
2026-07,주식회사 카카오뱅크,국내은행,경기도,법인,1775,1042322760,41,24
2026-07,(주)한진산업,BIZ_NO미존재사업장,경상남도,법인,71,30883800,0,1
2026-07,(주）포유이엔지/일용/에스오일 샤윈프로젝트 중 철골공사,금속 문  창  셔터 및 관련제품 제조업,울산광역시,법인,37,21319760,11,0
2026-07,주식회사 백산기업,선박 구성 부분품 제조업,경상남도,법인,68,22257060,0,6
2026-07,금호리조트(주),호텔업,경상남도,법인,58,22161360,2,2
2026-07,보임테크놀러지(주),사무용 기계 및 장비 제조업,서울특별시,법인,42,15953560,0,0
2026-07,두암기독병원,요양병원,전남광주통합특별시,개인,45,13122220,2,8
2026-07,금호중앙중학교,BIZ_NO미존재사업장,전남광주통합특별시,법인,33,11918800,0,1
2026-07,한국우에무라주식회사,연마재 제조업,경기도,법인,53,28872720,0,0
2026-07,솔밭중학교,BIZ_NO미존재사업장,충청북도,법인,31,10674020,1,2
2026-07,（주）대도엔지니어링-(일용)동북아LNGHub터미널1단계1차EPCC(전남)일반건설공사(플랜트,아파트 건설업,전남광주통합특별시,법인,33,15654300,17,1
2026-07,금용기계(주),기타 섬유  의복 및 가죽 가공기계 제조업,대구광역시,법인,256,125044480,0,0
2026-07,더 케이텍(주),고용 알선업,서울특별시,법인,4572,1312748280,175,167
2026-07,주식회사 아이엠뱅크,국내은행,대구광역시,법인,3076,1767547680,34,45
2026-07,김 장 법률사무소,변호사업,서울특별시,개인,4396,2432710640,48,76
2026-07,제주늘봄,BIZ_NO미존재사업장,제주특별자치도,개인,32,10502680,0,0
2026-07,주식회사 미래화성,건축물 일반 청소업,경기도,법인,47,23378760,1,2
2026-07,해피콤(주),배관 및 냉ㆍ난방 공사업,경기도,법인,52,6935000,0,5
2026-07,주식회사 에쓰에푸씨/일용/S-OIL SHAHEEN PKG-2 중 내화공사,미장  타일 및 방수 공사업,울산광역시,법인,42,21339720,5,2
2026-07,대창설비(주)-(일용)대전가오동2구역 재건축정비사업 중 기계소화설비공사,배관 및 냉ㆍ난방 공사업,대전광역시,법인,58,24884980,0,13
2026-07,(주)알에스포,컴퓨터 시스템 통합 자문 및 구축 서비스업,서울특별시,법인,72,23058320,0,0
2026-07,삼성코닝어드밴스드글라스유한회사,가정용 유리제품 제조업,충청남도,법인,34,21283360,0,0
2026-07,주식회사 해담솔,건어물 및 젓갈류 도매업,충청남도,법인,36,6561500,9,4
2026-07,(주)와이엔텍,지정 외 폐기물 수집  운반업,전남광주통합특별시,법인,65,28158920,0,1
2026-07,더셀피부과의원,일반의원,서울특별시,개인,53,20265120,0,9
2026-07,신한투자증권(주),증권 중개업,서울특별시,법인,2575,1520392800,73,29
2026-07,서울메디케어（S．M．C）,의료 기기 도매업,경기도,개인,32,9927620,3,4
2026-07,엘켐실리콘즈코리아 주식회사,합성수지 및 기타 플라스틱 물질 제조업,충청남도,법인,35,13919700,0,0
2026-07,영원인테크(주),그 외 자동차용 신품 부품 제조업,울산광역시,법인,53,16509640,2,1
2026-07,SK 엠앤서비스(주),응용 소프트웨어 개발 및 공급업,서울특별시,법인,1089,413486040,30,37
2026-07,성동장애인종합복지관 (활동보조인사업),BIZ_NO미존재사업장,서울특별시,법인,50,8274540,2,0
2026-07,(주)가야ESC/일용/CJ가양부지 철골공사 1공구,육상 금속 골조 구조재 제조업,서울특별시,법인,37,20132540,0,0
2026-07,웅상농업협동조합,국내은행,경상남도,법인,71,34425400,0,0
2026-07,주식회사에이치엔티(HNTCO.LTD),일반 전기 공사업,경기도,법인,57,11166480,6,7
2026-07,주식회사 디지털하츠서울（DIGITAL HEARTS Seoul Co.  Ltd.）,응용 소프트웨어 개발 및 공급업,서울특별시,법인,30,6633740,4,5
2026-07,（주）동광엔비화성,어망 및 기타 끈 가공품 제조업,경기도,법인,38,15983000,0,0
2026-07,남일엔프라(주),플라스틱 합성피혁 제조업,경기도,법인,52,19014460,0,0
2026-07,김병준 레다스흉부외과의원,일반의원,부산광역시,개인,34,11095640,3,4
2026-07,현대오토에버(주),응용 소프트웨어 개발 및 공급업,서울특별시,법인,5809,3557851580,11,12
2026-07,씨제이대한통운(주),항공 및 육상 화물 취급업,서울특별시,법인,6057,3167417240,30,54
2026-07,테슬라코리아유한회사,상품 종합 도매업,서울특별시,법인,606,243991680,21,7
2026-07,오스템임플란트(주),전기식 진단 및 요법 기기 제조업,서울특별시,법인,2075,1010797100,13,91
2026-07,(주)케어랩스 (Carelabs Co .Ltd),광고 대행업,서울특별시,법인,124,54705260,1,4
2026-07,(재)한국의학연구소 제주분사무소,의학 및 약학 연구개발업,제주특별자치도,법인,56,23561180,3,1
2026-07,(주)국전 향남,의약용 화합물 및 항생물질 제조업,경기도,법인,54,26572240,0,1
2026-07,（주）훼밀리팜,의약품 도매업,경기도,법인,81,29602040,3,1
2026-07,현대필터산업(주),사무 및 회화용품 제조업,전북특별자치도,법인,106,41600020,2,1
2026-07,(주)정윤글로벌,그 외 기타 분류 안된 사업 지원 서비스업,경기도,법인,35,9050980,3,4
2026-07,(주)글로물류양산,BIZ_NO미존재사업장,경상남도,법인,58,18514320,0,0
2026-07,(주)바른에이치알,가전제품 및 부품 도매업,경기도,법인,41,11539580,6,6
2026-07,금융위원회,BIZ_NO미존재사업장,서울특별시,법인,72,18598020,1,14
2026-07,독수리교육공동체,BIZ_NO미존재사업장,경기도,법인,53,19717140,0,0
2026-07,한국다케다제약주식회사,상품 종합 도매업,서울특별시,법인,157,95381900,0,15
2026-07,경상남도농업기술원,비주거용 건물 임대업(점포  자기땅),경상남도,법인,267,78607600,3,8
2026-07,주식회사 스칸디그룹,일반 서적 출판업,서울특별시,법인,39,12109740,4,5
2026-07,한국승강기안전공단,기타 엔지니어링 서비스업,경상남도,법인,1647,700672140,29,9
2026-07,（주）화영 울산지점,그 외 자동차용 신품 부품 제조업,부산광역시,법인,50,16206300,2,3
2026-07,한국농어촌공사,그 외 기타 분류 안된 전문  과학 및 기술 서비스업,전남광주통합특별시,법인,6261,2978836520,20,43
2026-07,한국대학교육협의회,기타 인문 및 사회과학 연구개발업,서울특별시,법인,126,51640240,7,3
2026-07,협력테크주식회사,해당없음,경상남도,법인,30,8470840,0,0
2026-07,오뚜기(주),기타 곡물 가공품 제조업,경기도,법인,3200,1282546240,17,26
2026-07,(주)포항개발,직물  편조 원단 및 의복류 염색 가공업,경상북도,법인,44,10037280,5,1
2026-07,(주)이랜드리테일,백화점,서울특별시,법인,1848,680246500,22,34
2026-07,한화호텔앤드리조트(주) 에스테이트 부문,휴양 콘도 운영업,서울특별시,법인,1935,617885140,49,48
2026-07,(주)호텔롯데,호텔업,서울특별시,법인,1105,523671300,17,13
2026-07,유노성형외과,일반의원,서울특별시,개인,39,12398000,9,10
2026-07,무궁애학원사회복지법인,BIZ_NO미존재사업장,경상남도,법인,52,22359140,0,0
2026-07,주식회사핀인사이트,응용 소프트웨어 개발 및 공급업,서울특별시,법인,34,7419840,10,11
2026-07,한국호쿠쇼주식회사,그 외 기타 기계 및 장비 도매업,서울특별시,법인,45,23052280,5,0
2026-07,주식회사대경이앤에스,BIZ_NO미존재사업장,경기도,법인,568,142826140,79,17
2026-07,주식회사JB금융지주,BIZ_NO미존재사업장,전북특별자치도,법인,97,59525180,0,5
2026-07,주식회사서진이엔지/일용/26년 2차 P&T6(M8) TSV 신규장비 배관 Hook up 공사_1,배관 및 냉ㆍ난방 공사업,충청북도,법인,61,35492720,0,0
2026-07,(주)디어스이앤씨,기타 비주거용 건물 건설업,경기도,법인,80,40687540,5,1
2026-07,한국문화예술교육진흥원,BIZ_NO미존재사업장,서울특별시,법인,3172,276956100,131,91
2026-07,쌍용디에이치에스주식회사,기타 육상 운송지원 서비스업,강원특별자치도,법인,44,23449500,0,0
2026-07,주식회사 딜라이브 구로금천케이블티브이,유선 방송업,서울특별시,법인,68,29616560,0,0
2026-07,에프엠개발주식회사,상용 인력 공급 및 인사관리 서비스업,서울특별시,법인,88,19760040,11,11
2026-07,예사랑아동병원,일반의원,전남광주통합특별시,개인,51,15021100,5,6
2026-07,(주)리노셈,운송장비용 조명장치 제조업,인천광역시,법인,43,15969380,0,1
2026-07,이천중학교,비주거용 건물 임대업(점포  자기땅),경기도,법인,30,11109120,0,0
2026-07,현대아이티씨주식회사,제철업,충청남도,법인,3886,2309481760,37,44
2026-07,CJ푸드빌(주),서양식 음식점업,서울특별시,법인,1645,255953280,212,271
2026-07,네오큐 주식회사,그 외 기타 분류 안된 사업 지원 서비스업,인천광역시,법인,217,63852060,1,3
2026-07,은성,그 외 기타 분류 안된 사업 지원 서비스업,경상북도,개인,30,12213220,0,1
2026-07,(주)케이비아주,비주거용 부동산 관리업,서울특별시,법인,96,29825480,11,11
2026-07,(주) 씨채널방송,방송 프로그램 제작업,서울특별시,법인,35,12958100,0,0
2026-07,오티스엘리베이터유한회사,기타 물품 취급장비 제조업,서울특별시,법인,1831,1023009980,3,19
2026-07,(주)우진이앤씨-(일용)우암1구역주택재개발정비사업 중 전기공사2(1공구),일반 통신 공사업,부산광역시,법인,32,15148280,12,0
2026-07,대한지방행정공제회,비주거용 건물 임대업(점포  자기땅),서울특별시,법인,175,104662640,0,1
2026-07,백송전자(주),기타 반도체 소자 제조업,인천광역시,법인,102,35646820,2,5
2026-07,(주)이웨이,도배  실내 장식 및 내장 목공사업,서울특별시,법인,73,27055740,5,11
2026-07,주식회사링크나인시스템,응용 소프트웨어 개발 및 공급업,대전광역시,법인,36,15695840,0,0
2026-07,주식회사보물섬수산,신선  냉동 및 기타 수산물 도매업,대전광역시,법인,31,11017920,4,3
2026-07,(주)엔테크,금속 단조제품 제조업,전남광주통합특별시,법인,72,33076960,0,1
2026-07,현대위아(주),그 외 자동차용 신품 부품 제조업,경상남도,법인,2763,1723031960,6,9
2026-07,(주)영진엔지니어링,기타 엔지니어링 서비스업,전남광주통합특별시,법인,39,13582540,4,4
2026-07,라온휴한방병원,한방병원,서울특별시,개인,47,14258940,4,4
2026-07,굿프랜드 주식회사,일반 창고업,경기도,법인,143,34426640,5,13
2026-07,주식회사오션에스엠티,그 외 자동차용 신품 부품 제조업,경상북도,법인,82,26227980,4,3
2026-07,(주)카네비모빌리티,통신ㆍ방송장비 및 부품 도매업,인천광역시,법인,198,88734840,5,2
2026-07,주식회사신창글로텍,연사 및 가공사 제조업 / 특수직물 및 기타 직물 직조,경기도,법인,34,11049220,1,1
2026-07,주식회사 픽 베이크,경영 컨설팅업,서울특별시,법인,45,9808520,6,6
2026-07,주식회사 카카오엔터테인먼트,응용 소프트웨어 개발 및 공급업,경기도,법인,1032,577574480,9,12
2026-07,전북은행(주),국내은행,전북특별자치도,법인,1305,699188860,35,13
2026-07,주식회사포스코,제철업,경상북도,법인,15570,9573549940,233,191
2026-07,순수 청담본점,두발 미용업,서울특별시,개인,58,10939820,4,5
2026-07,베리시 성수(Verish Seongsu),속옷 및 잠옷 소매업,서울특별시,법인,30,6288580,7,6
2026-07,(주)제이콘/일용/CC 2026년 T&I 장치정비 PKG-1(2#CDU#2UTY#2ALK),배관 및 냉ㆍ난방 공사업,울산광역시,법인,44,14413560,6,36
2026-07,야후건설(주)/일용/울산태화강변 A-2BL아파트 건설공사 2공구 중 철근콘크리트공사,콘크리트 및 철근 공사업,울산광역시,법인,30,14218500,10,0
2026-07,(주)더홈,BIZ_NO미존재사업장,서울특별시,법인,77,24635720,1,4
2026-07,사천시청(환경공무직),비주거용 건물 임대업(점포  자기땅),경상남도,법인,51,25895520,1,0
2026-07,(주)네오뷰 서천사업장,액정 표시장치 제조업,충청남도,법인,191,53101940,191,9
2026-07,(주)레스코,금속류 원료 재생업,경상북도,법인,60,33667880,0,1
2026-07,대구전환서비스센터,스크린 인쇄업,대구광역시,법인,34,3941220,0,0
2026-07,대원강업(주)천안공장,그 외 자동차용 신품 부품 제조업,충청남도,법인,112,67951600,0,1
2026-07,주식회사 애니펜,응용 소프트웨어 개발 및 공급업,경기도,법인,34,15159920,1,7
2026-07,백상비엠에스주식회사,비주거용 부동산 관리업,서울특별시,법인,84,24006000,3,2
2026-07,Y&T파워텍주식회사,그 외 자동차용 신품 부품 제조업,충청북도,법인,130,73695140,2,0
2026-07,고메드갤러리아(주),경영 컨설팅업,서울특별시,법인,1078,336034920,36,49
2026-07,주식회사 피자앤컴퍼니,떡류 제조업,대구광역시,법인,94,26524520,10,9
2026-07,(주)농업회사법인 오케이,배합 사료 제조업,경상남도,법인,35,10357700,0,0
2026-07,특허법인 광장리앤고,BIZ_NO미존재사업장,서울특별시,법인,163,78745840,2,1
2026-07,주식회사잇츠아이티,응용 소프트웨어 개발 및 공급업,서울특별시,법인,58,12296580,0,8
2026-07,계성양계영농조합법인,양계업,강원특별자치도,법인,47,16452400,0,0
2026-07,(주)현대에버다임,기타 산업용 기계 및 장비 도매업,충청북도,법인,606,278656520,11,8
2026-07,(주)우일,기타 엔지니어링 서비스업,경상남도,법인,31,8391660,0,0
2026-07,주식회사 아이엠탐,운동 및 경기용품 도매업,서울특별시,법인,32,14184020,1,1
2026-07,유앤아이의원천안점,일반의원,충청남도,개인,33,11166000,2,6
2026-07,한국경남태양유전(주),기타 반도체 소자 제조업,경상남도,법인,1016,520085080,11,8
2026-07,(주)프로에스콤,건축물 일반 청소업,서울특별시,법인,4901,1383864560,169,199
2026-07,현대건설(주) 임직원,기타 토목 시설물 건설업,서울특별시,법인,6803,3916628600,85,89
2026-07,(주)어드밴건설-(일용)센텀파크 SK VIEW 철근 콘크리트공사,콘크리트 및 철근 공사업,부산광역시,법인,49,20639760,12,0
2026-07,(주)에이엠티파트너스,그 외 기타 분류 안된 사업 지원 서비스업,인천광역시,법인,48,12258180,5,6
2026-07,(주)엘지에너지솔루션,축전지 제조업,서울특별시,법인,12938,7754209640,104,65
2026-07,현대계전(주),배관 및 냉ㆍ난방 공사업,전남광주통합특별시,법인,65,26163420,0,0
2026-07,주식회사 글로우키친,경영 컨설팅업,서울특별시,법인,61,17547880,7,7
2026-07,(주)화진,포장용 플라스틱 성형용기 제조업,충청북도,법인,65,29909920,0,1
2026-07,주식회사삼우이앤아이 건설일용관리,구조용 금속 판제품 및 공작물 제조업,경기도,법인,53,14249360,19,27
2026-07,주식회사 피비파트너즈,임시 및 일용 인력 공급업,경기도,법인,3464,1417656580,46,62
2026-07,(주)한메가,사무용 기계 및 장비 제조업,서울특별시,법인,121,47817840,0,0
2026-07,파츠주식회사,비메모리용 및 기타 전자집적회로 제조업,경기도,법인,32,13669880,1,4
2026-07,동락산업(주)/일용/평택전자 P5 154kV변전소신축공사 중 [P5-154kV]금속공사-2,배관 및 냉ㆍ난방 공사업,경기도,법인,33,17576220,3,0
2026-07,주식회사뷰케이코리아,화장품 제조업,경기도,법인,40,15958180,3,2
2026-07,(주)천수,전동기 및 발전기 제조업,경기도,법인,34,11416180,1,3
2026-07,(주)알파로보틱스,산업용 로봇 제조업,부산광역시,법인,35,14021860,0,1
2026-07,(주)라크루뜨,제과점업,서울특별시,법인,49,10334720,5,11
2026-07,서울노원지역자활센터(바우처사업),BIZ_NO미존재사업장,서울특별시,법인,77,12546900,2,1
2026-07,주식회사 제이에이치디,벽지 및 장판류 도매업,서울특별시,법인,30,11132220,0,1
2026-07,(합자)금강환경,지정 외 폐기물 수집  운반업,경기도,법인,77,43714360,0,1
2026-07,프레시플러스(주),기타 식품 첨가물 제조업,충청북도,법인,54,20058860,1,2
2026-07,주식회사엔벤트릭,기타 인문 및 사회과학 연구개발업,서울특별시,법인,38,10644060,5,4
2026-07,NLCSJeju,일반 교과학원,제주특별자치도,법인,282,139420780,7,27
2026-07,주식회사 드림피플파트너스,BIZ_NO미존재사업장,서울특별시,법인,1138,229682900,59,55
2026-07,(주)신세계푸드,기관 구내식당업,서울특별시,법인,1978,859448520,49,53
2026-07,한화시스템 주식회사,물질 검사  측정 및 분석 기구 제조업,경상북도,법인,3294,1956854560,55,21
2026-07,한전 경북본부,태양력 발전업,경상북도,법인,40,8903240,0,4
2026-07,근로복지공단창원어린이집,BIZ_NO미존재사업장,경상남도,법인,31,8199380,0,1
2026-07,울산축산업협동조합,국내은행,울산광역시,법인,178,93341780,2,1
2026-07,디앤디프라퍼티솔루션(주),생활용 가구 도매업,서울특별시,법인,136,66202340,5,15
2026-07,(주)태양자동문,컴퓨터 및 주변장치  소프트웨어 도매업,서울특별시,법인,34,13060500,1,0
2026-07,경남노인통합지원센터,개인간병인,경상남도,법인,55,9827280,0,1
2026-07,(주)아이디에스앤트러스트,컴퓨터 제조업,서울특별시,법인,69,27860120,6,2
2026-07,주식회사 도터,기타 인문 및 사회과학 연구개발업,인천광역시,법인,61,24104400,3,2
2026-07,롯데건설(주),아파트 건설업,서울특별시,법인,3520,2087459820,31,100
2026-07,부산경상대학(시간강사),해당없음,부산광역시,법인,58,3144100,0,0
2026-07,산켄엘렉트릭코리아(주),전구  램프 및 조명장치 도매업,서울특별시,법인,53,26813480,0,0
2026-07,주식회사 유큐브,기타 정보 기술 및 컴퓨터 운영 관련 서비스업,서울특별시,법인,210,72879360,1,18
2026-07,(주)코너스,응용 소프트웨어 개발 및 공급업,서울특별시,법인,50,19384200,2,2
2026-07,주식회사신화/일용/화성 삼성전자 H1 HookUp유지보수(2024년)C HookUp공사,배관 및 냉ㆍ난방 공사업,경기도,법인,38,8446060,3,0
2026-07,(주)월덱스,기타 반도체 소자 제조업,경상북도,법인,435,181812180,18,9
2026-07,(주)유상엠엘에스,연사 및 가공사 제조업 / 특수직물 및 기타 직물 직조,경상북도,법인,52,11805200,1,0
2026-07,(주)코스트코코리아,기타 대형 종합 소매업,경기도,법인,6968,3032386960,335,114
2026-07,(주)농심,면류  마카로니 및 유사 식품 제조업,서울특별시,법인,2692,1280307580,19,15
2026-07,SK브로드밴드(주),무선 및 위성 통신업,서울특별시,법인,2370,1419548660,5,13
2026-07,(주)부산롯데호텔 (기간제),호텔업,부산광역시,법인,121,25795280,42,10
2026-07,동학식품(주),액상 시유 및 기타 낙농제품 제조업,서울특별시,법인,102,35654680,1,3
2026-07,(주)동원인텍,플라스틱 창호 제조업,경기도,법인,43,16427780,0,0
2026-07,더원네트웍스(주)부평센터,일반 통신 공사업,인천광역시,법인,34,11992840,0,0
2026-07,에이엠주식회사,유선 통신장비 제조업,경기도,법인,194,89369060,0,1
2026-07,두루에너아이 주식회사,BIZ_NO미존재사업장,경기도,법인,82,26567720,1,0
2026-07,성일기계(주),배관 및 냉ㆍ난방 공사업,서울특별시,법인,32,14074500,6,5
2026-07,엘티엔터테인먼트,복권 발행 및 판매업,제주특별자치도,법인,1173,412830060,37,31
2026-07,(주)서원유통,슈퍼마켓,부산광역시,법인,3051,848682200,98,57
2026-07,티에이케이텍스타일 주식회사,그 외 기타 분류 안된 섬유제품 제조업,경상북도,법인,114,59372440,1,1
2026-07,레메디(Remedy)한방병원,한방병원,충청남도,개인,50,15474900,1,6
2026-07,유한회사삼능기계,트레일러 및 세미 트레일러 제조업,전남광주통합특별시,법인,34,10156320,0,0
2026-07,(주)대진엠에스,BIZ_NO미존재사업장,충청북도,법인,39,13985620,1,1
2026-07,(주)한국리서치,경영 컨설팅업,서울특별시,법인,337,140820060,13,19
2026-07,(주)성보씨엔이/일용/당진기지 2단계 LNG탱크 건설공사(탱크 본체 구조물공사(5~7호기),미장  타일 및 방수 공사업,충청남도,법인,118,51882240,28,6
2026-07,전일고등학교,해당없음,전북특별자치도,법인,38,14645680,1,0
2026-07,주식회사 마키노차야세종,경영 컨설팅업,세종특별자치시,법인,43,11169160,6,5
2026-07,한국마쯔다니(주),상품 종합 도매업,경기도,법인,32,15036700,0,0
2026-07,기아(주) AutoLand광주,화물 자동차 및 특수 목적용 자동차 제조업,전남광주통합특별시,법인,6310,3820324180,221,36
2026-07,여명중학교,비주거용 건물 임대업(점포  자기땅),부산광역시,법인,30,12501580,0,1
2026-07,(주)세보엠이씨/일용/용인 Cluster 1기 구축공사 중 HVAC 및 소방공사-1공구,배관 및 냉ㆍ난방 공사업,경기도,법인,1047,455906700,340,3
2026-07,제이에스,그 외 자동차용 신품 부품 제조업,대구광역시,개인,74,25025600,5,5
2026-07,주식회사 컨트롤나인,모바일 게임 소프트웨어 개발 및 공급업,경기도,법인,114,54449080,5,4
2026-07,대한해운엘엔지 주식회사,외항 화물 운송업,서울특별시,법인,316,178368260,11,9
2026-07,주식회사 오브젝트생활연구소,그 외 기타 플라스틱 제품 제조업,서울특별시,법인,48,10384440,5,5
2026-07,（주）관악（거제지점）,호텔업,경상남도,법인,30,8997220,4,3
2026-07,(유)보람고속관광여행사,전세버스 운송업,전남광주통합특별시,법인,46,10061300,6,6
2026-07,(주)제일테크노스/일용/평택캠퍼스 2단지 조성 공사 및 P5 FAB 건축 공사 중 [P5 FAB] 데크설치공사(2공구),금속 문  창  셔터 및 관련제품 제조업,경기도,법인,80,37657440,28,0
2026-07,화도농업협동조합,신용조합,경기도,법인,84,43042740,0,1
2026-07,(주)디엔티,그 외 자동차용 신품 부품 제조업,경기도,법인,80,26100140,1,2
2026-07,(주)유니에스,고용 알선업,서울특별시,법인,8481,2094460340,535,404
2026-07,(주)에이블,기타 반도체 소자 제조업,경기도,법인,1087,406045440,1,5
2026-07,진주보건대학(시간강사),해당없음,경상남도,법인,53,2463180,0,0
2026-07,피엠씨프러덕션(주),연극단체,제주특별자치도,법인,120,27362760,9,2
2026-07,우석대학교(시간강사),비주거용 건물 임대업(점포  자기땅),전북특별자치도,법인,150,10847240,0,150
2026-07,주식회사세보엠이씨/일용/SK Hynix M15 Ph-4 Project 중 HVAC-1공구,배관 및 냉ㆍ난방 공사업,충청북도,법인,37,12214980,16,0
2026-07,김천지역자활센터(노인맞춤돌봄서비스),기타 중고 상품 소매업,경상북도,법인,59,8044040,5,2
2026-07,사단법인장애인인권연대,BIZ_NO미존재사업장,전북특별자치도,법인,253,38672280,3,2
2026-07,경진부로아(주),산업용 로봇 제조업,인천광역시,법인,35,10374140,3,4
2026-07,(주)더존비즈온,기록매체 복제업,강원특별자치도,법인,1762,780570940,25,30
2026-07,한화세미텍 주식회사,산업용 로봇 제조업,경상남도,법인,195,119660800,1,0
2026-07,세방익스프레스(주),통관 대리 및 관련서비스업 / 화물 운송 중개  대리,서울특별시,법인,126,55728320,2,2
2026-07,한국항만물류협회군산,BIZ_NO미존재사업장,서울특별시,법인,235,146802380,0,3
2026-07,가천대학교 산학협력단,기타 인문 및 사회과학 연구개발업,경기도,법인,389,108041340,24,12
2026-07,대화농업협동조합,국내은행,강원특별자치도,법인,63,27211880,0,0
2026-07,(주)대성사,그 외 자동차용 신품 부품 제조업,경상남도,법인,329,161565860,9,9
2026-07,(주)아이티센씨티에스,유선 통신장비 제조업,경기도,법인,540,254528840,4,4
2026-07,주식회사 대명교통,택시 운송업,제주특별자치도,법인,52,3408220,9,8
2026-07,소프트캠프주식회사,응용 소프트웨어 개발 및 공급업,경기도,법인,159,66685080,1,2
2026-07,흥진고등학교,비주거용 건물 임대업(점포  타인땅),경기도,법인,30,9841460,0,0
2026-07,(주)진원,주형 및 금형 제조업,경기도,법인,99,40079520,2,4
2026-07,주식회사 아성다이소,슈퍼마켓,서울특별시,법인,13405,3588170980,722,618
2026-07,주식회사조선영상비전,BIZ_NO미존재사업장,서울특별시,법인,190,81150560,1,2
2026-07,(사)한국지체장애인협회(춘천시장애인근로),비금속류 원료 재생업,강원특별자치도,법인,42,10869140,0,0
2026-07,(주)포스코모빌리티솔루션STS사업실안산공장,열간 압연 및 압출제품 제조업,경기도,법인,144,84759240,2,144
2026-07,(주)동부/일용/평택전자 P5 그린동 신축공사 중[P5]Ph1 Pipe Rack 설치공사,배관 및 냉ㆍ난방 공사업,경기도,법인,57,35298780,12,2
2026-07,현대제철주식회사당진공장,그 외 기타 1차 철강 제조업,충청남도,법인,6728,4147405800,18,36
2026-07,부산고등검찰청,비주거용 건물 임대업(점포  자기땅),부산광역시,법인,176,44172780,0,1
2026-07,제이엠로직스,절삭 가공 및 유사 처리업,인천광역시,개인,50,20936160,1,1
2026-07,(주)브라더건설/일용/남양주진접2 A-7BL 아파트 건설공사 6공구 중 철근콘크리트공사,콘크리트 및 철근 공사업,경기도,법인,62,28727260,18,32
2026-07,영진테크,절삭 가공 및 유사 처리업,경상남도,개인,36,9495900,1,0
2026-07,청신산업주식회사,지정 외 폐기물 수집  운반업,부산광역시,법인,51,24145880,0,0
2026-07,（주）올레건설/일용/시흥시 은행2지구 공동주택 개발사업 중 철근콘크리트공사 (C-2BL),유리 및 창호 공사업,경기도,법인,82,32843380,12,1
2026-07,삼성전자 구미어린이집,BIZ_NO미존재사업장,경상북도,개인,43,10625920,1,1
2026-07,이코리아산업주식회사,포장용 플라스틱 성형용기 제조업,경상남도,법인,270,97960960,4,6
2026-07,(주)시흥위생,하수 처리업,경기도,법인,39,21796740,1,0
2026-07,킹콩치과의원,치과의원,서울특별시,개인,30,10709100,0,0
2026-07,(주)신세계전기/일용/프레스티어자이(경기) 중 전기일반공사,내부 전기배선 공사업,경기도,법인,72,32807420,17,15
2026-07,태평양금속(주)구미공장,운송장비용 조명장치 제조업,경상북도,법인,161,83121880,0,3
2026-07,학림(주),해당없음,경기도,법인,36,16125820,0,0
2026-07,(주)이레트랜스,일반 화물 자동차 운송업,인천광역시,법인,30,9435700,4,0
2026-07,온라인팜주식회사,건강 보조용 액화식품 제조업,경기도,법인,403,199259300,4,3
2026-07,서울성모안과,일반의원,경기도,개인,34,12343560,0,0
2026-07,하늘목장주식회사,BIZ_NO미존재사업장,강원특별자치도,법인,33,11206500,0,0
2026-07,(주)화정엔지니어링,기타 엔지니어링 서비스업,경기도,법인,50,13776500,1,1
2026-07,산림조합중앙회,임업용 종묘 생산업,서울특별시,법인,109,65455500,0,0
2026-07,클리어 서울안과의원,일반의원,서울특별시,개인,52,20094880,2,0
2026-07,와이큐주식회사,서양식 음식점업,서울특별시,법인,35,14408320,2,2
2026-07,주식회사결고은사람들,화장품 및 화장용품 도매업,경기도,법인,38,13288380,2,1
2026-07,(주)경포씨엔씨,컴퓨터 제조업,서울특별시,법인,215,69140340,1,3
2026-07,(주)한국이엔씨/일용/용인 Cluster 1기 OBL 중 HVAC&소방공사-2,물질 검사  측정 및 분석 기구 제조업,경기도,법인,215,106842880,36,0
2026-07,(주)비엠아이,BIZ_NO미존재사업장,충청남도,법인,109,61008320,0,0
2026-07,(주)해안종합건축사사무소,해당없음,서울특별시,법인,1241,606738840,21,19
2026-07,대동프라스틱,제조 / 산업용강화플라스틱성형제품,경기도,개인,55,20299940,0,7
2026-07,주식회사 지오에이,기타 물품 취급장비 제조업,경상북도,법인,30,12301540,0,0
2026-07,(주)태우이엔지/일용/용인Cluster1기 구축공사 중 외장판넬공사-1,도배  실내 장식 및 내장 목공사업,경기도,법인,102,56180660,16,0
2026-07,디엘이앤씨주식회사,기타 토목 시설물 건설업,서울특별시,법인,3213,1975355700,5,62
2026-07,(주)더프롭,기타 산업용 기계 및 장비 임대업,경기도,법인,33,10828540,4,5
2026-07,휴먼플러스（주）CNC사업본부,유선 통신장비 제조업,경상북도,법인,31,9224240,0,0
2026-07,유현건설(주)-(일용)우암1구역 주택재개발정비사업 중 ALC공사,미장  타일 및 방수 공사업,부산광역시,법인,33,16465000,5,0
2026-07,(주)삼구아이앤씨,건축물 일반 청소업,서울특별시,법인,12968,3880345380,527,861
2026-07,(사)경기장애인부모연대의왕시지부,BIZ_NO미존재사업장,경기도,법인,34,4007580,0,0
2026-07,김포그레이스요양원,BIZ_NO미존재사업장,경기도,개인,30,6351000,3,4
2026-07,사조푸디스트 주식회사,기관 구내식당업,서울특별시,법인,2469,752210720,96,110
2026-07,주식회사텔레웍스,응용 소프트웨어 개발 및 공급업,서울특별시,법인,65,25500260,8,7
2026-07,(유)성우이앤씨-(일용)부산광역시 남천동 공동주택 신축공사 중 토공 및 흙막이공사,건물 및 구축물 해체 공사업,부산광역시,법인,31,8507500,19,0
2026-07,한솔제지（주）,BIZ_NO미존재사업장,서울특별시,법인,1659,905451600,32,16
2026-07,칸에스티엔 주식회사,금속 절삭기계 제조업,경상남도,법인,67,28528000,0,1
2026-07,(주)광복운송,택시 운송업,충청남도,법인,42,7363140,2,2
2026-07,(주)나우스넷,배관 및 냉ㆍ난방 공사업,경기도,법인,193,50478100,1,6
2026-07,（주）포트서비스,건축물 일반 청소업,서울특별시,법인,634,157210600,22,42
2026-07,정남진장흥농업협동조합,그 외 기타 분류 안된 사업 지원 서비스업,전남광주통합특별시,법인,94,40987840,3,2
2026-07,(주)하이프라자,가전제품 및 부품 도매업,서울특별시,법인,3035,1750871420,11,22
2026-07,중랑구청 장애인복지과(장애인일자리-전일제),비주거용 건물 임대업(점포  자기땅),서울특별시,법인,43,8807260,0,1
2026-07,서울센텀치과의원,치과의원,서울특별시,개인,30,11277600,2,5
2026-07,케이비아이동양철관 주식회사,그 외 기타 1차 철강 제조업,충청남도,법인,168,87190660,0,2
2026-07,한국항만물류협회당진,BIZ_NO미존재사업장,서울특별시,법인,233,145554300,0,0
2026-07,주식회사 유일비엠텍 건설일용관리,건축물 일반 청소업,서울특별시,법인,34,18039780,34,28
2026-07,삼성SDI(주),기타 반도체 소자 제조업,경기도,법인,12414,7070491800,43,113
2026-07,한국철도공사,도시철도 운송업,대전광역시,법인,26485,12396499820,631,226
2026-07,대주코레스 주식회사,그 외 자동차용 신품 부품 제조업,경상북도,법인,55,24189680,0,0
2026-07,동중한합회,BIZ_NO미존재사업장,경기도,법인,186,58913700,0,1
2026-07,(주)수산인더스트리,산업 생산시설 종합 건설업,충청남도,법인,1082,550556660,19,17
2026-07,(주)에이세프,교육관련 자문 및 평가업,서울특별시,법인,32,9406740,20,0
2026-07,(주)마야크루,응용 소프트웨어 개발 및 공급업,서울특별시,법인,30,9060780,0,3
2026-07,시리얼마이크로일렉트로닉스코리아(주),전기용 기계ㆍ장비 및 관련 기자재 도매업,경기도,법인,51,22692660,2,2
2026-07,주식회사 아람기술,배관 및 냉ㆍ난방 공사업,경기도,법인,36,13963120,1,0
2026-07,주식회사　서원토건-(일용)이천자이더레브(경기) 중 철근콘크리트공사,유리 및 창호 공사업,경기도,법인,31,13395140,7,1
2026-07,유창로지스틱스(주),개별 화물 자동차 운송업,경기도,법인,43,14867260,0,5
2026-07,서울숭인병원,요양병원,서울특별시,개인,128,35815820,4,4
2026-07,경기경영고등학교,해당없음,경기도,법인,51,19952000,1,0
2026-07,부적농업협동조합,체인화 편의점,충청남도,법인,47,22353760,3,0
2026-07,강릉아산병원,요양병원,강원특별자치도,법인,1750,864469380,23,26
2026-07,(주)동명양행,가죽의복 제조업,서울특별시,법인,33,4935980,18,1
2026-07,주식회사 티와이엠,농업 및 임업용 기계 제조업,서울특별시,법인,556,308876160,6,3
2026-07,에이치디현대중공업주식회사,선박 구성 부분품 제조업,울산광역시,법인,17156,10129444220,22,71
2026-07,(주)하이테크알파/일용/P4 Ph4(상동) 마감공사 중 Ph4 비계공사 2공구,건물 및 구축물 해체 공사업,경기도,법인,172,74367700,48,35
2026-07,주식회사맛있는식탁,김밥 및 기타 간이 음식점업,서울특별시,법인,40,10929380,5,5
2026-07,(주)KB금융지주,국내은행,서울특별시,법인,132,82236760,0,2
2026-07,주식회사 포스코모빌리티솔루션 포항2공장,기타 반도체 소자 제조업,경상북도,법인,193,107980780,0,0
2026-07,동탄산단 현대서비스,그 외 자동차용 신품 부품 제조업,경기도,개인,30,10485500,1,0
2026-07,광건티앤씨（주）/일용/P4 Ph4(상동) 마감공사 중 Ph4 수장공사 2공구(사전공사),건물용 금속 공작물 설치 공사업,경기도,법인,62,18404320,12,0
2026-07,(주)이크레더블,자료 처리업,서울특별시,법인,220,105162600,4,5
2026-07,백상코퍼레이션(주),건축물 일반 청소업,서울특별시,법인,1499,425868720,54,65
2026-07,(주) 파오스파트너스,응용 소프트웨어 개발 및 공급업,서울특별시,법인,30,10032480,0,1
2026-07,재단법인 경기도여성가족재단,해당없음,경기도,법인,142,50208460,5,4
2026-07,(주)신진정밀,금속 절삭기계 제조업,경기도,법인,30,11918540,2,0
2026-07,(주)맨파워코리아,애완 동물 장묘 및 보호 서비스업,서울특별시,법인,4388,1204914820,255,252
2026-07,의료법인 명지의료재단 명지병원,요양병원,경기도,법인,1239,484394800,27,39
2026-07,기아(주) 정비본부,화물 자동차 및 특수 목적용 자동차 제조업,서울특별시,법인,1083,677986780,1,11
2026-07,(주)엔켐-본점,석탄화학계 화합물 및 기타 기초 유기화학 물질제조업,충청북도,법인,183,84932180,1,12
2026-07,법무법인 초원,변호사업,서울특별시,법인,36,12718440,9,1
2026-07,(주)자스텍,그 외 자동차용 신품 부품 제조업,경기도,법인,48,20491720,0,0
2026-07,(주)메가이엔지/일용/화성사업장 전기배선 유지보수,내부 전기배선 공사업,경기도,법인,79,24532160,0,14
2026-07,한국환경공단,해당없음,인천광역시,법인,3605,1507126460,167,43
2026-07,영산포농업협동조합,국내은행,전남광주통합특별시,법인,62,27519320,1,1
2026-07,태진운수(주),시내버스 운송업,서울특별시,법인,76,36930540,0,1
2026-07,현대모비스(주),화물 자동차 및 특수 목적용 자동차 제조업,서울특별시,법인,12118,7479210560,68,74
2026-07,주식회사 이수에이엠씨,비주거용 부동산 관리업,서울특별시,법인,41,18509480,3,0
2026-07,주식회사 비에스산업,BIZ_NO미존재사업장,전남광주통합특별시,법인,90,49118780,7,18
2026-07,의료법인힐의료재단웅상센텀힐병원,요양병원,경상남도,법인,154,49546880,5,8
2026-07,(주)신성유화음성공장,골판지 제조업,충청북도,법인,66,25278080,0,0
2026-07,주식회사 넥스트플레이어,남녀용 겉옷 및 셔츠 도매업,서울특별시,법인,136,50818680,19,8
2026-07,팔로알토네트웍스코리아 유한회사,응용 소프트웨어 개발 및 공급업,서울특별시,법인,73,45661980,0,0
2026-07,삼성물산(주)에버랜드리조트(정규),공연시설 운영업,경기도,법인,1333,697969220,2,10
2026-07,(주)이마트,기타 대형 종합 소매업,서울특별시,법인,21552,7854441420,479,495
2026-07,레오개발주식회사-(일용)서울원IPARK중 골조공사(1공구),콘크리트 및 철근 공사업,서울특별시,법인,83,32387820,23,1
2026-07,에이치엠엠(주),외항 화물 운송업,부산광역시,법인,871,542806600,7,33
2026-07,대일외국어고등학교,BIZ_NO미존재사업장,서울특별시,법인,41,14691520,0,0
2026-07,(유)하용테크,절삭 가공 및 유사 처리업,전북특별자치도,법인,41,15596260,0,0
2026-07,고구려한방병원,한방병원,인천광역시,개인,35,11477380,0,0
2026-07,키다리식품주식회사,면류  마카로니 및 유사 식품 제조업,대전광역시,법인,201,66069580,49,8
2026-07,쿠우쿠우 양산점,한식 일반 음식점업,경상남도,개인,34,10117340,2,8
2026-07,삼성물산(주)건설부문현채직,BIZ_NO미존재사업장,서울특별시,법인,2571,1185755180,179,105
2026-07,은평대영학교,해당없음,서울특별시,법인,69,17587080,1,6
2026-07,미래에셋증권 주식회사,증권 중개업,서울특별시,법인,3553,2083561800,52,58
2026-07,환경이엔지(주)/일용/반포주공1단지(1.2.4주구) 주택재건축 공조.소방설비(3공구),미장  타일 및 방수 공사업,서울특별시,법인,93,39198400,17,21
2026-07,주식회사 월템스,BIZ_NO미존재사업장,경기도,법인,35,10722740,0,0
2026-07,(주)한샘/서울사무소,기타 목재 가구 제조업,경기도,법인,1783,806723920,42,42
2026-07,(주)이룸로지스틱스,시내버스 운송업 / 시외버스 운송업 / 택시 운송업,인천광역시,법인,32,9326680,5,4
2026-07,(주)대현티엘에스,일반 화물 자동차 운송업,대구광역시,법인,73,21278980,4,5
2026-07,신한모방(주),제조 / 소모사,충청북도,법인,36,9806860,0,0
2026-07,우신이앤에스,기타 엔지니어링 서비스업,충청남도,법인,38,9281320,5,6
2026-07,고려특수선재(주)경산공장,기타 건축용 나무제품 제조업,경상북도,법인,43,22850720,0,0
2026-07,(합자)대창강업/일용/S-OIL SHAHEEN PROJECT INTERCON 중 intercon철골공사(PKG-2 PKG-3),금속 문  창  셔터 및 관련제품 제조업,울산광역시,법인,35,19289180,2,10
2026-07,주식회사디에이치엘코리아,통관 대리 및 관련서비스업 / 화물 운송 중개  대리,서울특별시,법인,1312,634581140,9,9
2026-07,주식회사에이치케이세미텍,기타 엔지니어링 서비스업,경기도,법인,32,14350640,0,0
2026-07,성동필한방병원,한방병원,서울특별시,개인,39,11765920,2,1
2026-07,(주)시티캅,BIZ_NO미존재사업장,부산광역시,법인,43,14776680,2,2
2026-07,인천24시스카이동물의료센터,수의업,인천광역시,개인,40,12468280,4,5
2026-07,에프원테크시스템즈주식회사,응용 소프트웨어 개발 및 공급업,서울특별시,법인,36,12356140,0,0
2026-07,주식회사 에버브레인써치,고용 알선업,서울특별시,법인,53,11265940,10,0
2026-07,인탑스주식회사구미2공장,제조 / 산업용강화플라스틱성형제품,경상북도,법인,65,23232420,0,0
2026-07,경원문화(주),비주거용 부동산 관리업,전남광주통합특별시,법인,59,14316520,0,1
2026-07,한국콜마주식회사,화장품 제조업,세종특별자치시,법인,1501,715957580,57,37
2026-07,일산농업협동조합,기타 금융 투자업,경기도,법인,160,81912960,1,2
2026-07,에너지머티리얼즈 주식회사(Energy Materials Corp.),기타 비철금속 제련  정련 및 합금 제조업,경상북도,법인,136,60456560,1,0
2026-07,사회복지법인 거제도 애광원,BIZ_NO미존재사업장,경상남도,법인,118,47711300,6,0
2026-07,인천광역시대한어머니회,BIZ_NO미존재사업장,인천광역시,개인,40,6857100,4,0
2026-07,한국항만물류협회광양,BIZ_NO미존재사업장,서울특별시,법인,517,323249620,0,1
2026-07,주식회사 퍼플아이오,응용 소프트웨어 개발 및 공급업,서울특별시,법인,58,25727000,0,3
2026-07,보개농업협동조합,가정용 고체 연료 소매업,경기도,법인,34,16636100,0,0
2026-07,동우피엠씨(주),건축물 일반 청소업,서울특별시,법인,137,38607560,18,3
