자료생성년월,사업장명,업종,시도,사업장형태,적용일자,가입자수,당월고지금액,신규취득자수,상실가입자수
2026-07,법무법인민주,변호사업,서울특별시,법인,2004-04-01,82,32462280,1,0
2026-07,대원정밀공업(주),그 외 자동차용 신품 부품 제조업,경기도,법인,1988-01-01,291,153308960,2,0
2026-07,한국철도공사,도시철도 운송업,대전광역시,법인,1997-01-01,26485,12396499820,631,226
2026-07,（주）호창MF,윤활유 및 그리스 제조업,부산광역시,법인,2009-07-01,42,13359980,6,0
2026-07,(주)볼빅,체조  육상 및 체력 단련용 장비 제조업,충청북도,법인,2008-12-01,109,41417680,4,0
2026-07,주식회사 상일이앤피,생활용 포장 및 위생용품  봉투 및 유사 제품 도매업,경기도,법인,2003-02-01,32,10843320,0,0
2026-07,（주）대양건설/일용/성남산성구역주택재개발정비사업 아파트신축공사,콘크리트 및 철근 공사업,경기도,법인,2024-12-09,42,19461880,0,7
2026-07,(주)로운로지스,용달 화물 자동차 운송업,경기도,법인,2021-07-12,35,10999020,3,4
2026-07,태광정밀공업사,기타 반도체 소자 제조업,경기도,개인,2001-08-01,57,19187600,1,0
2026-07,에이치엘만도 주식회사,BIZ_NO미존재사업장,경기도,법인,2014-09-01,3625,2187004580,32,19
2026-07,에이치알이 주식회사,태양력 발전업,서울특별시,법인,2009-04-15,37,19777380,2,1
2026-07,동림건설,아파트 건설업,서울특별시,법인,2018-08-01,56,28548100,0,2
2026-07,주식회사 에코아이디,플라스틱 합성피혁 제조업,경기도,법인,2010-08-17,31,12665700,2,1
2026-07,주식회사 비전파트너스,컴퓨터 시스템 통합 자문 및 구축 서비스업,전남광주통합특별시,법인,2024-03-08,63,13212300,0,5
2026-07,씨제이올리브영주식회사-비정규,화장품 및 화장용품 도매업,서울특별시,법인,2019-11-01,9152,1086662320,907,1292
2026-07,대성에너지(주),연료용 가스 제조 및 배관공급업,대구광역시,법인,2009-10-01,371,215956220,0,2
2026-07,주식회사 에이치이엔씨-(일용)부산에코델타시티공동4블럭중흥S-클래스공동주택신축공사중골조공사,콘크리트 및 철근 공사업,부산광역시,법인,2025-07-23,115,40392520,22,5
2026-07,(주)에스앤아이코퍼레이션,사업시설 유지ㆍ관리 서비스업,서울특별시,법인,2021-10-01,2013,854096080,50,19
2026-07,(주)두잉피플플러스,비주거용 부동산 관리업,경기도,법인,1998-09-09,1557,386287480,52,215
2026-07,대일씨에프,가금류 가공 및 저장 처리업 / 육류 포장육 및 냉동육,경상남도,개인,2017-03-01,52,12589100,21,21
2026-07,승문기업(주),지정 외 폐기물 수집  운반업,경기도,법인,1994-02-17,43,22447600,0,1
2026-07,현대오토에버(주),응용 소프트웨어 개발 및 공급업,서울특별시,법인,2000-08-21,5809,3557851580,11,12
2026-07,밴스의원 제주,일반의원,제주특별자치도,개인,2025-03-17,45,16274040,9,23
2026-07,(주)경수제철건설/일용/대구롯데쇼핑타운개발계획 신축공사 중 지상층 철골공사,육상 금속 골조 구조재 제조업,대구광역시,법인,2025-10-28,31,16338800,7,0
2026-07,광주새우리병원,요양병원,전남광주통합특별시,개인,2005-02-01,119,38965080,3,6
2026-07,(주)화인알텍,기타 반도체 소자 제조업,경상북도,법인,2000-08-01,199,73902240,0,13
2026-07,（주）바이와이제이,전자상거래 소매업,서울특별시,법인,2009-04-01,95,36150900,9,5
2026-07,주식회사큐텍이씨에스-(일용)국도77호선 여수 화태-백야 도로건설공사(2공구)중 해상교량 구,콘크리트 및 철근 공사업,전남광주통합특별시,법인,2023-05-29,56,20443100,1,1
2026-07,대명지이씨(주)/일용/P4 Ph4(상동) 마감공사 중 Ph4 일반전기공사 3공구,일반 전기 공사업,경기도,법인,2025-10-01,405,175926280,81,2
2026-07,해태가루비(주) 제2공장,제조 / 코코아제품및설탕과자,강원특별자치도,법인,2016-05-01,60,24043300,0,1
2026-07,(주)엘라스텍,그 외 자동차용 신품 부품 제조업,경상북도,법인,2011-05-01,57,16422640,3,2
2026-07,(주)명가종합관리,건축물 일반 청소업,부산광역시,법인,2000-11-01,41,8786180,5,5
2026-07,서울봄연합의원,일반의원,서울특별시,개인,2019-09-23,39,12027700,1,1
2026-07,동명농업협동조합,신용조합,경상북도,법인,1988-01-01,31,14786700,0,0
2026-07,(주)메덱셀,전기식 진단 및 요법 기기 제조업,경기도,법인,2000-08-29,43,13539960,0,0
2026-07,태광후지킨 주식회사,장난감 및 취미  오락용품 도매업,부산광역시,법인,2007-07-02,1411,618599020,124,23
2026-07,넥센타이어(주)창녕공장,타이어 및 튜브 제조업,경상남도,법인,2012-01-01,1241,677849940,15,129
2026-07,동아회원거래소(주),사업 및 무형 재산권 중개업,서울특별시,법인,2002-12-01,57,22955780,1,0
2026-07,한국다우케미칼실리콘주식회사,합성수지 및 기타 플라스틱 물질 제조업,서울특별시,법인,2019-02-01,216,126007360,0,9
2026-07,유한회사이엔씨정우,선박 구성 부분품 제조업,전남광주통합특별시,법인,2021-03-05,90,26232340,1,0
2026-07,(주)장보고식자재마트(고객배송센터),슈퍼마켓,대구광역시,법인,2015-10-01,57,17615240,0,0
2026-07,（주）에코그린티엠,건축물 일반 청소업,서울특별시,법인,2010-07-01,87,15720160,10,3
2026-07,삼호개발（주）-(일용)동북선 도시철도 민간투자사업 토공 및 철근콘크리트공사,미장  타일 및 방수 공사업,서울특별시,법인,2021-01-25,146,36572600,3,16
2026-07,화순농업협동조합,국내은행,전남광주통합특별시,법인,1988-01-01,111,46346600,1,1
2026-07,케이지모빌리티 주식회사,화물 자동차 및 특수 목적용 자동차 제조업,경기도,법인,1988-02-27,3807,2324014620,1,20
2026-07,본푸드서비스 주식회사,기관 구내식당업,서울특별시,법인,1994-07-04,1184,312068320,74,67
2026-07,제주느영나영시니어클럽,해당없음,제주특별자치도,법인,2026-04-01,42,7792520,17,0
2026-07,(주)문수이엔지,그 외 기타 분류 안된 전문  과학 및 기술 서비스업,경기도,법인,2023-11-16,43,12383480,1,2
2026-07,봉화군립노인전문요양병원,해당없음,경상북도,법인,2009-01-01,41,12612280,2,1
2026-07,롯데쇼핑(주),백화점,서울특별시,법인,1988-01-01,4620,2065473000,160,217
2026-07,주식회사호연기업,그 외 기타 분류 안된 사업 지원 서비스업,경상남도,법인,2022-10-07,35,10613740,3,0
2026-07,월급쟁이부자들(주),기타 기술 및 직업 훈련학원,서울특별시,법인,2018-05-01,70,30593260,2,7
2026-07,주식회사 빅바이트컴퍼니,섬유  의복  신발 및 가죽제품 중개업 / 목재 및 건축,경기도,법인,2023-12-01,833,175792520,104,103
2026-07,주식회사이폴리움,상품 종합 도매업,서울특별시,법인,2007-08-01,51,19166460,0,3
2026-07,2026년 경기남부 무선망 시설공사 총액계약_명신,배관 및 냉ㆍ난방 공사업,경기도,법인,2014-03-01,39,10667300,0,1
2026-07,삼호개발(주)/일용/용인집단에너지사업 Project 중 토목공사 PKG B,토공사업,경기도,법인,2026-02-23,35,12722240,10,0
2026-07,에스지피엠피 주식회사,사업시설 유지ㆍ관리 서비스업,경기도,법인,2024-02-01,38,9629100,1,0
2026-07,씨에스알와인 주식회사,주류 도매업,서울특별시,법인,2007-10-01,52,20103460,0,1
2026-07,한국에코산업주식회사,금속류 원료 재생업,경기도,법인,2006-01-01,37,14714600,5,5
2026-07,에스엘라이프주식회사,전자상거래 소매업,서울특별시,법인,2003-06-25,56,18237260,3,1
2026-07,창민의료재단의료법인,요양병원,충청북도,법인,1988-08-26,116,36043640,2,1
2026-07,주식회사 포에이스,그 외 기타 1차 철강 제조업,전남광주통합특별시,법인,1991-09-04,146,77731200,0,8
2026-07,(주)에스씨케이컴퍼니,커피 및 차류 도매업,서울특별시,법인,1997-12-01,22758,5431025060,577,790
2026-07,서울아로한방병원,요양병원,서울특별시,개인,2020-05-04,33,12298960,7,6
2026-07,주식회사 이스턴산업,기타 직물제품 제조업,서울특별시,법인,2011-12-15,31,11273380,0,0
2026-07,동대문구청,비주거용 건물 임대업(점포  자기땅),서울특별시,법인,1995-01-01,208,57177300,0,11
2026-07,(주)티니위니코리아,시각 디자인업,서울특별시,법인,2018-10-01,83,35321840,3,2
2026-07,주식회사 유원지리정보시스템,측량업,경기도,법인,2008-01-01,94,33139460,6,1
2026-07,선산복지재단 성부정신수양원,BIZ_NO미존재사업장,대구광역시,법인,1988-01-01,30,14237440,0,0
2026-07,유니텔전자(주),전기용 기계ㆍ장비 및 관련 기자재 도매업,서울특별시,법인,1999-11-01,37,17962960,0,0
2026-07,(주)마뗑킴,전자상거래 소매업,경기도,법인,2018-11-01,66,27541340,6,4
2026-07,주식회사 지금융코리아,보험 대리 및 중개업,서울특별시,법인,2020-06-23,173,47686860,12,4
2026-07,주식회사 엔씨,응용 소프트웨어 개발 및 공급업,경기도,법인,1997-04-01,3439,1996358020,56,34
2026-07,월드퀀트리서치사우스코리아엘엘씨 한국지점,시장 조사 및 여론 조사업,서울특별시,법인,2015-09-01,34,21285360,0,1
2026-07,(주)한국마이콤,산업용 냉장 및 냉동장비 제조업,서울특별시,법인,1988-01-01,153,68729620,0,3
2026-07,성문회계법인,BIZ_NO미존재사업장,대구광역시,법인,2015-07-01,40,13327060,0,1
2026-07,대한지방행정공제회,비주거용 건물 임대업(점포  자기땅),서울특별시,법인,1988-01-01,175,104662640,0,1
2026-07,(주)서경,육류 도매업,경기도,법인,2016-06-11,47,15112240,4,1
2026-07,페이레터(주),통신 재판매업,서울특별시,법인,2001-01-29,123,53270360,0,0
2026-07,노화농업협동조합,기타 금융 투자업,전남광주통합특별시,법인,1988-01-01,56,21969720,0,0
2026-07,에스케이바이오사이언스(주),BIZ_NO미존재사업장,인천광역시,법인,2018-07-01,570,300317560,15,13
2026-07,이현어패럴(주),해당없음,서울특별시,법인,1999-04-10,60,19223140,0,11
2026-07,주식회사 현대케피코,그 외 자동차용 신품 부품 제조업,경기도,법인,1988-01-01,1726,1078448860,4,7
2026-07,씨티재활의학과요양병원,요양병원,전남광주통합특별시,개인,2007-04-02,109,26101000,7,0
2026-07,주식회사이엔티파워/일용/영흥 1 2호기 환경설비 잔여사업 설치조건부 구매,배관 및 냉ㆍ난방 공사업,인천광역시,법인,2025-06-05,68,31639100,2,29
2026-07,(주)성진테크,그 외 자동차용 신품 부품 제조업,경상남도,법인,2000-11-01,36,15521460,0,0
2026-07,주식회사 케이디헬스케어,상품 종합 도매업,서울특별시,법인,2011-12-01,64,19365860,0,5
2026-07,(주)동부/일용/평택전자 P5 그린동 신축공사 중[P5]Ph1 Pipe Rack 설치공사,배관 및 냉ㆍ난방 공사업,경기도,법인,2023-12-11,57,35298780,12,2
2026-07,(주) 서현개발/일용/김포북변4재개발 철근콘크리트공사(3공구),철골 및 관련 구조물 공사업,경기도,법인,2024-12-26,38,16722180,5,2
2026-07,(주)다니엘솔루션,그 외 기타 전자 부품 제조업,충청남도,법인,2020-11-01,56,11518080,6,8
2026-07,(주)새론이엔아이,BIZ_NO미존재사업장,경상북도,법인,2011-02-14,36,14123540,0,1
2026-07,대종엔지니어링주식회사-(일용)전주 현대차 트럭공장 합리화공사 중 기계설비공사(2공구),배관 및 냉ㆍ난방 공사업,전북특별자치도,법인,2025-07-31,94,48186800,0,53
2026-07,주식회사이에이치오(맛찬들왕소금구이해운대),한식 일반 음식점업,부산광역시,법인,2016-02-18,38,7503320,6,6
2026-07,헬로라이브 주식회사(hellolive Inc.),경영 컨설팅업,서울특별시,법인,2018-04-01,37,10909120,4,4
2026-07,스와로브스키코리아(주),상품 종합 도매업,서울특별시,법인,2000-07-03,277,93900280,10,7
2026-07,세한대학교,건축 설계 및 관련 서비스업,전남광주통합특별시,법인,1996-09-01,54,11159100,1,6
2026-07,조앤조병원,요양병원,서울특별시,개인,2007-03-22,57,18645540,4,1
2026-07,（주）대공/일용/S-OIL SHAHEEN Project 중 Intercon. 배관공사(PKG-2),콘크리트 및 철근 공사업,울산광역시,법인,2024-10-18,123,66353640,18,0
2026-07,주식회사에스엔바이오사이언스,기타 인문 및 사회과학 연구개발업,경기도,법인,2017-05-16,30,15626880,0,0
2026-07,덕흥정밀(주),합성섬유 제조업,경기도,법인,1997-10-27,33,9253720,0,0
2026-07,유한회사 에브라임이노베이션,부동산 중개 및 대리업,서울특별시,법인,2011-05-01,62,14227720,5,16
2026-07,주식회사 카멜인터내셔널,운동 및 경기용품 도매업,서울특별시,법인,2014-06-01,33,10397500,1,1
2026-07,(주)아워홈,기관 구내식당업,서울특별시,법인,2000-03-01,6999,2448126820,221,211
2026-07,（주）수공단개발,부동산 중개 및 대리업,경상북도,법인,2018-03-20,31,7363200,8,7
2026-07,(주)크레템,운송장비용 조명장치 제조업,경기도,법인,2004-04-10,31,11723000,0,0
2026-07,(주)안다미로,응용 소프트웨어 개발 및 공급업,경기도,법인,1992-04-16,63,24416740,1,1
2026-07,치휴한방병원,한방병원,서울특별시,개인,2020-09-21,37,11944260,5,4
2026-07,(주)호반호텔앤리조트-제천지점,호텔업,충청북도,법인,2011-01-19,154,55066820,2,11
2026-07,（주）삼아에코빌/일용/분당느티마을 4단지 리모델링사업 건축설비/소방설비공사(2공구),배관 및 냉ㆍ난방 공사업,경기도,법인,2024-07-29,34,16241500,8,1
2026-07,신세계한방병원,한의원,부산광역시,개인,2020-12-15,31,9078240,4,4
2026-07,대하산업개발（주）/일용/광주 중앙공원(1지구) 공동주택 개발사업(1BL) 중 기계설비공사,건물용 기계ㆍ장비 설치 공사업,전남광주통합특별시,법인,2025-01-14,36,14516320,11,0
2026-07,(주)GFC Korea,BIZ_NO미존재사업장,부산광역시,법인,2010-05-01,30,13269480,0,7
2026-07,(주)건화정공,BIZ_NO미존재사업장,경상북도,법인,2011-11-01,33,12398680,0,1
2026-07,(주)제일테크노스/일용/용인 Cluster 1기 구축공사 중 Deck plate공사_1공구,금속 문  창  셔터 및 관련제품 제조업,경기도,법인,2025-03-11,34,14737220,3,0
2026-07,인천24시스카이동물의료센터,수의업,인천광역시,개인,2014-07-01,40,12468280,4,5
2026-07,(주)청운산업,그 외 기타 분류 안된 사업 지원 서비스업,경상남도,법인,2018-11-27,53,18387020,0,1
2026-07,비경통상(주),구두류 제조업,서울특별시,법인,1999-01-01,65,21649040,1,0
2026-07,티에이치파트너스 주식회사,경영 컨설팅업,서울특별시,법인,2024-06-01,250,54062500,34,26
2026-07,엔에이치케미칼(주),그 외 기타 플라스틱 제품 제조업,울산광역시,법인,2011-04-10,80,32711560,0,1
2026-07,에스디플렉스(주),기타 반도체 소자 제조업,경상북도,법인,2004-11-01,42,21502480,0,1
2026-07,(주)독립운송,택시 운송업,충청남도,법인,1988-01-01,32,7432980,2,0
2026-07,의료법인갑을의료재단갑을녹산병원,BIZ_NO미존재사업장,부산광역시,법인,2012-03-23,172,52639200,14,6
2026-07,(주)비엔세라,의약품 도매업,인천광역시,법인,2022-01-01,59,23343520,4,1
2026-07,(주)퍼플랩스헬스케어,전자상거래 소매업,서울특별시,법인,2018-07-23,35,11453880,4,3
2026-07,경남중앙신용협동조합,비주거용 건물 임대업(점포  자기땅),경상남도,법인,1988-01-01,31,14686300,2,0
2026-07,산림조합중앙회,임업용 종묘 생산업,서울특별시,법인,1988-01-01,109,65455500,0,0
2026-07,세안이엔씨주식회사/일용/삼성서울병원 리모델링공사 2차(본관 외래 서측부)전기공사,일반 전기 공사업,서울특별시,법인,2023-11-01,36,20936780,14,0
2026-07,(주)강구토건,미장  타일 및 방수 공사업,서울특별시,법인,1998-02-01,44,20978580,0,0
2026-07,코튼클럽(주)전주공장,연사 및 가공사 제조업 / 특수직물 및 기타 직물 직조,전북특별자치도,법인,2000-11-01,37,10540740,1,0
2026-07,경상북도안동의료원,요양병원,경상북도,법인,1988-01-01,311,126951480,1,3
2026-07,과천시청,실내 경기장 운영업,경기도,법인,1992-01-01,160,66959820,1,2
2026-07,휘닉스평창 주식회사,그 외 기타 분류 안된 사업 지원 서비스업,강원특별자치도,법인,2017-03-22,237,78726980,35,8
2026-07,(주)포인트모바일,산업용 로봇 제조업,서울특별시,법인,2006-08-01,163,70655780,4,3
2026-07,한국종합환경산업(주),그 외 기타 분류 안된 사업 지원 서비스업,부산광역시,법인,1988-12-01,47,12719180,0,1
2026-07,의료법인은혜와감사의료재단(향남스마트병원),요양병원,경기도,법인,2018-02-05,55,17329960,3,2
2026-07,(주)동원홈푸드,천연 및 혼합 조제 조미료 제조업,서울특별시,법인,1997-06-01,1008,442721040,22,17
2026-07,주식회사애니플러스,게임용구  인형 및 장난감 소매업,서울특별시,법인,2020-01-22,78,31754620,21,2
2026-07,엠피에스인터내셔날코리아 유한회사,경영 컨설팅업,경기도,법인,2004-10-01,41,23885360,4,0
2026-07,동아제약(주),해당없음,서울특별시,법인,2013-03-01,1041,557199500,13,11
2026-07,(주)성우모터스,그 외 자동차용 신품 부품 제조업,충청북도,법인,2003-07-03,55,19775860,0,2
2026-07,주식회사갓텐코리아,경영 컨설팅업(경영지도사),경기도,법인,2011-01-03,43,21889540,0,0
2026-07,(주)정우아이앤씨,배관 및 냉ㆍ난방 공사업,경상북도,법인,2008-08-01,109,37680400,12,13
2026-07,주식회사지씨엠제주,골프장 운영업,제주특별자치도,법인,2020-09-01,51,20887380,1,0
2026-07,레이트론(주),기타 반도체 소자 제조업,대전광역시,법인,2002-03-01,89,29790980,1,0
2026-07,주식회사한덕(HANDEOKCo. Ltd.),BIZ_NO미존재사업장,경상북도,법인,2010-01-14,73,23488700,3,2
2026-07,사회복지법인여수애양병원,요양병원,전남광주통합특별시,법인,1988-01-01,119,47278840,0,1
2026-07,미래메탈테크(주),금속 단조제품 제조업,대구광역시,법인,1999-04-01,33,14051960,1,1
2026-07,수협중앙회,기타 금융 투자업,서울특별시,법인,1988-01-01,1400,780999060,10,7
2026-07,(주)일진글로벌홀딩스,경영 컨설팅업,서울특별시,법인,1990-08-09,82,46513740,0,0
2026-07,주식회사 내일건축/일용/양주 복지지구 80BL 모아엘가 공동주택 신축공사 중 내장목공사,도배  실내 장식 및 내장 목공사업,경기도,법인,2025-09-09,35,14351320,20,0
2026-07,강릉아산병원,요양병원,강원특별자치도,법인,1996-06-01,1750,864469380,23,26
2026-07,선풍토건(주)/일용/남양주시 화도읍 금남리 물류센터 개발사업 중 토목공사,기타 토목 시설물 건설업,경기도,법인,2025-01-24,32,13479700,10,0
2026-07,파랑새노인건강센타,BIZ_NO미존재사업장,부산광역시,법인,2003-05-01,49,13000140,0,0
2026-07,한국공항보안주식회사,경비 및 경호 서비스업,서울특별시,법인,2019-12-03,2375,793638120,31,28
2026-07,코리아쉽매니져스(주),BIZ_NO미존재사업장,부산광역시,법인,1996-01-03,96,54650540,11,11
2026-07,통영농업협동조합,국내은행,경상남도,법인,1988-01-01,80,36156520,0,0
2026-07,(주)지넷시스템,유선 통신장비 제조업,서울특별시,법인,1998-02-10,53,15847320,1,1
2026-07,세무법인이담,세무사업,서울특별시,법인,2022-09-01,31,9856100,4,4
2026-07,필립요양병원,요양병원,경기도,개인,2017-09-18,57,15700940,3,1
2026-07,엘아이지디펜스앤에어로스페이스 (주),기타 반도체 소자 제조업,경기도,법인,2004-07-01,3572,2153076040,11,16
2026-07,제니스마취통증의학과의원,일반의원,대구광역시,개인,2024-01-16,36,12583860,2,1
2026-07,(주)화이트리에,경영 컨설팅업,경기도,법인,2019-09-27,46,10346140,7,6
2026-07,에이치알건설주식회사/일용/(가칭)한여울학교 교사 신축공사 중 철근콘크리트공사,유리 및 창호 공사업,충청남도,법인,2025-11-07,39,13889160,3,0
2026-07,주식회사돌캐,임시 및 일용 인력 공급업,인천광역시,법인,2018-04-09,30,6847800,4,3
2026-07,(주)대한에프앤비,가금류 가공 및 저장 처리업,제주특별자치도,법인,2010-06-01,53,16641520,2,1
2026-07,포천농업협동조합,수산물 가공식품 도매업,경기도,법인,1988-01-01,119,56985400,0,1
2026-07,(주)창영테크팩,스크린 인쇄업,경기도,법인,2005-03-01,48,16898740,6,5
2026-07,동도테크(주),선철 주물 주조업,경상남도,법인,2009-10-01,49,19621260,1,0
2026-07,(주）화응건설/일용/인천부평 행복주택 및 도시재생뉴딜 혁신센터 건설공사,콘크리트 및 철근 공사업,인천광역시,법인,2025-04-01,39,12686400,9,2
2026-07,(주)에스피엔이,BIZ_NO미존재사업장,서울특별시,법인,2010-01-01,68,20544900,2,7
2026-07,주식회사거명테크-(일용)26년 2차 M16 DRAM 투자장비 배관 Hook-up공사_CLN,배관 및 냉ㆍ난방 공사업,경기도,법인,2025-07-01,44,16043900,1,0
2026-07,주식회사디에스이트레이드,응용 소프트웨어 개발 및 공급업,서울특별시,법인,2000-11-01,53,23456880,1,2
2026-07,(주)더블유서울,기타 음ㆍ식료품 위주 종합 소매업,서울특별시,법인,2013-04-01,46,14316780,3,0
2026-07,인천광역시 미추홀구시설관리공단,BIZ_NO미존재사업장,인천광역시,법인,2001-01-02,185,65594500,1,0
2026-07,(주)삼보,금속 가구 제조업,경기도,법인,1994-06-01,31,10333080,0,0
2026-07,한국엔엠비(주),상품 종합 도매업,경기도,법인,1988-01-01,57,26446700,0,0
2026-07,얼라인테크놀로지코리아 유한회사,의료 기기 도매업,서울특별시,법인,2016-04-01,90,48022520,0,1
2026-07,사단법인경기장애인자립생활센터협의회안산시지부,BIZ_NO미존재사업장,경기도,법인,2020-04-01,138,20646920,1,5
2026-07,주식회사중원컴퍼니-에드워드코리아,고용 알선업,전남광주통합특별시,법인,2012-12-01,32,7484400,4,4
2026-07,여수시노인복지관(노인맞춤돌봄서비스),BIZ_NO미존재사업장,전남광주통합특별시,법인,2007-08-01,91,12841580,0,2
2026-07,곰소할인마트(전화련),조미료 도매업,전북특별자치도,개인,2012-11-01,31,8990140,7,7
2026-07,(주)코리아써키트,기타 반도체 소자 제조업,경기도,법인,1988-01-01,1323,554831380,55,30
2026-07,주식회사에어코리아,기타 항공 운송지원 서비스업,인천광역시,법인,2008-05-16,1360,418857660,2,21
2026-07,신안종합레져(주),골프장 운영업,경기도,법인,2007-08-01,67,22746040,9,7
2026-07,루소의숲어린이집,BIZ_NO미존재사업장,경기도,개인,2010-10-14,30,5745100,0,1
2026-07,우일계전공업（주）/일용/청주 P&T7 신축 Project 중 가설전기공사(저압-1),배관 및 냉ㆍ난방 공사업,충청북도,법인,2026-05-20,54,26326140,31,0
2026-07,주식회사멜리언스,전자상거래 소매업,서울특별시,법인,2023-01-01,31,11842120,0,6
2026-07,(주)스윗밸런스랩,그 외 기타 식료품 제조업,경기도,법인,2017-11-01,147,40919560,9,2
2026-07,주식회사휴엔로지스,임시 및 일용 인력 공급업,경기도,법인,2019-03-01,111,33736520,3,9
2026-07,(주)관우개발,건축물 일반 청소업,서울특별시,법인,1995-06-30,33,9775640,0,2
2026-07,다이토키스코주식회사 익산공장,접착제 및 젤라틴 제조업,전북특별자치도,법인,2020-01-01,71,30182500,2,2
2026-07,(주)오션엔지니어링,철물  금속 파스너 및 수공구 도매업,충청북도,법인,2004-05-01,51,21650480,0,3
2026-07,명진단영상의학과,방사선 진단 및 병리 검사 의원,서울특별시,개인,1996-06-01,31,10597400,1,1
2026-07,의료법인 신세광의료재단,요양병원,울산광역시,법인,2011-05-11,59,19542960,3,6
2026-07,롯데하이마트(주),가전제품 소매업,서울특별시,법인,1988-01-01,3460,1521472000,20,47
2026-07,유한회사 솔물류,항공 및 육상 화물 취급업,전남광주통합특별시,법인,2025-01-01,36,13629800,0,2
2026-07,한국제지(주) 서울,인쇄용 및 필기용 원지 제조업,서울특별시,법인,2025-07-01,136,72973620,0,1
2026-07,연세대학교의료원산학협력단,기타 인문 및 사회과학 연구개발업,서울특별시,법인,2012-12-31,1256,352064260,59,41
2026-07,바이텍(주),운송장비용 조명장치 제조업,인천광역시,법인,1999-04-15,39,11568140,9,0
2026-07,주식회사에스엘주택관리,경비 및 경호 서비스업,인천광역시,법인,2012-08-06,30,8001260,0,0
2026-07,서울정의여자고등학교,해당없음,서울특별시,법인,1997-01-01,35,11579260,0,0
2026-07,피엠씨프러덕션(주),연극단체,제주특별자치도,법인,1997-06-01,120,27362760,9,2
2026-07,주식회사 아로펫,애완용 동물 및 관련용품 소매업,충청북도,법인,2011-06-01,49,17786380,3,4
2026-07,서강고등학교,해당없음,전남광주통합특별시,법인,2002-03-01,40,16807340,0,0
2026-07,의료법인 명지의료재단 명지병원,요양병원,경기도,법인,1988-01-01,1239,484394800,27,39
2026-07,(주)인투인웍스,도배  실내 장식 및 내장 목공사업,서울특별시,법인,2017-12-08,44,4987060,2,5
2026-07,세안이엔씨주식회사/일용/평택 P5 신축공사 중 [P5 FAB] 가설전기 접지공사 1공구,일반 전기 공사업,경기도,법인,2023-12-18,192,86328740,33,2
2026-07,(주)이프,BIZ_NO미존재사업장,경상북도,법인,2011-11-01,44,16362040,0,0
2026-07,주식회사 디비컴퍼니,그 외 기타 분류 안된 사업 지원 서비스업,부산광역시,법인,2026-01-01,44,9348000,4,5
2026-07,허브넷굿컴퍼니닷컴 주식회사,광고 대행업,서울특별시,법인,2010-10-07,31,9603760,0,0
2026-07,(주)트로이스세이프티,그 외 기타 건축 마무리 공사업,경기도,법인,2019-03-01,85,17813620,3,10
2026-07,(주)한빛케이에스이,배전반 및 전기 자동제어반 제조업,울산광역시,법인,2005-11-26,43,16668740,0,0
2026-07,(주)월드테크,도장 및 기타 피막 처리업,경상남도,법인,2003-02-06,34,14339240,2,1
2026-07,재단법인밀양문화관광재단,BIZ_NO미존재사업장,경상남도,법인,2016-02-16,47,18097260,0,0
2026-07,김정문알로에(주),건강 보조용 액화식품 제조업,서울특별시,법인,1988-01-01,71,24181260,1,6
2026-07,중앙식자재마트,기타 음ㆍ식료품 위주 종합 소매업,서울특별시,개인,2014-03-01,33,9820680,0,5
2026-07,(주)유시스,응용 소프트웨어 개발 및 공급업,부산광역시,법인,2006-03-01,32,9959100,1,0
2026-07,(주)용마루건설/일용/평택브레인시티공동주택신축공사중건축 기계 토목 조경공사중철근콘크리트공사,콘크리트 및 철근 공사업,경기도,법인,2026-03-10,40,16137940,21,0
2026-07,씨마크서비스 주식회사,고용 알선업,강원특별자치도,법인,2023-03-01,142,51797780,17,2
2026-07,의료법인윤영의료재단,해당없음,강원특별자치도,법인,2013-04-29,46,13674380,0,2
2026-07,전북대학교 교무과(교육행정인턴),비주거용 건물 임대업(점포  자기땅),전북특별자치도,법인,2015-03-13,32,6388700,1,6
2026-07,공군교육사령부(공병대대),비주거용 건물 임대업(점포  자기땅),경상남도,법인,2018-01-01,83,21683380,6,0
2026-07,동방실리콘(주),그 외 기타 고무제품 제조업,인천광역시,법인,1999-10-01,64,21253320,1,0
2026-07,케이지이종합건설(주),아파트 건설업,부산광역시,법인,2007-02-01,32,14207420,3,4
2026-07,(주)지엠피쥬얼리,BIZ_NO미존재사업장,경기도,법인,2013-10-16,42,10153020,0,0
2026-07,(주)대성기연,산업용 냉장 및 냉동장비 제조업,경기도,법인,1999-07-01,51,17664760,4,9
2026-07,대원씨아이(주),일반 서적 출판업,서울특별시,법인,2006-12-13,137,53220740,2,0
2026-07,동양생명보험(주),생명보험업,서울특별시,법인,2009-04-22,51,31928040,0,2
2026-07,에스케이가스(주),연료용 가스 제조 및 배관공급업,경기도,법인,1988-01-01,616,358490460,8,8
2026-07,한국도로교통공단 교통방송울산본부,옥외 및 전시 광고업,울산광역시,법인,2012-02-13,34,14606940,1,0
2026-07,주식회사유창이앤씨/(일용)LGD 파주 P10 확장투자 CR&UT공사 C/R판넬공사-2,구조용 금속 판제품 및 공작물 제조업,경기도,법인,2025-08-20,116,45600800,31,0
2026-07,오성기전(주),배전반 및 전기 자동제어반 제조업,경기도,법인,1991-03-08,30,11068120,0,0
2026-07,(사)부산항만산업협회-화물고정업,건축물 일반 청소업,부산광역시,법인,2013-09-01,1107,691533000,0,2
2026-07,(사)한국건강관리협회서울특별시서부지부,그 외 기타 보건업,서울특별시,법인,2001-08-01,246,104198960,7,5
2026-07,주식회사새천년미소,BIZ_NO미존재사업장,경상북도,법인,2013-02-01,152,69917520,1,2
2026-07,(주)대호냉각기,음ㆍ식료품 및 담배 가공기계 제조업,경기도,법인,2009-02-11,31,10387360,0,0
2026-07,주식회사엑스오컴퍼니,물질 검사  측정 및 분석 기구 제조업,세종특별자치시,법인,2019-08-16,32,12966680,4,3
2026-07,동림병원,요양병원,전남광주통합특별시,개인,2008-03-08,54,15736680,1,0
2026-07,(주)이비뉴스산업경제,데이터베이스 및 온라인 정보 제공업,서울특별시,법인,2000-05-01,38,15639380,0,0
2026-07,대성농협 인력중개센터,증권 발행  관리  보관 및 거래 지원 서비스업,전북특별자치도,법인,2025-04-01,30,7695000,30,0
2026-07,케이씨씨모빌리티(주),자동차 신품 판매업,서울특별시,법인,2011-12-05,184,67013880,30,3
2026-07,디에스티(주),주형 및 금형 제조업,경상남도,법인,2017-07-01,48,20011380,1,2
2026-07,바다의별,BIZ_NO미존재사업장,경기도,법인,2004-01-01,41,14418180,0,0
2026-07,유한책임회사 티비디케이(TBDKLLC),응용 소프트웨어 개발 및 공급업,서울특별시,법인,2022-10-01,70,33068020,1,0
2026-07,주식회사 에이오(AO）,공연 기획업,서울특별시,법인,2012-09-06,32,16123220,0,0
2026-07,동우피엠씨(주),건축물 일반 청소업,서울특별시,법인,2001-04-01,137,38607560,18,3
2026-07,순천시장애인종합복지관-장애인활동지원사업,BIZ_NO미존재사업장,전남광주통합특별시,법인,2014-01-01,43,7897580,0,0
2026-07,삼성바이오드림파크어린이집,BIZ_NO미존재사업장,인천광역시,법인,2016-01-07,54,13124220,1,1
2026-07,덴탈플란트,정형 외과용 및 신체 보정용 기기 제조업,경상남도,개인,2023-07-01,35,10898640,1,2
2026-07,아산시청(아산시립합창단),기타 부동산 임대업,충청남도,법인,2013-05-01,47,9613600,0,0
2026-07,(주)호텔리어코리아,기타 기술 및 직업 훈련학원,서울특별시,법인,2022-09-01,72,16559520,9,50
2026-07,지엠테크니컬센터코리아주식회사,기타 인문 및 사회과학 연구개발업,인천광역시,법인,2019-01-01,2768,1633188600,2,17
2026-07,영신여객주식회사,시내버스 운송업,부산광역시,법인,1988-01-01,154,83783820,1,1
2026-07,홍천국토관리사무소,비주거용 건물 임대업(점포  자기땅),강원특별자치도,법인,1991-01-31,50,16866260,0,0
2026-07,(주)포마트코퍼레이션,남녀용 겉옷 및 셔츠 도매업,서울특별시,법인,1997-07-01,66,27635440,0,1
2026-07,유한회사 건향개발/일용/원주 트레이더스 철근 콘크리트공사,콘크리트 및 철근 공사업,강원특별자치도,법인,2026-04-10,55,17511480,20,19
2026-07,(주)디엠테크놀러지,해당없음,대구광역시,법인,2005-06-01,32,15344880,0,0
2026-07,(주)동원에프앤비,수산동물 건조 및 염장품 제조업,서울특별시,법인,2000-11-01,2073,760144200,33,25
2026-07,(주)대경이앤씨,배관 및 냉ㆍ난방 공사업,경상북도,법인,2001-03-01,31,12704940,5,4
2026-07,(주)삼보/2026년수원시생활폐기물수집.운반대행용역(6구역),지정 외 폐기물 처리업,경기도,법인,2024-01-01,40,20815840,1,0
2026-07,(주)이노솔루텍,컴퓨터 및 주변장치  소프트웨어 도매업,대전광역시,법인,2002-08-01,117,33663680,2,0
2026-07,에이제이주식회사,신문용지 제조업,충청남도,법인,1988-01-01,89,37501580,1,0
2026-07,두남화학,BIZ_NO미존재사업장,경상남도,개인,1991-07-02,31,11775840,0,0
2026-07,주식회사 멘토커리어,BIZ_NO미존재사업장,서울특별시,법인,2010-08-20,179,37669360,6,21
2026-07,(주)오주건설(일용)행정중심복합도시5-1L1BL아파트건설공사21공구중철근콘크리트공사,콘크리트 및 철근 공사업,세종특별자치시,법인,2025-09-22,62,32409360,6,0
2026-07,(주)포엔텍,금속 문  창  셔터 및 관련제품 제조업,경상북도,법인,2008-12-01,59,32635620,3,0
2026-07,엔에이치엔주식회사,BIZ_NO미존재사업장,경기도,법인,2013-08-01,829,449168960,7,9
2026-07,주식회사 대원씨앤씨,응용 소프트웨어 개발 및 공급업,서울특별시,법인,2005-07-01,88,28329460,4,2
2026-07,(주)봉영,그 외 자동차용 신품 부품 제조업,경상북도,법인,2015-09-24,31,8136620,0,0
2026-07,(주)동아금속,그 외 자동차용 신품 부품 제조업,경상북도,법인,1998-03-01,106,45897400,0,2
2026-07,특허법인신세기,변리사업,서울특별시,법인,2004-10-01,33,14117200,0,0
2026-07,알에스오토메이션주식회사,BIZ_NO미존재사업장,경기도,법인,2010-01-06,166,67478520,1,1
2026-07,주식회사 하츠,한식 일반 음식점업,경기도,법인,2017-04-10,52,13208160,9,8
2026-07,흥석건설(주)/일용/분당 느티마을3단지 리모델링사업 철근콘크리트공사(1공구),콘크리트 및 철근 공사업,경기도,법인,2024-08-12,124,58904880,19,1
2026-07,고이건설(주)-(일용)J-PROJECT 장충동 호텔개발사업 중 철근콘크리트공사,그 외 기타 건축 마무리 공사업,서울특별시,법인,2025-08-29,37,14748360,15,0
2026-07,신주중학교,BIZ_NO미존재사업장,경상남도,법인,2006-02-13,30,10158900,0,0
2026-07,신현농업협동조합,국내은행,경상남도,법인,1988-01-01,95,40846080,0,1
2026-07,주식회사지나테크,반도체 제조용 기계 제조업,충청남도,법인,2020-07-01,35,11958900,0,3
2026-07,(주)세이프원,경비 및 경호 서비스업,서울특별시,법인,2012-05-01,1084,290138200,76,21
2026-07,엘아이지디펜스앤에어로스페이스(주),운송장비용 조명장치 제조업,경상북도,법인,2004-07-01,1926,1116567100,6,10
2026-07,세명검사기술(주),기타 기술 시험  검사 및 분석업,경상남도,법인,2000-05-01,172,70587940,5,2
2026-07,비젼이엔지주식회사/(일용)AP4 Infra 보완투자 대응 유기 배기 Hook-up 공사,건물용 기계ㆍ장비 설치 공사업,경기도,법인,2026-03-18,58,30181320,7,2
2026-07,볼보그룹코리아(주),상품 종합 도매업,경상남도,법인,1998-07-01,1058,591589540,16,14
2026-07,(주)에이스바이옴,음ㆍ식료품 및 담배 중개업,서울특별시,법인,2017-09-01,55,28337480,2,1
2026-07,두양건축(주)-(일용)호텔서울 본관 리뉴얼공사 중 전면객실 인테리어공사(2공구),아파트 건설업,서울특별시,법인,2025-11-12,46,17933540,32,42
2026-07,르노코리아 주식회사,화물 자동차 및 특수 목적용 자동차 제조업,부산광역시,법인,2000-09-01,2947,1698740220,21,36
2026-07,군산시수산업협동조합,신용조합,전북특별자치도,법인,1988-01-01,148,58636320,0,2
2026-07,주식회사성호씨그마,의료 기기 도매업,경기도,법인,2011-04-01,33,12452480,0,0
2026-07,신명택시주식회사,BIZ_NO미존재사업장,경상남도,법인,1988-01-01,40,3472020,0,0
2026-07,한영회계법인,공인회계사업,서울특별시,법인,1988-01-01,2200,1184930140,37,42
2026-07,더봄플러스주식회사,사업시설 유지ㆍ관리 서비스업,서울특별시,법인,2021-12-01,69,10856180,11,3
2026-07,주식회사 지투지(G2G),경영 컨설팅업,서울특별시,법인,2020-01-01,69,24502780,3,8
2026-07,파주시문산종합사회복지관,해당없음,경기도,법인,2011-04-01,39,11692580,1,0
2026-07,부산광역시 서구 청소행정과(환경미화원),비주거용 건물 임대업(점포  자기땅),부산광역시,법인,2008-01-01,47,23730280,0,0
2026-07,동산푸드,과자류 및 코코아 제품 제조업,세종특별자치시,개인,2017-12-01,34,11747040,1,2
2026-07,주식회사암펠,응용 소프트웨어 개발 및 공급업,경기도,법인,2018-12-01,121,25413860,1,4
2026-07,한국제품안전관리원,기타 엔지니어링 서비스업,서울특별시,법인,2018-09-21,111,36926600,12,1
2026-07,충남지체장애인협회계룡시지회(환경나라-활동보조),건축물 일반 청소업,충청남도,법인,2016-02-01,74,11775120,8,7
2026-07,의료법인 해올의료재단 힐마루병원,요양병원,부산광역시,법인,2019-01-01,67,20005680,5,0
2026-07,프로테크,기타 소사장제,울산광역시,개인,2021-01-01,46,19751460,1,0
2026-07,한성운수(주),택시 운송업,인천광역시,법인,1988-01-01,88,14307880,2,3
2026-07,두원이에프씨(주)/일용/울산 AIDC A동 신축공사 중 전기공사,일반 전기 공사업,울산광역시,법인,2025-10-22,69,33704800,39,0
2026-07,주식회사 백년종합관리,그 외 기타 분류 안된 사업 지원 서비스업,경기도,법인,2015-12-24,31,7435380,0,2
2026-07,청주시서원보건소,BIZ_NO미존재사업장,충청북도,법인,2010-03-01,36,11998040,0,0
2026-07,(주)대건기업,건축물 일반 청소업,서울특별시,법인,1995-01-23,51,13500720,0,0
2026-07,풍기산업（주）광주공장,그 외 자동차용 신품 부품 제조업,전남광주통합특별시,법인,2015-01-01,124,58701620,1,0
2026-07,(주)화진,포장용 플라스틱 성형용기 제조업,충청북도,법인,2001-06-01,65,29909920,0,1
2026-07,(주)블랙스톤리조트이천,골프장 운영업,경기도,법인,2015-12-21,74,25437040,3,0
2026-07,마산제일고등학교,BIZ_NO미존재사업장,경상남도,법인,2000-06-19,30,12580500,0,0
2026-07,주식회사 씨엠티모터스,자동차 종합 수리업,서울특별시,법인,2025-04-01,38,14623660,5,4
2026-07,(주)세웅산업,선박 구성 부분품 제조업,전남광주통합특별시,법인,2021-08-23,132,50854900,1,0
2026-07,(주)비오팜,건강 보조용 액화식품 제조업,경기도,법인,2002-01-20,145,55285060,7,2
2026-07,(주)건우통신,미장  타일 및 방수 공사업,서울특별시,법인,1997-04-17,33,10113600,1,0
2026-07,주식회사창원기전/일용/동작 상도동 전기공사 통신공사 소방전기공사,일반 통신 공사업,서울특별시,법인,2024-01-04,31,9576540,6,2
2026-07,(주)에이아이오코리아,기타 반도체 소자 제조업,충청남도,법인,2008-09-20,62,22989680,0,0
2026-07,(주)우신에이펙,금속 문  창  셔터 및 관련제품 제조업,부산광역시,법인,1988-01-01,59,17417220,0,1
2026-07,주식회사 풍산 방산기술연구원,알루미늄 압연  압출 및 연신제품 제조업,대전광역시,법인,2011-02-01,71,41903560,0,0
2026-07,(주)경포씨엔씨,컴퓨터 제조업,서울특별시,법인,2002-10-01,215,69140340,1,3
2026-07,（주）금화테크,금속 절삭기계 제조업,경상남도,법인,2012-11-01,65,24512380,1,0
2026-07,주식회사유원,증류기  열 교환기 및 가스 발생기 제조업,전남광주통합특별시,법인,2021-01-01,100,43478400,0,5
2026-07,주식회사세원과학사,서적  잡지 및 기타 인쇄물 도매업,서울특별시,법인,2020-07-01,35,13435100,0,0
2026-07,주식회사 시스텍,기타 물품 취급장비 제조업,경기도,법인,2016-09-01,36,14588160,7,6
2026-07,(주)영화적순간(바위제작팀),일반 영화 및 비디오물 제작업,서울특별시,법인,2025-12-01,40,17267840,0,36
2026-07,주식회사송원하이텍,해당없음,부산광역시,법인,2009-11-17,38,11782400,0,5
2026-07,대우제약(주),완제 의약품 제조업,부산광역시,법인,1988-01-01,310,105146720,3,3
2026-07,주식회사서진캠,그 외 자동차용 신품 부품 제조업,경기도,법인,1999-11-01,350,197666760,1,0
2026-07,의료법인 아인의료재단,요양병원,인천광역시,법인,2011-10-11,1017,344326900,39,25
2026-07,주식회사 티와이엠,농업 및 임업용 기계 제조업,서울특별시,법인,1988-01-01,556,308876160,6,3
2026-07,주식회사 알투소프트,응용 소프트웨어 개발 및 공급업,대전광역시,법인,2005-08-01,32,8311160,0,0
2026-07,우양기건（주)(일용)일산 덕이동 데이터센터(경기) 설비공사,배관 및 냉ㆍ난방 공사업,경기도,법인,2025-04-18,30,13543080,1,5
2026-07,한신공영（주）/일용/서울9호선 4-3공구,아파트 건설업,서울특별시,법인,2021-12-30,57,23829100,8,0
2026-07,한국전력공사,태양력 발전업,전남광주통합특별시,법인,1988-01-01,22729,12765856260,518,162
2026-07,포스코 제1 어린이집,BIZ_NO미존재사업장,서울특별시,법인,2010-03-03,30,7503240,0,0
2026-07,아산시청 - 전일제일자리,기타 부동산 임대업,충청남도,법인,2008-01-02,50,10241000,0,1
2026-07,금풍건설이엔씨주식회사-(일용)신한울배수로(신한울3 4호기 설비공사 중 배수로 배수조 및 GIB/CV터널 축조,유리 및 창호 공사업,경상북도,법인,2024-11-07,61,30325340,0,0
2026-07,(주)에이티맥스,응용 소프트웨어 개발 및 공급업,서울특별시,법인,2003-06-01,94,38777840,1,2
2026-07,주식회사지비에프엔씨,비주거용 부동산 관리업,경기도,법인,2016-07-05,38,11052980,4,4
2026-07,(주)베러스쿱크리머리,낙농품 및 동ㆍ식물성 유지 도매업,서울특별시,법인,2025-01-15,220,56057520,56,27
2026-07,서울원탑365정형외과의원,일반의원,경기도,개인,2024-09-11,32,12063280,3,4
2026-07,주식회사데이원드림,음악 및 기타 오디오물 출판업,서울특별시,법인,2023-01-01,62,21253780,7,7
2026-07,오성주류판매(주),주류 도매업,대구광역시,법인,1991-02-01,33,9736440,1,5
2026-07,국립산림과학원난대아열대산림연구소,BIZ_NO미존재사업장,제주특별자치도,법인,2003-01-01,30,6699020,3,1
2026-07,（주）상일종합관리,조경 건설업,대구광역시,법인,2012-03-01,1222,343504680,59,48
2026-07,키노톤(주),가전제품 및 부품 도매업,서울특별시,법인,2006-07-01,80,35486900,1,0
2026-07,(주)대현환경,기타,경기도,법인,1998-06-01,124,43675020,2,1
2026-07,우신이앤에스,기타 엔지니어링 서비스업,충청남도,법인,2024-07-01,38,9281320,5,6
2026-07,(재)서울문화재단,잡지 및 정기 간행물 발행업,서울특별시,법인,2004-03-15,330,129682560,22,8
2026-07,선운산농업협동조합,국내은행,전북특별자치도,법인,1988-01-01,66,36921400,0,0
2026-07,제로치과병원,치과의원,대구광역시,개인,2024-03-11,40,13371640,8,1
2026-07,한국항만물류협회서산,BIZ_NO미존재사업장,서울특별시,법인,2003-01-01,38,23789520,0,0
2026-07,에프유주식회사,그 외 자동차용 신품 부품 제조업,울산광역시,법인,2004-07-01,174,96900700,1,4
2026-07,(주)아산-팔탄지점,그 외 자동차용 신품 부품 제조업,경기도,법인,2020-03-16,31,13631720,2,2
2026-07,삼흥산업개발(주),지정 외 폐기물 수집  운반업,경기도,법인,2002-03-01,39,16181800,1,0
2026-07,수풍에너지서비스,기타자영업,부산광역시,개인,2017-04-01,32,7461120,0,0
2026-07,(주)비큐에이아이,응용 소프트웨어 개발 및 공급업,서울특별시,법인,1998-08-25,78,31005600,12,7
2026-07,엑소후레쉬물류(주),육류 가공식품 도매업,경기도,법인,1998-01-01,45,23671440,1,0
2026-07,주식회사 고려전기,전기용 기계ㆍ장비 및 관련 기자재 도매업,서울특별시,법인,2001-07-01,36,13273880,0,0
2026-07,주식회사진성기전/일용/FISCHER EPC PROJECT 건설공사 중 전기 계장 WWT Revamp 공사,내부 전기배선 공사업,울산광역시,법인,2025-05-01,79,45147720,24,0
2026-07,티디이엔텍주식회사/일용/(단가)보온공사,주철관 제조업,울산광역시,법인,2023-03-01,125,52892460,58,7
2026-07,（주） 지티일렉콘/일용/화성동탄 2 A78블록 민간참여 공공주택사업 중 전기 통신 소방공사,일반 전기 공사업,경기도,법인,2025-11-20,35,16172000,8,0
2026-07,(주)디티씨,일반 화물 자동차 운송업,인천광역시,법인,1988-09-01,99,43256080,1,0
2026-07,한솔제지（주）,BIZ_NO미존재사업장,서울특별시,법인,2015-01-01,1659,905451600,32,16
2026-07,주식회사 삼립,떡류 제조업,경기도,법인,1988-01-01,2015,851040520,57,75
2026-07,에스케이하이닉스새마을금고,신용조합,경기도,법인,2003-09-01,38,23007200,0,0
2026-07,고려대학교세종캠퍼스(시간강사),기타 인문 및 사회과학 연구개발업,세종특별자치시,법인,2010-09-01,186,13351900,0,1
2026-07,(주)헤렌,광고 대행업,서울특별시,법인,2016-12-12,44,16697040,2,3
2026-07,주식회사 경동산업 경주공장,자동차 차체용 신품 부품 제조업,경상북도,법인,2024-06-24,34,9820120,4,4
2026-07,화성엔지니어링(주)/일용/용인 Cluster 1기 구축공사 중 HVAC 및 소방공사-2공구,배관 및 냉ㆍ난방 공사업,경기도,법인,2025-05-16,590,292311240,132,2
2026-07,주식회사하나기연,기타 엔지니어링 서비스업,서울특별시,법인,1988-01-01,48,20178580,0,1
2026-07,함평영화학교,BIZ_NO미존재사업장,전남광주통합특별시,법인,1998-02-01,30,9982740,0,0
2026-07,중원엔지니어링주식회사/일용/SK Hynix M15 Ph-4 Project HVAC-4공구,미장  타일 및 방수 공사업,충청북도,법인,2025-09-17,217,89092160,54,0
2026-07,（주）스마트정보,컴퓨터 시스템 통합 자문 및 구축 서비스업,서울특별시,법인,2011-02-14,62,17720320,0,1
2026-07,사단법인 한국교과서협회,매니저업,경기도,법인,1988-01-01,38,16294500,0,0
2026-07,그린힐(주),두부 및 유사 식품 제조업,경상남도,법인,1999-07-01,31,8404440,4,3
2026-07,(주)원앤씨,치약  비누 및 기타 세제 제조업,충청북도,법인,2011-01-16,189,53093080,1,20
2026-07,(주)선영테크,기타 선박 건조업,전북특별자치도,법인,2022-10-04,73,21621860,2,4
2026-07,복지콜주야간보호센터,BIZ_NO미존재사업장,인천광역시,개인,2018-01-01,97,13543960,1,3
2026-07,주식회사레뱅,주류 도매업,경기도,법인,2002-03-12,49,17718600,0,3
2026-07,(주)대영에스텍,유선 통신장비 제조업,대전광역시,법인,1999-01-06,60,26335280,1,0
2026-07,두리솔루션주식회사,금속 캔 및 기타 포장용기 제조업,경기도,법인,2017-08-01,39,9531260,0,1
2026-07,주식회사크리에이티브애드창,광고 대행업,서울특별시,법인,2016-04-01,48,12746240,0,15
2026-07,중원엔지니어링(주)/일용/용인 Cluster 1기 IBL CUB 중 HVAC 및 소방공사,미장  타일 및 방수 공사업,경기도,법인,2025-03-27,508,229977720,143,1
2026-07,주식회사코지,남녀용 겉옷 및 셔츠 도매업,경기도,법인,2014-05-01,31,9362780,4,4
2026-07,디엘이앤씨주식회사,기타 토목 시설물 건설업,서울특별시,법인,2021-01-01,3213,1975355700,5,62
2026-07,(주)세보엠이씨/일용/용인 집단에너지 사업 중 LNG관로공사 PKG.A,배관 및 냉ㆍ난방 공사업,경기도,법인,2025-12-11,43,18666440,10,0
2026-07,인제축산업협동조합,국내은행,강원특별자치도,법인,1988-01-01,47,24502640,0,0
2026-07,한국큐빅(주),플라스틱 창호 제조업,경기도,법인,1990-07-01,112,39787740,0,1
2026-07,한특(주),건축물 일반 청소업,부산광역시,법인,1999-01-06,64,15362620,6,2
2026-07,주식회사 무경/일용/울산 라엘에스 기계/소화설비공사,배관 및 냉ㆍ난방 공사업,울산광역시,법인,2025-01-02,45,20102320,18,0
2026-07,(주)부산코스비,그 외 기타 보건업,부산광역시,법인,2004-07-01,32,5354440,1,0
2026-07,이레토탈서비스주식회사,전자상거래 소매업,대전광역시,법인,2019-02-11,67,19012540,12,6
2026-07,(주)셜대학원범어1지점,일반 교과학원,대구광역시,법인,2016-05-01,32,9494720,1,12
2026-07,주식회사 신화/일용/아산모종샛들지구 A-1BL 공동주택 건설공사 중 철근콘크리트공사2공구,콘크리트 및 철근 공사업,충청남도,법인,2026-04-15,36,13785120,23,0
2026-07,청라달튼외국인학교,해당없음,인천광역시,법인,2011-06-13,96,43053040,1,8
2026-07,부석농업협동조합,육류 도축업(가금류 제외) / 가금류 도축업,충청남도,법인,1988-01-01,88,34043580,18,1
2026-07,피에스앤마케팅주식회사,무선 및 위성 통신업,서울특별시,법인,2009-04-03,1775,708337100,8,28
2026-07,주식회사아이브코리아,응용 소프트웨어 개발 및 공급업,서울특별시,법인,2017-01-01,30,8836080,1,1
2026-07,(주)엔텔스랩스,응용 소프트웨어 개발 및 공급업,서울특별시,법인,2012-02-27,36,14720680,0,3
2026-07,백석농업협동조합,그 외 기타 분류 안된 사업 지원 서비스업,경기도,법인,1988-01-01,80,34934960,3,0
2026-07,대덕구 가족센터(아이돌봄),해당없음,대전광역시,법인,2025-07-01,34,7219380,2,1
2026-07,주식회사씨케이앤비,응용 소프트웨어 개발 및 공급업,서울특별시,법인,2007-12-03,45,12380940,5,5
2026-07,신일이엔티(주),동력식 수지 공구 제조업,경기도,법인,2001-08-01,33,11484360,0,0
2026-07,십일번가주식회사,전자상거래 소매업,경기도,법인,2018-09-01,707,379390060,9,61
2026-07,(주)청운기업,선박 구성 부분품 제조업,울산광역시,법인,2025-02-28,34,9234140,8,2
2026-07,케이엠손해사정(주),손해 사정업,서울특별시,법인,2004-07-01,317,104789920,35,9
2026-07,주식회사 밸류에이치알코리아,경영 컨설팅업,서울특별시,법인,2024-06-01,81,20460240,4,5
2026-07,의정부삼성어린이집,BIZ_NO미존재사업장,경기도,법인,2017-03-01,30,7045160,1,0
2026-07,삼계농업협동조합,국내은행,전남광주통합특별시,법인,1988-01-01,58,21827600,0,9
2026-07,주식회사스토리인,임시 및 일용 인력 공급업,서울특별시,법인,2023-01-01,68,14788860,8,1
2026-07,(주)한빛건설-(일용)스타필드창원 신축공사 중 철근콘크리트공사(2공구),콘크리트 및 철근 공사업,경상남도,법인,2026-02-10,60,24887360,34,0
2026-07,경동운수(주),시내버스 운송업 / 시외버스 운송업,서울특별시,법인,1988-01-01,57,11706860,11,10
2026-07,(주)하나투어,여행사업,서울특별시,법인,1993-12-01,1245,504484600,6,6
2026-07,(주) 성광옵틱,포장용 플라스틱 성형용기 제조업,경상북도,법인,2008-07-01,76,23586980,0,1
2026-07,금양수산(주),원양 어업,부산광역시,법인,1988-05-02,44,13057620,23,0
2026-07,주식회사도우인시스,그 외 기타 전자 부품 제조업,충청북도,법인,2010-05-01,457,181433900,55,24
2026-07,주식회사 엘케이그룹,슈퍼마켓,충청북도,법인,2020-08-01,75,30304980,1,9
2026-07,주식회사운정푸르네,슈퍼마켓,경기도,법인,2023-10-01,30,9639460,3,4
2026-07,오상자이엘(주),응용 소프트웨어 개발 및 공급업,인천광역시,법인,1993-04-29,182,80095780,2,1
2026-07,김천지역자활센터(노인맞춤돌봄서비스),기타 중고 상품 소매업,경상북도,법인,2019-12-20,59,8044040,5,2
2026-07,예천군청,비주거용 건물 임대업(점포  자기땅),경상북도,법인,1992-01-01,95,38626160,0,0
2026-07,(주)성원피앤아이,스크린 인쇄업,경기도,법인,2003-10-01,88,33962180,3,8
2026-07,한전원자력연료(주),원유 정제처리업,대전광역시,법인,1988-01-01,1241,632665980,107,11
2026-07,(주)아란파트너스,임시 및 일용 인력 공급업,강원특별자치도,법인,2025-03-17,36,11937900,5,0
2026-07,주식회사국성,그 외 기타 분류 안된 사업 지원 서비스업,전남광주통합특별시,법인,2016-12-01,60,15875480,0,8
2026-07,아진엔지니어링(주),기타 엔지니어링 서비스업,부산광역시,법인,1998-06-01,32,11461940,4,3
2026-07,(주)스타디엠코퍼레이션(stardmcorporation),생활용 유리ㆍ요업ㆍ목재ㆍ금속제품 및 날붙이 도매업,경기도,법인,2020-11-02,47,13469720,8,7
2026-07,(주)휴온스,완제 의약품 제조업,경기도,법인,2016-05-03,1129,499749500,88,27
2026-07,주식회사오너스,자료 처리업,서울특별시,법인,2019-02-01,31,8898660,4,3
2026-07,(주)디앤테크,금속 절삭기계 제조업,경상남도,법인,2012-11-01,162,62630060,13,2
2026-07,(주)국보종합관리,건축물 일반 청소업,서울특별시,법인,2005-05-01,55,13182200,7,6
2026-07,(주)해안종합건축사사무소,해당없음,서울특별시,법인,1996-01-25,1241,606738840,21,19
2026-07,한국항공대학교,경영 컨설팅업(경영지도사),경기도,법인,2013-10-26,150,25890820,1,14
2026-07,재단법인 인천광역시계양구인재양성장학교육재단,BIZ_NO미존재사업장,인천광역시,법인,2021-01-01,51,15551460,0,1
2026-07,법무법인(유한)라움,변호사업,서울특별시,법인,2018-11-07,32,14377640,0,0
2026-07,주식회사 퍼스트인,그 외 기타 분류 안된 사업 지원 서비스업(기타임가공,대구광역시,법인,2012-01-01,319,74867780,39,38
2026-07,주식회사올릿리테일,전자상거래 소매업,서울특별시,법인,2022-01-01,69,21240780,7,7
2026-07,양지상운(주),택시 운송업,서울특별시,법인,1988-01-01,39,10200800,0,1
2026-07,(주)한금,그 외 기타 1차 철강 제조업,경상북도,법인,1989-03-20,165,85834280,0,1
2026-07,브랜디드라이프스타일코리아주식회사,상품 종합 도매업,서울특별시,법인,2001-02-01,57,21744380,1,3
2026-07,봉선한방병원,한방병원,전남광주통합특별시,개인,2022-03-16,35,11131640,2,2
2026-07,한국교통대학교,비주거용 건물 임대업(점포  자기땅),충청북도,법인,1989-05-01,251,79537240,2,13
2026-07,주식회사티엔에스,사업시설 유지ㆍ관리 서비스업,부산광역시,법인,2020-03-02,51,13122200,2,1
2026-07,주식회사 컨셉인,광고 대행업,서울특별시,법인,2023-05-20,48,18478680,7,1
2026-07,코오롱인더스트리（주）FnC부문,BIZ_NO미존재사업장,서울특별시,법인,2010-01-01,1091,513036380,28,22
2026-07,주식회사 디엠에스테크놀로지,기타 반도체 소자 제조업,경기도,법인,2024-12-01,32,11333520,0,0
2026-07,이지산업개발주식회사,콘크리트 및 철근 공사업,울산광역시,법인,2023-01-05,32,10908340,12,13
2026-07,태림포장(주)파주공장,골판지 제조업,경기도,법인,2017-01-01,93,43291740,2,1
2026-07,두빛나래사회적협동조합,기타 교육지원 서비스업,경기도,법인,2023-01-01,49,8335080,11,1
2026-07,웅진기계설비(주)/일용/[이지스 삼송 2단계 구축 사업]기계설비공사,배관 및 냉ㆍ난방 공사업,경기도,법인,2026-03-11,59,17163740,56,8
2026-07,콘바텍코리아유한회사,기타 일반 기계 및 장비 수리업,서울특별시,법인,2008-08-01,46,26578600,0,2
2026-07,(주)브레인센터,고용 알선업,경기도,법인,2007-02-01,38,8032800,6,1
2026-07,국군수도병원,비주거용 건물 임대업(점포  자기땅),경기도,법인,2003-02-01,69,18072320,0,0
2026-07,다올이앤씨주식회사/일용/국도 77호선신안압해-해남화원도로건설공사(2공구)중전문교량(사장교),유리 및 창호 공사업,전남광주통합특별시,법인,2023-12-27,64,24381820,2,0
2026-07,(주)동승전기_(일용)대전도안2-5지구29BL 공동주택 신축사업 전기설비공사,배관 및 냉ㆍ난방 공사업,대전광역시,법인,2025-02-10,36,15653760,10,0
2026-07,(주)순흥,선박 구성 부분품 제조업,경상남도,법인,2006-05-01,38,13147760,0,0
2026-07,(주)텔릿와이어리스솔루션즈,유선 통신장비 제조업,서울특별시,법인,2006-06-01,103,53160900,2,1
2026-07,삼정엘리베이터(주),미장  타일 및 방수 공사업,서울특별시,법인,1998-01-01,40,14175400,7,7
2026-07,주식회사 비에스산업,BIZ_NO미존재사업장,전남광주통합특별시,법인,2012-11-30,90,49118780,7,18
2026-07,(주)케이엘그룹단구,피자  햄버거  샌드위치 및 유사 음식점업,강원특별자치도,법인,2022-10-01,38,3883380,2,8
2026-07,신흥여객(주),시내버스 운송업,전북특별자치도,법인,1988-01-01,76,37737340,0,0
2026-07,(주)이랜드월드,비주거용 건물 개발 및 공급업,서울특별시,법인,1992-11-10,2405,666836300,211,223
2026-07,쿠팡풀필먼트 부천센터,화물 포장  검수 및 계량 서비스업,경기도,법인,2021-09-01,4412,731800460,1252,1253
2026-07,에이바이봄,두발 미용업,서울특별시,개인,2014-08-01,80,17415120,7,2
2026-07,동방사회복지회 동방아동재활원,BIZ_NO미존재사업장,경기도,법인,2017-12-01,42,16934780,2,1
2026-07,프란치스꼬의집,BIZ_NO미존재사업장,전남광주통합특별시,법인,1998-05-01,40,9275240,0,0
2026-07,선헬스케어인터내셔널 주식회사,데이터베이스 및 온라인 정보 제공업,대전광역시,법인,2001-03-16,34,9064600,0,3
2026-07,대구S한방병원,한방병원,대구광역시,개인,2020-07-30,46,12603220,0,6
2026-07,랜퍼스키즈잉글리쉬어학학원,일반 교과학원,서울특별시,개인,2009-10-21,47,12779660,1,0
2026-07,주식회사에이치티,배관 및 냉ㆍ난방 공사업,경기도,법인,2023-01-02,61,12740800,12,11
2026-07,구미시문화예술회관(강동문화복지회관),비주거용 건물 임대업(점포  자기땅),경상북도,법인,2022-01-01,77,14785020,0,0
2026-07,영전엔지니어링주식회사/일용/평택 전자 P4 그린동 신축공사 중 Ph.4 및 Ph.2 제어공사,배전반 및 전기 자동제어반 제조업,경기도,법인,2025-11-01,50,19099720,4,0
2026-07,라온요양원,BIZ_NO미존재사업장,경기도,개인,2022-03-01,34,8196440,3,4
2026-07,서울보험계리법인(주）,보험 대리 및 중개업,서울특별시,법인,2003-07-01,60,23050960,1,2
2026-07,(주)티에스이,전자코일  변성기 및 기타 전자 유도자 제조업,충청남도,법인,1996-03-01,1095,408402420,46,29
2026-07,(주)빅토스,구두류 제조업,부산광역시,법인,2003-05-12,34,10707860,0,0
2026-07,(주)삼표시멘트-해운,외항 화물 운송업,부산광역시,법인,2010-07-01,42,18878980,1,4
2026-07,강보건영(주)인천지점/일용/검단신도시101역세권공모사업(C9-1 C9-2)중 철근콘크리트공사(C9-2BL)(재승계),콘크리트 및 철근 공사업,인천광역시,법인,2025-05-20,133,61906400,0,24
2026-07,마크성형외과의원,일반의원,서울특별시,개인,2020-09-01,43,15359400,6,6
2026-07,(주)비에이치,해당없음,인천광역시,법인,1999-09-01,1025,416986200,7,32
2026-07,새소망장애인활동지원센터,BIZ_NO미존재사업장,전북특별자치도,법인,2025-01-10,73,11647560,3,2
2026-07,(주)제일정보통신,BIZ_NO미존재사업장,경상남도,법인,1996-07-02,100,32824280,4,2
2026-07,（주）메타시스넷,응용 소프트웨어 개발 및 공급업,서울특별시,법인,2014-10-01,56,9625120,0,1
2026-07,한국오.에스.지(주),톱 및 호환성 공구 제조업,대구광역시,법인,1988-01-01,322,147847580,2,4
2026-07,(주)웰템,산업용 냉장 및 냉동장비 제조업,경상남도,법인,1997-11-01,210,62835180,18,70
2026-07,법무법인(유한)안팍(AHNPARK&PARTNERS),변호사업,서울특별시,법인,2023-03-16,39,16733860,3,1
2026-07,(주)동신교통,시내버스 운송업,전남광주통합특별시,법인,1988-01-01,65,28197160,0,0
2026-07,(주)성일엔텍,미장  타일 및 방수 공사업,경상남도,법인,2000-07-20,36,11320100,0,2
2026-07,주식회사미래테크,BIZ_NO미존재사업장,충청북도,법인,2014-11-18,35,12022360,0,0
2026-07,(합자)대창강업/일용/S-OIL SHAHEEN PROJECT INTERCON 중 intercon철골공사(PKG-2 PKG-3),금속 문  창  셔터 및 관련제품 제조업,울산광역시,법인,2024-05-29,35,19289180,2,10
2026-07,(주) 조형기술개발/일용/삼산대보아파트구역 주택재건축 정비사업 중 철근콘크리트공사,콘크리트 및 철근 공사업,인천광역시,법인,2025-04-28,80,32537060,27,0
2026-07,장성농업협동조합,슈퍼마켓,전남광주통합특별시,법인,1988-01-01,75,33396580,0,0
2026-07,유퍼스트보험마케팅(주),보험 대리 및 중개업,서울특별시,법인,2002-03-01,273,80473600,8,3
2026-07,안양여자고등학교,해당없음,경기도,법인,2000-03-01,34,12572760,0,0
2026-07,주식회사제이앤케이컴퍼니,경영 컨설팅업,부산광역시,법인,2023-09-01,80,20643220,8,30
2026-07,SK 엠앤서비스(주),응용 소프트웨어 개발 및 공급업,서울특별시,법인,2000-02-10,1089,413486040,30,37
2026-07,츄고쿠삼화페인트(주),일반용 도료 및 관련제품 제조업,경상남도,법인,1988-11-18,214,120953400,7,0
2026-07,(주)무림하우징,건축물 일반 청소업,경기도,법인,2002-01-04,123,32671160,8,4
2026-07,주식회사 연우구조,건물 및 토목 엔지니어링 서비스업(기술사),서울특별시,법인,2023-02-20,38,17641540,0,0
2026-07,이수내과의원,요양병원,충청남도,개인,2012-12-07,67,23487540,2,4
2026-07,태성로지스 주식회사,BIZ_NO미존재사업장,경기도,법인,2012-02-13,84,27075060,1,2
2026-07,(주)이랜드리테일,백화점,서울특별시,법인,1988-01-01,1848,680246500,22,34
2026-07,(주)금화피에스시 내 신한울정비 현장,유리 및 창호 공사업,경상북도,법인,2015-03-16,51,25347400,1,1
2026-07,(주)씨에이치컴퍼니,건축물 일반 청소업,경상북도,법인,2025-01-01,42,14544400,0,2
2026-07,(주)현대디엘,톱 및 호환성 공구 제조업,대구광역시,법인,2010-06-01,57,18917300,1,0
2026-07,더퍼스트병원,일반의원,대구광역시,개인,2023-05-15,85,25718680,3,3
2026-07,순천하나병원,일반의원,전남광주통합특별시,개인,2006-02-01,200,66244840,3,3
2026-07,리뉴어스 주식회사,BIZ_NO미존재사업장,경기도,법인,2018-01-22,2169,874631600,39,27
2026-07,경원고등학교,해당없음,대구광역시,법인,1997-03-01,43,16727920,0,0
2026-07,(주)반도건설,기타 토목 시설물 건설업,서울특별시,법인,2008-03-01,397,210136140,1,7
2026-07,두원(주),자동차 중고 부품 및 내장품 판매업,충청남도,법인,1990-01-01,93,42478280,0,1
2026-07,주식회사드라이브포스,산업용 로봇 제조업,부산광역시,법인,2019-09-30,50,22359220,4,0
2026-07,서귀포시서귀포보건소,BIZ_NO미존재사업장,제주특별자치도,법인,2006-07-01,56,14703820,8,1
2026-07,유한회사 공성,주형 및 금형 제조업,인천광역시,법인,2003-11-01,30,10748080,0,2
2026-07,광용건설합자회사/일용/상인센트럴자이(대구)중철근콘크리트공사,콘크리트 및 철근 공사업,대구광역시,법인,2025-06-12,91,29134620,19,1
2026-07,(주)정다운자연일가,육류 도축업(가금류 제외),경기도,법인,2019-07-01,67,23643140,4,2
2026-07,육군탄약지원사령부-재정실,BIZ_NO미존재사업장,대전광역시,법인,2015-02-01,68,14327560,1,0
2026-07,충청남도시각장애인복지관(장애인활동지원),해당없음,충청남도,법인,2014-03-01,89,13602420,0,1
2026-07,중국건설은행서울지점,국내은행,서울특별시,법인,2004-03-01,81,43982140,1,0
2026-07,(주)심텍오창지점,그 외 기타 전자 부품 제조업,충청북도,법인,2015-07-01,253,120625300,32,2
2026-07,증평군청(기간제근로자),비주거용 건물 임대업(점포  자기땅),충청북도,법인,2016-12-12,56,11741340,14,7
2026-07,보보스링크(주),고용 알선업,서울특별시,법인,2002-06-05,1524,325193440,168,185
2026-07,(주)씨티알홀딩스,지주회사,경상남도,법인,2007-07-06,39,19996120,2,0
2026-07,한국섬진흥원,BIZ_NO미존재사업장,전남광주통합특별시,법인,2021-09-13,54,24080120,0,0
2026-07,SK네트웍스(주),상품 종합 도매업,경기도,법인,1988-01-01,242,138501220,0,44
2026-07,(주)이인벤션,그 외 기타 상품 전문 도매업,서울특별시,법인,2009-05-01,55,14660840,1,5
2026-07,주식회사세보엠이씨-(일용)고성 천연가스발전소 건설공사 (주배관공사 2공구),배관 및 냉ㆍ난방 공사업,경상남도,법인,2024-04-16,76,35271860,19,1
2026-07,그린피아기술(주),기타 기술 시험  검사 및 분석업,서울특별시,법인,1988-01-01,73,45084120,0,0
2026-07,(주)더존비즈온,기록매체 복제업,강원특별자치도,법인,1989-01-01,1762,780570940,25,30
2026-07,(주)에버넷,물질 검사  측정 및 분석 기구 제조업,인천광역시,법인,2006-07-01,40,12005700,0,5
2026-07,(주)동호씨앤엠,BIZ_NO미존재사업장,대구광역시,법인,2014-08-01,31,11071080,0,0
2026-07,백운요양병원,요양병원,인천광역시,개인,2017-06-21,88,26559060,1,6
2026-07,(주)아이앤유앤아이,남녀용 겉옷 및 셔츠 도매업,서울특별시,법인,2007-12-01,31,12114460,0,0
2026-07,쁨글로벌의원,일반의원,부산광역시,개인,2024-08-14,78,29128480,8,3
2026-07,세인트존스베리아카데미제주,외국인학교,제주특별자치도,법인,2017-10-23,213,108977300,5,22
2026-07,한국교육학술정보원(재),애완 동물 장묘 및 보호 서비스업,대구광역시,법인,1999-04-22,429,201722680,4,3
2026-07,최안과의원,일반의원,경상남도,개인,2000-09-01,54,16686220,2,0
2026-07,근로복지공단 태백병원,요양병원,강원특별자치도,법인,1988-08-26,269,110380280,17,8
2026-07,주식회사 흥업,백화점,서울특별시,법인,1990-10-25,33,11472420,0,0
2026-07,주식회사케이디이엔지,기타 엔지니어링 서비스업,충청남도,법인,2013-08-01,65,25223360,7,1
2026-07,(주)애드미러,기타 화학 물질 및 화학제품 도매업,서울특별시,법인,2003-09-01,35,12673840,1,1
2026-07,진영TBX주식회사,내연기관 제조업,경상남도,법인,2001-08-01,98,41558840,0,2
2026-07,（주）에스티엠/일용/용인 Cluster1기 구축공사 중 안전시설물 설치해체공사-1(FAB),건물용 금속 공작물 설치 공사업,경기도,법인,2025-02-20,49,17813000,10,0
2026-07,대신농산(주),기타 곡물 가공품 제조업,경기도,법인,1988-01-01,46,15187600,0,0
2026-07,(주)자이언트컴,BIZ_NO미존재사업장,서울특별시,법인,2013-11-22,93,19019000,12,11
2026-07,신원물산(주),조리 반찬류 소매업,충청남도,법인,1988-01-01,30,6569000,3,4
2026-07,주식회사 드림테크,그 외 기타 분류 안된 사업 지원 서비스업,경상남도,법인,2023-07-03,40,10304760,2,7
2026-07,대현기건(주)/일용/스타필드청라현장 일반설비공사(1공구),미장  타일 및 방수 공사업,인천광역시,법인,2025-04-18,51,22771580,20,1
2026-07,합자회사을로운수,시내버스 운송업,전남광주통합특별시,법인,2009-01-01,286,118961540,2,4
2026-07,주식회사엠서치마케팅,광고 대행업,서울특별시,법인,2021-04-23,34,11300740,1,2
2026-07,일우건업(주)-(일용)힐스테이트 도안리버파크 2단지(4BL)철근콘크리트공사 2공구,유리 및 창호 공사업,대전광역시,법인,2025-01-17,36,14239380,4,0
2026-07,주식회사 중앙엠앤에이치,그 외 기타 분류 안된 전문  과학 및 기술 서비스업,서울특별시,법인,2004-08-01,66,16216160,1,13
2026-07,준제이엔씨(주)/일용/힐스테이트 용인마크밸리 공조설비공사,건물용 기계ㆍ장비 설치 공사업,경기도,법인,2025-05-12,44,20695640,2,0
2026-07,주식회사 넥스트플레이어,남녀용 겉옷 및 셔츠 도매업,서울특별시,법인,2013-06-29,136,50818680,19,8
2026-07,(주)플라워즈,BIZ_NO미존재사업장,경기도,법인,2014-04-04,38,12694760,0,2
2026-07,(주)비엠아이,산업용 로봇 제조업,대구광역시,법인,1999-01-04,41,17314720,1,2
2026-07,율요양원,BIZ_NO미존재사업장,대전광역시,개인,2019-12-01,42,9159700,2,8
2026-07,주식회사라피끄,화장품 제조업,충청남도,법인,2017-02-01,40,12319420,1,1
2026-07,(주)더프롭,기타 산업용 기계 및 장비 임대업,경기도,법인,2018-08-16,33,10828540,4,5
2026-07,한국건강관리협회광주전남지부,그 외 기타 보건업,전남광주통합특별시,법인,2001-07-25,194,83932760,9,2
2026-07,주식회사 청송,경비 및 경호 서비스업,인천광역시,법인,1998-05-01,45,12534760,3,2
2026-07,주식회사세형로직스앤스테이지,냉장 및 냉동 창고업,경기도,법인,2020-03-09,48,11122460,1,1
2026-07,안진회계법인,세무사업,서울특별시,법인,1988-01-01,2415,1311676580,49,70
2026-07,주식회사인피니소프트,응용 소프트웨어 개발 및 공급업,서울특별시,법인,2011-10-04,44,17441680,2,3
2026-07,의료법인 무등의료재단,요양병원,경기도,법인,2007-04-23,97,29272260,0,0
2026-07,수내본정형외과의원,일반의원,경기도,개인,2021-08-02,35,13694780,0,3
2026-07,보람상조개발(주),장례식장 및 장의관련 서비스업,서울특별시,법인,1993-08-27,257,82914780,6,54
2026-07,주식회사웰브릿지,경영 컨설팅업,서울특별시,법인,2013-10-01,120,22823600,21,9
2026-07,한화호텔앤드리조트(주) 에스테이트 부문,휴양 콘도 운영업,서울특별시,법인,2021-07-01,1935,617885140,49,48
2026-07,주식회사케이앤이,배관 및 냉ㆍ난방 공사업,충청북도,법인,2017-03-01,60,25307060,1,1
2026-07,가람상사주식회사,주차장 운영업,대전광역시,법인,2018-01-01,53,11656080,0,0
2026-07,주식회사동방코스메틱,화장품 및 화장용품 도매업,인천광역시,법인,2015-05-01,122,34177340,14,5
2026-07,효성티앤씨(주)구미공장,화학섬유 방적업,경상북도,법인,2018-06-01,385,222395960,2,3
2026-07,한맥중공업(주)/일용/평택전자P4대기방지신축공사 중 철골및금속공사[PH4 FAB북 복합동]+[PH2 FAB남 동],금속 문  창  셔터 및 관련제품 제조업,경기도,법인,2025-08-19,133,40664440,16,0
2026-07,(주)다한/일용/2026년도 년간 내화물 보수물량 일괄도급 계약 (다한),방음  방진 및 내화 공사업,강원특별자치도,법인,2026-01-01,30,9990000,24,1
2026-07,예미농업협동조합,국내은행,강원특별자치도,법인,1988-01-01,66,19027340,1,1
2026-07,한국후지쯔(주),응용 소프트웨어 개발 및 공급업,서울특별시,법인,1988-01-01,136,80534140,0,1
2026-07,(유)매일교통,택시 운송업,경상남도,법인,1988-01-01,38,3402180,0,0
2026-07,(주)동양환경,시멘트 제조업,전남광주통합특별시,법인,2001-03-01,43,14110060,1,3
2026-07,(주)신유건설/일용/남원주역세권 A-2블럭 중흥S-클래스 공동주택 신축공사 중 골조공사,콘크리트 및 철근 공사업,강원특별자치도,법인,2025-05-29,39,17232780,1,7
2026-07,영동군청,비주거용 건물 임대업(점포  자기땅),충청북도,법인,1992-07-13,131,48134160,0,0
2026-07,라쿨 주식회사,전동기 및 발전기 제조업,경기도,법인,1999-01-01,66,27044000,0,0
2026-07,주식회사 딜라이브마포케이블티브이,유선 방송업,서울특별시,법인,2009-01-01,30,12204720,0,1
2026-07,(주)인투웍스,응용 소프트웨어 개발 및 공급업,서울특별시,법인,2017-05-18,35,9992280,4,4
2026-07,퀸즈파크여성병원,일반의원,부산광역시,개인,2018-04-03,58,19993520,1,2
2026-07,하솔기업,기타 소사장제,경상남도,개인,2024-06-26,85,30986900,2,1
2026-07,주식회사경은,자동차 차체용 신품 부품 제조업,충청남도,법인,2023-01-01,50,13908800,0,2
2026-07,인테이크주식회사,과실류 도매업,서울특별시,법인,2013-02-19,69,27222860,6,4
2026-07,어플라이드 머티어리얼즈 코리아(주),기타 반도체 소자 제조업,경기도,법인,1989-01-01,2437,1447546100,32,30
2026-07,엠지신용정보 주식회사,BIZ_NO미존재사업장,서울특별시,법인,2010-11-01,1277,351265320,31,52
2026-07,(주)올덴,접착제 및 젤라틴 제조업,경기도,법인,2017-08-03,50,15749420,1,2
2026-07,나이스엔지니어링(주),가전제품 수리업,서울특별시,법인,2018-04-16,760,285805740,3,12
2026-07,다온테크,기타 소사장제,경상남도,개인,2020-01-01,33,7522460,16,17
2026-07,(주)테크피아엔지니어링종합건축사사무소,기타 인문 및 사회과학 연구개발업,경기도,법인,2015-04-20,30,6807920,0,0
2026-07,고메드갤러리아(주),경영 컨설팅업,서울특별시,법인,2025-12-01,1078,336034920,36,49
2026-07,계성초등학교,해당없음,서울특별시,법인,1992-04-28,30,7116960,0,0
2026-07,(주)도화엔지니어링,기타 엔지니어링 서비스업,서울특별시,법인,1988-01-01,2363,1218726380,29,35
2026-07,（주）미래종합건설/일용/현대건설 S-OIL 샤힌 에틸렌시설 토목공사(U&O-2),미장  타일 및 방수 공사업,울산광역시,법인,2024-04-01,297,132501580,77,2
2026-07,고려인삼과학주식회사,두부 및 유사 식품 제조업,경기도,법인,1999-04-01,44,13922540,0,0
2026-07,주식회사피앤코,그 외 기타 전자 부품 제조업,경기도,법인,2016-01-01,48,12035840,32,0
2026-07,(주)엠오토텍,전기용 기계ㆍ장비 및 관련 기자재 도매업,경기도,법인,2022-03-01,138,35900560,0,8
2026-07,코스맥스비티아이(주),화장품 제조업,경기도,법인,1993-03-05,378,199590240,42,15
2026-07,유성기업(주)영동공장,그 외 자동차용 신품 부품 제조업,충청북도,법인,2001-02-08,216,124014140,0,2
2026-07,의료법인남촌의료재단,요양병원,경기도,법인,2018-09-01,1081,398313260,36,20
2026-07,주식회사선진정보통신,사업시설 유지ㆍ관리 서비스업,경기도,법인,2024-11-11,32,9779940,1,0
2026-07,(주)이룸로지스틱스,시내버스 운송업 / 시외버스 운송업 / 택시 운송업,인천광역시,법인,2013-06-01,32,9326680,5,4
2026-07,(주)내츄럴엔도텍,기타 가공식품 도매업,경기도,법인,2001-06-14,84,30992320,3,6
2026-07,주식회사 카페봄봄,커피 및 차류 도매업,대구광역시,법인,2019-04-01,32,8431440,3,1
2026-07,(주)한국리서치,경영 컨설팅업,서울특별시,법인,1988-01-01,337,140820060,13,19
2026-07,주식회사한은이엔씨/일용/인천검단AA13-2블록 공공주택사업(인천)중 설비공사,배관 및 냉ㆍ난방 공사업,인천광역시,법인,2025-09-23,45,21788980,4,0
2026-07,주식회사에듀베스트교육,경영 컨설팅업(경영지도사),서울특별시,법인,2011-05-01,44,8885340,0,3
2026-07,주식회사 카카오엔터테인먼트,응용 소프트웨어 개발 및 공급업,경기도,법인,2010-07-01,1032,577574480,9,12
2026-07,(주)에이치티에스호텔앤푸드,기관 구내식당업,서울특별시,법인,2014-03-01,32,4750100,5,4
2026-07,사랑의복지관,해당없음,서울특별시,법인,1998-01-01,87,20049840,2,2
2026-07,성림제관(주),BIZ_NO미존재사업장,경상남도,법인,1988-01-01,40,19075760,0,1
2026-07,주식회사 씨엘씨컴퍼니,의료용품 및 기타 의약 관련제품 제조업,경기도,법인,2018-01-01,55,14254040,6,7
2026-07,(주)남양이엔에스,배관 및 냉ㆍ난방 공사업,전남광주통합특별시,법인,2005-11-01,33,10810000,7,27
2026-07,동명전기(주),일반용 전기 조명장치 제조업,경기도,법인,1998-10-01,43,13980860,0,0
2026-07,주식회사원익큐엔씨,가정용 유리제품 제조업,경상북도,법인,2003-12-01,1228,616720560,21,17
2026-07,음성시니어클럽,해당없음,충청북도,개인,2019-02-01,31,8128600,0,0
2026-07,(주)퓨쳐켐,접착제 및 젤라틴 제조업,서울특별시,법인,2002-01-09,80,31999400,1,0
2026-07,호산티엠에스 주식회사,건축물 일반 청소업,서울특별시,법인,2010-07-01,50,12080940,2,1
2026-07,아쿠아플라넷(주) 일산,그 외 기타 분류 안된 사업 지원 서비스업,경기도,법인,2021-04-01,72,20832060,4,6
2026-07,대흥공업(주),금속 단조제품 제조업,경상남도,법인,1998-09-01,70,26289060,0,0
2026-07,（주）코어시큐리티,BIZ_NO미존재사업장,서울특별시,법인,2011-09-01,37,13897500,2,1
2026-07,예일병원,BIZ_NO미존재사업장,충청남도,개인,2010-05-01,52,15878760,2,0
2026-07,우아한방병원,한방병원,부산광역시,개인,2022-10-28,30,9162820,3,4
2026-07,주식회사유플러스아이티,응용 소프트웨어 개발 및 공급업,서울특별시,법인,2007-03-09,441,143850840,19,48
2026-07,주식회사 티윈,응용 소프트웨어 개발 및 공급업,경기도,법인,2018-07-13,33,11032680,2,3
2026-07,효행노인복지센터재가장기요양기관,BIZ_NO미존재사업장,경상북도,개인,2018-03-02,32,5074600,4,4
2026-07,(주)윈앤윈우드/일용/광주 중외공원 공동주택 2BL 3BL 신축공사 중 합판마루공사,박판  합판 및 유사 적층판 제조업,전남광주통합특별시,법인,2025-11-24,30,9891220,24,0
2026-07,대인（주）,금속 문  창  셔터 및 관련제품 제조업,경기도,법인,2006-08-01,35,10673420,0,0
2026-07,동고성농업협동조합,국내은행,경상남도,법인,1997-06-02,67,32401040,1,0
2026-07,(주) 에이치제이중공업,강선 건조업,부산광역시,법인,2007-08-01,1032,549506980,8,8
2026-07,대중병원,요양병원,전남광주통합특별시,개인,2001-08-01,126,40475540,1,5
2026-07,보건복지상담센터,비주거용 건물 임대업(점포  자기땅),경기도,법인,2005-08-16,201,60197920,2,6
2026-07,(사단)한국도서관협회,서적  잡지 및 기타 인쇄물 도매업,서울특별시,법인,1997-04-01,30,8858300,0,2
2026-07,주식회사 퍼플페퍼,광고 대행업,서울특별시,법인,2024-06-01,60,21569300,10,9
2026-07,(주)해승종합건축사사무소,건축 설계 및 관련 서비스업,서울특별시,법인,1996-06-01,56,25424540,0,1
2026-07,(주)엘지생활건강,화장품 제조업,서울특별시,법인,2001-04-01,3948,2266326960,12,19
2026-07,주식회사 더세이프앤코,BIZ_NO미존재사업장,제주특별자치도,법인,1992-04-02,44,11853580,5,5
2026-07,진남토건（주）-(일용)GSCNo.5KeroMerox WAONo.4CogenProject(전남)부대토목,기타 토목 시설물 건설업,전남광주통합특별시,법인,2026-01-02,30,12498660,10,0
2026-07,서해그린환경(주),경영 컨설팅업(경영지도사),충청남도,법인,2009-09-01,42,16524620,1,3
2026-07,현대고등학교,해당없음,울산광역시,법인,1997-09-01,34,13515960,2,0
2026-07,주식회사코이션(koitionco.ltd),응용 소프트웨어 개발 및 공급업,대전광역시,법인,2014-04-01,84,19614320,22,4
2026-07,（주）태흥특수건설/일용/청주 P&T7 신축 Project 중 파일공사 (WLP WT),미장  타일 및 방수 공사업,충청북도,법인,2026-03-11,109,59360260,7,23
2026-07,주식회사에스티영원,산업용 섬유 세척  염색  정리 및 가공 기계 제조업,대구광역시,법인,2021-07-01,47,16555120,4,1
2026-07,(주)잡피플,그 외 기타 분류 안된 사업 지원 서비스업,경기도,법인,2025-08-01,88,17156360,4,4
2026-07,주식회사 뉴메코,BIZ_NO미존재사업장,서울특별시,법인,2013-03-29,57,26933200,2,2
2026-07,（주）삼세,육류 도축업(가금류 제외) / 가금류 도축업,경상북도,법인,2005-05-01,30,9718880,0,1
2026-07,화창주식회사,임시 및 일용 인력 공급업,경상남도,법인,2023-05-01,54,16823120,1,0
2026-07,동의한방병원,한방병원,경기도,개인,2016-01-25,42,14032200,0,1
2026-07,로드러너주식회사,산업용 로봇 제조업,경기도,법인,2022-01-01,31,13750680,0,0
2026-07,주식회사미도물산,셔츠 및 블라우스 제조업,서울특별시,법인,2001-11-08,48,13946160,5,1
2026-07,(주) 태경하이텍/일용/P4 Ph4 2 배관훅업 시공 공사 중 BULK  S-GAS 공사,유압 기기 제조업,경기도,법인,2026-03-01,37,7220940,33,3
2026-07,사은의집,BIZ_NO미존재사업장,전북특별자치도,법인,2008-07-22,39,9415020,2,0
2026-07,（주）명신플라텍,BIZ_NO미존재사업장,울산광역시,법인,2011-07-01,34,11519420,0,0
2026-07,종합전기（주）/일용/반포주공1단지(1 2 4주구) 주택재건축 전기공사(3공구),배관 및 냉ㆍ난방 공사업,서울특별시,법인,2024-12-10,38,18744520,4,0
2026-07,대주중공업（주）/일용/프로젝트 TIMBUKTU 데이터센터 개발사업 중 철골공사,육상 금속 골조 구조재 제조업,경기도,법인,2025-07-01,33,17088880,7,0
2026-07,대명광학(주),안경 및 안경렌즈 제조업,충청북도,법인,1998-12-01,51,21637480,0,1
2026-07,페렉스 주식회사,기타 목재 가구 제조업,충청남도,법인,2022-01-01,35,10771780,0,1
2026-07,(주)재영,플라스틱 합성피혁 제조업,경상북도,법인,2008-03-01,33,13398860,0,0
2026-07,광건티앤씨（주）/일용/P4 Ph4(상동) 마감공사 중 Ph4 수장공사 2공구(사전공사),건물용 금속 공작물 설치 공사업,경기도,법인,2025-09-12,62,18404320,12,0
2026-07,주식회사 류하,그 외 기타 분류 안된 사업 지원 서비스업,경상남도,법인,2025-07-01,33,6721680,0,1
2026-07,삼성바이오로직스(주),BIZ_NO미존재사업장,인천광역시,법인,2011-04-22,5366,3279507700,20,41
2026-07,농업회사법인　주식회사　스마일팜,가금류 가공 및 저장 처리업,경기도,법인,2015-07-01,71,27696160,22,4
2026-07,씨제이올리브영주식회사,화장품 및 화장용품 도매업,서울특별시,법인,2019-11-01,5658,2541631140,90,74
2026-07,세방익스프레스(주),통관 대리 및 관련서비스업 / 화물 운송 중개  대리,서울특별시,법인,1988-01-01,126,55728320,2,2
2026-07,굿모닝요양원,BIZ_NO미존재사업장,충청남도,법인,2019-06-24,32,7467560,4,4
2026-07,성호고등학교,BIZ_NO미존재사업장,경기도,법인,2000-07-10,38,13855380,0,0
2026-07,(주)딴지그룹,데이터베이스 및 온라인 정보 제공업,서울특별시,법인,2000-03-01,30,9983040,0,0
2026-07,헨켈코리아 (유),접착제 및 젤라틴 제조업,충청남도,법인,2018-01-01,389,201259600,2,2
2026-07,아름다운화장품(주),화장품 제조업,충청남도,법인,2000-05-01,99,29296360,3,6
2026-07,특허법인(유한)유일하이스트,변리사업,서울특별시,법인,2017-11-01,62,24685000,1,0
2026-07,충북보건과학대학교,비주거용 건물 임대업(점포  자기땅),충청북도,법인,1995-01-01,62,14469320,3,2
2026-07,세인트병원,일반병원,인천광역시,개인,2026-03-15,44,16119780,38,1
2026-07,(주)대한과학,의료 기기 도매업,강원특별자치도,법인,1988-01-01,106,40365740,0,0
2026-07,경남육아종합지원센터(대체교사),BIZ_NO미존재사업장,경상남도,법인,2011-03-01,38,8204580,0,0
2026-07,더블유에셋주식회사,보험 대리 및 중개업,서울특별시,법인,2008-03-05,50,15891300,0,0
2026-07,의료법인 대덕의료재단,해당없음,대구광역시,법인,1998-05-07,42,11154280,4,1
2026-07,주식회사파이버프로,전자 감지장치 제조업,대전광역시,법인,2022-03-10,150,67308340,0,3
2026-07,대자인병원,일반의원,전북특별자치도,개인,2008-04-01,1174,406238540,34,33
2026-07,(주)에르모어,전자상거래 소매업,경기도,법인,2017-07-01,96,29137280,10,11
2026-07,(주)인건토건/일용/신한울3 4호기 주설비공사 중 철근콘크리트공사 3공구,유리 및 창호 공사업,경상북도,법인,2025-04-01,85,46631020,15,0
2026-07,주식회사 라신반코리아(LASHINBANG KOREA LIMITED),장난감 및 취미  오락용품 도매업,서울특별시,법인,2024-03-04,37,5719200,0,0
2026-07,주식회사싼카,상품 종합 도매업,경기도,법인,2018-03-01,36,9984420,2,4
2026-07,우영산업（주）광주공장,그 외 자동차용 신품 부품 제조업,전남광주통합특별시,법인,2004-09-01,98,57610440,0,1
2026-07,(주)에스비테크/일용/(화성)25년 생산설비 독립기초 파티션시공철거 공사,기타 구조용 금속제품 제조업,경기도,법인,2025-10-01,67,20521660,1,0
2026-07,주식회사미래종합아울렛물류,생활용 유리ㆍ요업ㆍ목재ㆍ금속제품 및 날붙이 도매업,경기도,법인,2012-07-12,40,12680380,2,0
2026-07,(주)더엠커뮤니케이션즈,애완 동물 장묘 및 보호 서비스업,서울특별시,법인,2005-12-21,98,21066420,1,2
2026-07,(주)성원아이앤디,그 외 자동차용 신품 부품 제조업,경상남도,법인,2013-07-11,36,12854300,0,1
2026-07,주한미군사령부서울충당,BIZ_NO미존재사업장,경기도,법인,1988-01-01,6473,3167609120,46,25
2026-07,스트라우만덴탈코리아주식회사,의료 기기 도매업,서울특별시,법인,1997-10-09,45,21574920,2,0
2026-07,참실버케어,노인 양로 복지시설 운영업,경기도,법인,2010-05-14,31,7732620,0,0
2026-07,국립나주병원,비주거용 건물 임대업(점포  자기땅),전남광주통합특별시,법인,2000-03-01,63,17591160,1,0
2026-07,삼환환경(주),그 외 기타 분류 안된 비금속 광물제품 제조업,경기도,법인,1997-01-01,30,10738740,2,2
2026-07,부산지방국세청,BIZ_NO미존재사업장,부산광역시,법인,2001-01-01,853,184193340,665,89
2026-07,주원테크주식회사,절삭 가공 및 유사 처리업,충청남도,법인,2023-10-01,33,8240660,0,0
2026-07,주시회사 유니엘,상용 인력 공급 및 인사관리 서비스업,경기도,법인,2025-04-01,30,6794420,5,4
2026-07,주식회사신안건설산업개발/일용/연세대학교 국제캠퍼스 YSP기숙사 건립공사 중 철근콘크리트공사,유리 및 창호 공사업,인천광역시,법인,2025-11-07,44,17605700,12,1
2026-07,에스케이하이스텍주식회사,시설물 유지관리 공사업,경기도,법인,2008-03-15,254,156931380,5,1
2026-07,(주)케이엠 안성공장,그 외 기타 고무제품 제조업,경기도,법인,1996-12-01,87,31335400,1,1
2026-07,(주)바로건설기술,기타 엔지니어링 서비스업,서울특별시,법인,2001-05-08,87,39585580,1,0
2026-07,주식회사정후산업,선박 구성 부분품 제조업,전남광주통합특별시,법인,2020-10-05,163,66418280,2,1
2026-07,주식회사리젠바이오,그 외 기타 의료용 기기 제조업,경기도,법인,2020-08-14,30,10260160,3,3
2026-07,주식회사 엘오에이,전자상거래 소매업,서울특별시,법인,2009-01-12,59,13943240,1,8
2026-07,(주)스튜디오 애니멀,,경기도,법인,2006-03-01,41,12003740,0,0
2026-07,주식회사 바이오컴플릿,의료용 기구 소매업,서울특별시,법인,2016-11-01,32,10804960,0,2
2026-07,(주)일흥,그 외 자동차용 신품 부품 제조업,경기도,법인,1988-01-01,344,171100640,5,5
2026-07,금양그린파워(주)/일용/[이천캠퍼스]26년 하반기 P&T5  TSV 영수선 전기공사,기타 토목 시설물 건설업,경기도,법인,2025-08-22,30,11229080,30,0
2026-07,(주)디와이시/울산 현대차 C-프로젝트 신축공사(수소연료전지공장)(2공구),배관 및 냉ㆍ난방 공사업,울산광역시,법인,2025-12-17,91,47858040,56,91
2026-07,시리얼마이크로일렉트로닉스코리아(주),전기용 기계ㆍ장비 및 관련 기자재 도매업,경기도,법인,1988-03-01,51,22692660,2,2
2026-07,주식회사파켓(ParketInc),전자상거래 소매업,서울특별시,법인,2016-01-01,119,39444660,13,12
2026-07,닥터쁘띠의원,일반의원,서울특별시,개인,2019-01-01,32,7769360,0,1
2026-07,더한한의원 원외탕전실,한의약품 제조업,전남광주통합특별시,개인,2018-04-01,48,12592580,0,0
2026-07,디온리오토모티브주식회사,그 외 자동차용 신품 부품 제조업,경기도,법인,2007-09-01,37,9938640,0,0
2026-07,롤랜드버거 유한회사,경영 컨설팅업,서울특별시,법인,2012-06-11,59,27491500,11,11
2026-07,쿠우쿠우 양산점,한식 일반 음식점업,경상남도,개인,2025-05-20,34,10117340,2,8
2026-07,예인건설(주)/일용/안동 용상동 공동주택 신축공사 중 철근콘크리트 공사,도장 공사업,경상북도,법인,2025-05-28,37,17463360,6,0
2026-07,이끌림치과의원,치과의원,충청북도,개인,2014-01-01,50,16274940,1,2
2026-07,(주)핫셀러,전자상거래 소매업,서울특별시,법인,2019-12-16,38,14999120,0,0
2026-07,주식회사와이오케이푸드,상품 종합 도매업,충청북도,법인,2019-01-02,61,13464340,6,7
2026-07,나은병원,요양병원,전북특별자치도,개인,2008-03-25,64,18104280,2,2
2026-07,시립은평청소년센터,BIZ_NO미존재사업장,서울특별시,법인,2003-09-01,30,8763900,0,0
2026-07,(주)인화 베바스토지점,BIZ_NO미존재사업장,울산광역시,법인,2011-12-19,165,39130200,17,17
2026-07,(주)네패스,접착제 및 젤라틴 제조업,충청북도,법인,1992-04-09,1130,471419940,39,31
2026-07,(주)정진넥스텍,기타 반도체 소자 제조업,경기도,법인,2002-11-01,174,73790140,2,0
2026-07,세인트힐요양병원,요양병원,경기도,법인,2024-11-01,38,10754540,5,2
2026-07,남부공항서비스주식회사,기타 항공 운송지원 서비스업,부산광역시,법인,2019-12-03,1252,432661240,10,29
2026-07,(주)고려산기,BIZ_NO미존재사업장,경상남도,법인,1996-09-19,42,17999520,0,0
2026-07,온누리택시주식회사,택시 운송업,부산광역시,법인,2014-04-01,87,13378760,11,4
2026-07,(주)세진엘리베이터,배관 및 냉ㆍ난방 공사업,경기도,법인,2007-06-01,39,15975460,0,5
2026-07,롯데지알에스(주),치킨 전문점,서울특별시,법인,1988-01-01,2735,881945760,183,188
2026-07,주식회사 담스테크,컴퓨터 및 주변장치  소프트웨어 소매업,경기도,법인,2013-01-01,60,24011360,1,1
2026-07,(주)아름누리,그 외 기타 종합 소매업,충청북도,법인,2021-02-08,258,64870140,0,2
2026-07,(주)제이테크놀러지,컴퓨터 제조업,경상북도,법인,1999-01-01,46,13638960,0,0
2026-07,(주)디아이테크,기타 반도체 소자 제조업,충청북도,법인,2025-04-01,58,18078820,0,0
2026-07,주식회사다울산업개발/(일용)파주운정3 A3BL 공공지원민간임대주택사업 중 기계설비공사,건물용 기계ㆍ장비 설치 공사업,경기도,법인,2025-06-25,36,15566580,10,0
2026-07,회룡건설(주)/일용/분당 무지개마을 4단지 아파트 리모델링 사업(시공) 실내건축공사,도배  실내 장식 및 내장 목공사업,경기도,법인,2025-07-15,43,17060220,8,0
2026-07,（주）만재물류,화물 포장  검수 및 계량 서비스업,경기도,법인,2014-01-01,82,29872280,0,8
2026-07,삼성서울유외과의원,일반의원,서울특별시,개인,2018-03-12,31,10546320,5,4
2026-07,주식회사코지하우스코리아,도배  실내 장식 및 내장 목공사업,부산광역시,법인,2023-08-09,159,35443540,28,22
2026-07,종로재가복지센터,노인 양로 복지시설 운영업,서울특별시,법인,2021-07-01,30,4524500,2,2
2026-07,동행동물의료센터,수의업,부산광역시,개인,2021-06-10,32,9388320,5,4
2026-07,(주)경기고속,시외버스 운송업,경기도,법인,1988-01-01,1676,774601700,37,29
2026-07,(주)금강서비스,기타 물품 취급장비 제조업,충청북도,법인,1998-10-01,53,28118420,8,4
2026-07,(주)유니젯,전기용 기계ㆍ장비 및 관련 기자재 도매업,경기도,법인,2004-11-01,92,43171760,5,0
2026-07,씨제이리테일원 주식회사,그 외 기타 분류 안된 전문  과학 및 기술 서비스업,서울특별시,법인,2002-10-01,1471,485509320,10,21
2026-07,경방신약(주),한의약품 제조업,인천광역시,법인,1999-10-10,131,44038580,1,6
2026-07,네이버 주식회사,데이터베이스 및 온라인 정보 제공업,경기도,법인,1999-06-29,5141,3100167260,83,74
2026-07,（주）우노텍/일용/송도역세권구역 A3BL 공동주택 신축공사 중 내장공사,도배  실내 장식 및 내장 목공사업,인천광역시,법인,2025-09-09,43,20443260,13,9
2026-07,（주）인화엔지니어링,그 외 기타 분류 안된 사업 지원 서비스업,울산광역시,법인,2009-05-01,63,20325020,0,0
2026-07,에스지엔(주),유선 통신장비 제조업,경기도,법인,2011-07-11,30,11271340,5,5
2026-07,주식회사서플라이스(SUPPLIES),전자상거래 소매업,서울특별시,법인,2017-08-01,533,105249840,69,71
2026-07,신한투자증권(주),증권 중개업,서울특별시,법인,1988-01-01,2575,1520392800,73,29
2026-07,(주)성호기업,금속류 원료 재생업,경상북도,법인,2003-02-19,67,27075740,0,1
2026-07,（주）한국교량-(상용)경도대교 1 2 해상교량공사,유리 및 창호 공사업,전남광주통합특별시,법인,2024-05-27,50,14932040,5,5
2026-07,(주)우신기연,기타 반도체 소자 제조업,경기도,법인,1994-01-20,90,33830380,8,1
2026-07,(주)키스템프그룹,고용 알선업,서울특별시,법인,2006-01-27,1220,299963260,80,71
2026-07,주식회사 엘엑스세미콘,기타 반도체 소자 제조업,대전광역시,법인,1999-11-01,1374,800778100,17,9
2026-07,주식회사 무신사,응용 소프트웨어 개발 및 공급업,서울특별시,법인,2012-07-01,2177,1076225940,84,94
2026-07,동대문구보건소,BIZ_NO미존재사업장,서울특별시,법인,2004-06-01,60,17189760,5,6
2026-07,에스케이증권(주),그 외 기타 금융 지원 서비스업,서울특별시,법인,1988-01-01,811,444186740,15,24
2026-07,다믈파워반도체유한회사,전기용 기계ㆍ장비 및 관련 기자재 도매업,경기도,법인,2019-02-01,78,41007100,0,0
2026-07,메가존클라우드주식회사,응용 소프트웨어 개발 및 공급업,경기도,법인,2018-08-01,1687,764397180,43,46
2026-07,인창재가노인지원서비스센터,BIZ_NO미존재사업장,부산광역시,법인,2020-03-01,41,6066140,3,0
2026-07,주식회사 위드커,주거용 건물 개발 및 공급업,서울특별시,법인,2004-05-01,113,26857760,6,3
2026-07,카리스요양병원,요양병원,경기도,개인,2012-06-05,40,11881600,4,5
2026-07,오피전력기술(주),가전제품 및 부품 도매업,경기도,법인,2006-02-01,36,16527540,0,0
2026-07,아마존웹서비시즈코리아 유한책임회사,그 외 기타 분류 안된 전문  과학 및 기술 서비스업,서울특별시,법인,2015-01-19,1030,623582680,13,17
2026-07,외식명가 삼산정,한식 일반 음식점업,울산광역시,법인,2025-12-01,40,12322920,4,4
2026-07,아산볼트기업,철물  금속 파스너 및 수공구 도매업,경기도,개인,2011-07-01,35,11401140,1,1
2026-07,의료법인 신생의료재단 센트럴병원,요양병원,부산광역시,법인,2019-01-01,288,93758320,4,10
2026-07,(주)지니틱스(Zinitix Co. Ltd.),기타 반도체 소자 제조업,경기도,법인,2018-09-01,77,39913640,0,1
2026-07,(주)디티피아,스크린 인쇄업,서울특별시,법인,2000-01-10,62,17476680,1,0
2026-07,(주)대양오토,그 외 자동차용 신품 부품 제조업,울산광역시,법인,2012-10-02,84,27010640,11,12
2026-07,유한회사 씨네드림,영화관 운영업,전남광주통합특별시,법인,2014-05-01,35,3279340,6,5
2026-07,대주중공업(주)/일용/용인cluster1기 구축공사 중 철골공사-6,육상 금속 골조 구조재 제조업,경기도,법인,2025-09-26,67,41306900,12,1
2026-07,성진영농조합법인,채소류  서류 및 향신작물류 도매업,경상북도,법인,2003-04-01,54,19312600,0,6
2026-07,(주)트리엔,기어 및 동력전달장치 제조업,경상북도,법인,2005-06-01,36,13875260,1,2
2026-07,씽씽(singsing)병원,그 외 기타 보건업,경상남도,개인,2021-03-22,55,18959160,0,2
2026-07,한국대학교육협의회,기타 인문 및 사회과학 연구개발업,서울특별시,법인,1988-01-01,126,51640240,7,3
2026-07,에스비테크_기능,기타 구조용 금속제품 제조업,충청북도,법인,2025-10-01,68,28670240,0,0
2026-07,주식회사더오픈프로덕트,BIZ_NO미존재사업장,서울특별시,법인,2015-10-01,40,11730360,4,5
2026-07,(주)신한전자,기타 반도체 소자 제조업,충청북도,법인,1988-01-01,50,17581000,1,1
2026-07,청아세무회계,세무사업,인천광역시,개인,2019-06-04,34,8922620,0,1
2026-07,(주)솔텍시스템,응용 소프트웨어 개발 및 공급업,서울특별시,법인,2003-10-13,34,13132860,0,0
2026-07,(주)에이스토리,BIZ_NO미존재사업장,서울특별시,법인,2004-01-01,37,15085920,0,0
2026-07,케이스티파이유한회사,가방 및 보호용 케이스 도매업,서울특별시,법인,2021-10-01,228,48566720,27,11
2026-07,글로텍주식회사,BIZ_NO미존재사업장,충청북도,법인,2010-08-17,99,44134760,0,20
2026-07,환경이엔지(주)/일용/반포주공1단지(1.2.4주구) 주택재건축 공조.소방설비(3공구),미장  타일 및 방수 공사업,서울특별시,법인,2024-12-16,93,39198400,17,21
2026-07,의료법인 이라의료재단,BIZ_NO미존재사업장,충청남도,법인,2014-12-02,89,24838180,1,7
2026-07,(주)창선건설/일용/평택브레인시티공동주택신축공사중건축 기계 토목 조경공사 중 철근콘크리트공사(1공구),유리 및 창호 공사업,경기도,법인,2026-02-03,81,37429980,53,0
2026-07,(주)신세계아이앤씨,응용 소프트웨어 개발 및 공급업,서울특별시,법인,1997-05-01,1271,712220800,5,9
2026-07,선우플랜트엔지니어링(주),기타 엔지니어링 서비스업,서울특별시,법인,1992-01-01,60,23250860,2,0
2026-07,주식회사델리바이오(Deli-bio),경영 컨설팅업,인천광역시,법인,2022-07-11,47,13854080,5,5
2026-07,경찰대학-신임교육생,비주거용 건물 임대업(점포  자기땅),충청남도,법인,2019-03-04,64,12412440,15,0
2026-07,에이앤케이(AnK)특허법률사무소,변리사업,서울특별시,개인,2017-12-04,71,31961280,3,0
2026-07,(주)한국아트체인,목재 도구 및 주방용 나무제품 제조업,경기도,법인,1992-04-14,36,10045940,0,0
2026-07,나눔과 기쁨방문요양센터,그 외 기타 보건업,충청남도,개인,2014-09-01,31,4208680,4,4
2026-07,해맑은요양병원,요양병원,전북특별자치도,개인,2017-04-03,48,14076900,1,0
2026-07,(주)헤드아이티,컴퓨터 및 주변장치  소프트웨어 도매업,전북특별자치도,법인,2002-09-30,47,16421500,0,0
2026-07,원일건설기업 주식회사/일용/대조제1구역 주택재개발 중 습식공사(2BL),미장  타일 및 방수 공사업,서울특별시,법인,2025-01-24,30,12102860,6,12
2026-07,한국해양대학교소비자생활협동조합,기관 구내식당업,부산광역시,법인,2012-01-01,30,7260000,0,0
2026-07,금호타이어주식회사,타이어 및 튜브 제조업,전남광주통합특별시,법인,2003-07-01,1077,593908600,2,9
2026-07,부안수산업협동조합,국내은행,전북특별자치도,법인,1988-01-01,137,55536180,1,0
2026-07,오스템임플란트(주),전기식 진단 및 요법 기기 제조업,서울특별시,법인,1998-05-01,2075,1010797100,13,91
2026-07,(주)가든파이브라이프,비주거용 부동산 관리업,서울특별시,법인,2009-09-15,40,14922940,0,0
2026-07,오엔건설주식회사(일용)고양장항 S-2BL 아파트 건설공사 6공구 중 골조공사,유리 및 창호 공사업,경기도,법인,2025-08-25,65,28758860,14,0
2026-07,주식회사 삼일로지스틱스,통관 대리 및 관련서비스업 / 화물 운송 중개  대리,충청남도,법인,2003-02-01,33,12242920,2,9
2026-07,한화시스템 주식회사,물질 검사  측정 및 분석 기구 제조업,경상북도,법인,2000-02-01,3294,1956854560,55,21
2026-07,（주）에스티로지스,용달 화물 자동차 운송업,충청남도,법인,2005-09-01,40,13388360,13,1
2026-07,유니코로지스틱스(주),통관 대리 및 관련서비스업 / 화물 운송 중개  대리,서울특별시,법인,2002-11-21,139,60450680,6,5
2026-07,든든한내과,일반의원,경기도,개인,2017-06-28,46,17007160,0,0
2026-07,（주）엔클로니,제조 / 산업용강화플라스틱성형제품,서울특별시,법인,2013-11-05,72,26764380,0,2
2026-07,주식회사해긴,응용 소프트웨어 개발 및 공급업,서울특별시,법인,2017-09-04,198,86475200,6,6
2026-07,(재)우체국물류지원단,공영 우편업,서울특별시,법인,1988-01-01,1581,632455820,40,21
2026-07,주식회사 모래코리아 1공장,포장용 플라스틱 성형용기 제조업,인천광역시,법인,2023-05-01,47,16291860,3,0
2026-07,(재)경기창조경제혁신센터,BIZ_NO미존재사업장,경기도,법인,2015-03-20,55,22413260,3,2
2026-07,케이에이씨공항서비스(주),기타 항공 운송지원 서비스업,서울특별시,법인,2018-01-01,1020,360988100,36,12
2026-07,（주）와스알이엠,건축물 일반 청소업,서울특별시,법인,2008-12-01,67,15061580,3,2
2026-07,소바젠주식회사,기타 인문 및 사회과학 연구개발업,대전광역시,법인,2018-06-01,30,13880220,2,1
2026-07,주식회사현승종합건설,기타 비주거용 건물 건설업,경기도,법인,2019-02-01,59,28729160,6,1
2026-07,(주)메가이엔지/일용/화성사업장 전기배선 유지보수,내부 전기배선 공사업,경기도,법인,2026-01-01,79,24532160,0,14
2026-07,에이치케이테크주식회사,기타 반도체 소자 제조업,경기도,법인,2009-09-15,30,13074800,1,1
2026-07,(주)맥서브,비주거용 부동산 관리업,서울특별시,법인,1988-01-01,6471,1683637560,240,224
2026-07,(주)한길이에스티,운송장비용 조명장치 제조업,충청북도,법인,2001-02-01,55,13824240,0,0
2026-07,（주）농협하나로유통,BIZ_NO미존재사업장,서울특별시,법인,2015-03-02,1695,588783360,55,75
2026-07,근덕농업협동조합,국내은행,강원특별자치도,법인,1988-01-01,37,15654600,1,1
2026-07,플러스히어로즈,퀵서비스배달원,경기도,개인,2025-06-01,50,10296100,1,35
2026-07,(주)유창/일용/하나드림타운 그룹헤드쿼터 신축공사 중 메탈파사드/목재파사드 공사,구조용 금속 판제품 및 공작물 제조업,인천광역시,법인,2024-02-01,31,11039000,0,31
2026-07,영종장애인종합복지관,BIZ_NO미존재사업장,인천광역시,법인,2025-02-01,43,10601960,15,2
2026-07,주식회사 제이엘케이,BIZ_NO미존재사업장,충청북도,법인,2014-10-28,93,34785600,2,4
2026-07,주식회사대주전력/일용/시흥시 은행2지구 공동주택 개발사업 중 일반전기공사(C-1BL),일반 전기 공사업,경기도,법인,2024-07-04,33,16817320,8,3
2026-07,에코그린주식회사,그 외 기타 분류 안된 사업 지원 서비스업,경상남도,법인,2006-11-22,35,10978260,0,0
2026-07,주식회사엘케이이엔지,선박 구성 부분품 제조업,울산광역시,법인,2024-05-01,74,20643060,9,1
2026-07,더블유제이피에스코리아 유한책임회사,생활용 포장 및 위생용품  봉투 및 유사 제품 도매업,충청남도,법인,2018-03-01,37,15641140,1,1
2026-07,국립환경과학원 금강물환경센터,BIZ_NO미존재사업장,충청북도,법인,1999-05-01,42,13979740,0,0
2026-07,(주)샤인유통 인천논현점,슈퍼마켓,인천광역시,법인,2026-01-01,67,20617380,9,6
2026-07,삼협환경(합명),해당없음,울산광역시,법인,1994-06-09,35,15570460,0,1
2026-07,삼성메디슨주식회사,전기식 진단 및 요법 기기 제조업,강원특별자치도,법인,1988-01-01,1149,689778640,8,7
2026-07,에스지서보(주),유압 기기 제조업,경상남도,법인,2017-04-01,66,24564500,0,0
2026-07,사단법인제천국제음악영화제,공연 기획업,충청북도,법인,2007-07-06,47,13119320,7,1
2026-07,(주)와이티씨,트레일러 및 세미 트레일러 제조업,전남광주통합특별시,법인,2013-10-07,30,13961460,0,0
2026-07,현대회계법인,공인회계사업,서울특별시,법인,2006-04-01,187,93364720,5,3
2026-07,주식회사한국의약연구소,기타 인문 및 사회과학 연구개발업,경기도,법인,2010-06-07,60,22490180,1,3
2026-07,태연재활원,BIZ_NO미존재사업장,울산광역시,법인,2020-01-01,101,40015920,5,2
2026-07,대상주식회사,곡물 제분업,서울특별시,법인,1988-01-01,4727,2249376040,25,58
2026-07,전북대학교산학협력단,기타 인문 및 사회과학 연구개발업,전북특별자치도,법인,2004-07-01,69,27145820,3,2
2026-07,조이동물의료센터,수의업,경기도,개인,2015-12-18,38,11054600,0,2
2026-07,현대제철주식회사,그 외 기타 1차 철강 제조업,인천광역시,법인,1988-01-01,1372,851752360,1,9
2026-07,제이린안과,일반의원,부산광역시,개인,2020-06-22,30,9056720,3,3
2026-07,금강고속(주),시외버스 운송업,강원특별자치도,법인,1988-01-01,234,90057380,4,2
2026-07,주식회사다울지오인포,기타 인쇄물 출판업,서울특별시,법인,2010-01-01,49,18986060,0,0
2026-07,(주)에어코드,응용 소프트웨어 개발 및 공급업,경기도,법인,1999-01-06,55,27001580,0,0
2026-07,(주)대도F&D,산업용 농ㆍ축산물  섬유 원료 및 동물 중개업,강원특별자치도,법인,2013-01-01,47,12700800,0,0
2026-07,(주)바텍,산업 처리공정 제어장비 제조업,경기도,법인,1992-11-23,328,142136400,1,5
2026-07,동건운수(주),시내버스 운송업,대전광역시,법인,1988-01-01,99,43998000,0,1
2026-07,재단법인 가평우리마을,BIZ_NO미존재사업장,경기도,법인,2021-12-01,33,8352820,3,4
2026-07,엠씨아이대부(주),해당없음,서울특별시,법인,2013-10-18,30,12573380,1,0
2026-07,계양부일환경(주),지정 외 폐기물 수집  운반업,인천광역시,법인,1995-05-16,35,14750760,2,0
2026-07,주식회사브랜드뉴,분말 야금제품 제조업,울산광역시,법인,2015-04-16,37,11801000,1,6
2026-07,태진운수(주),시내버스 운송업,서울특별시,법인,1988-01-01,76,36930540,0,1
2026-07,중부대학교,일반 교과학원,충청남도,법인,1996-05-27,133,29136280,7,6
2026-07,우리동구장애인자립생활센터,BIZ_NO미존재사업장,울산광역시,법인,2014-12-29,113,20619660,4,5
2026-07,주식회사그로브,남자용 겉옷 제조업,서울특별시,법인,2020-11-01,40,12811900,4,4
2026-07,대동프라스틱,제조 / 산업용강화플라스틱성형제품,경기도,개인,2002-05-01,55,20299940,0,7
2026-07,참다운요양병원,요양병원,서울특별시,개인,2023-11-13,57,18235860,7,6
2026-07,강동성심병원(총무과),요양병원,서울특별시,법인,1988-01-01,1299,640293300,18,17
2026-07,로하스인천요양병원,요양병원,인천광역시,개인,2013-10-08,83,23779660,4,1
2026-07,(주)삼주이앤텍,건물 및 토목 엔지니어링 서비스업(기술사),강원특별자치도,법인,1999-03-02,32,11503920,0,0
2026-07,기아(주) 영업본부,화물 자동차 및 특수 목적용 자동차 제조업,서울특별시,법인,1999-07-01,1849,1157547960,2,20
2026-07,킹플란트치과의원,치과의원,대구광역시,개인,2024-02-05,41,14331440,5,4
2026-07,태장초등학교,BIZ_NO미존재사업장,경기도,법인,1996-07-01,31,9336560,0,0
2026-07,바른병원,요양병원,경기도,개인,2003-01-03,72,23922220,0,1
2026-07,(주)신원피에스,그 외 기타 분류 안된 사업 지원 서비스업,경상남도,법인,2020-12-15,42,9677600,3,3
2026-07,(주)포스코모빌리티솔루션STS사업실안산공장,열간 압연 및 압출제품 제조업,경기도,법인,2020-04-01,144,84759240,2,144
2026-07,(주)윈피앤에스,스크린 인쇄업,서울특별시,법인,1988-01-01,2118,575459920,37,69
2026-07,옥포농업협동조합,국내은행,대구광역시,법인,1988-01-01,36,20645920,0,0
2026-07,(주)대산이엔씨,배관 및 냉ㆍ난방 공사업,전남광주통합특별시,법인,2003-09-01,30,10410780,4,4
2026-07,광주광역시남구장애인복지관,BIZ_NO미존재사업장,전남광주통합특별시,법인,2023-04-01,40,12032340,1,0
2026-07,삼성증권(주),그 외 기타 금융 지원 서비스업,서울특별시,법인,1988-01-01,2606,1584236920,18,21
2026-07,(주)리황,제과점업,대전광역시,법인,2023-02-15,35,7536780,1,0
2026-07,보림토건(주)/일용/평택고덕A-56BL민간참여공공주택건설공사중가설및철근콘크리트공사(1공구),콘크리트 및 철근 공사업,경기도,법인,2026-02-09,80,30084140,36,0
2026-07,하이드로텍(주),유압 기기 제조업,대구광역시,법인,2004-01-01,40,15276140,1,0
2026-07,에이치디에스 주식회사,경비 및 경호 서비스업,서울특별시,법인,2001-12-14,1174,474412820,27,32
2026-07,대광아이앤디(주),금속 문  창  셔터 및 관련제품 제조업,경기도,법인,2016-09-01,34,10544120,0,0
2026-07,(주)제니엘휴먼,건축물 일반 청소업,서울특별시,법인,2003-03-01,1137,332604800,122,61
2026-07,주식회사 놀유니버스,상품 종합 도매업,경기도,법인,2022-04-01,1298,592341620,4,33
2026-07,다올이앤씨(주)/일용/호남고속철도2단계(고막원~목포)제1공구 노반신설 기타공사 교량상부공,유리 및 창호 공사업,전남광주통합특별시,법인,2023-07-12,70,26064660,4,1
2026-07,춘천농업협동조합,신용조합,강원특별자치도,법인,1988-01-01,198,82602220,4,16
2026-07,아라전기,기타 주점업,경상남도,개인,2013-11-01,66,24831380,0,0
2026-07,부산항운노조 어류지부 제도개선위원회,BIZ_NO미존재사업장,부산광역시,법인,2017-09-01,171,71015180,1,1
2026-07,파스토조(주),가죽의복 제조업,서울특별시,법인,2000-02-01,53,19532180,0,0
2026-07,(주)포맨파워,고용 알선업,서울특별시,법인,2002-10-09,77,17754560,4,12
2026-07,（주）안국루브텍,해당없음,서울특별시,법인,2009-11-01,31,13926480,0,0
2026-07,(주)평원기업,지정 외 폐기물 수집  운반업,서울특별시,법인,1988-01-01,40,20360340,2,0
2026-07,KB오토시스(주),그 외 자동차용 신품 부품 제조업,충청남도,법인,1988-01-01,190,89836380,2,3
2026-07,주식회사 은서테크,주형 및 금형 제조업,경기도,법인,2014-01-01,37,11640200,4,4
2026-07,(주)삼양사 중앙연구소,기타 인문 및 사회과학 연구개발업,대전광역시,법인,2015-01-01,101,57560060,1,1
2026-07,은원테크주식회사,금속 문  창  셔터 및 관련제품 제조업,경상남도,법인,2018-09-01,31,12388740,1,0
2026-07,주식회사상공에너지,증기  냉ㆍ온수 및 공기 조절 공급업,전북특별자치도,법인,2008-08-01,113,45663960,1,1
2026-07,주식회사 트레이딩웍스,호스팅 및 관련 서비스업,서울특별시,법인,2026-05-01,48,21195760,9,11
2026-07,의료법인마리아의료재단,일반의원,경기도,법인,1997-07-01,58,23770540,2,0
2026-07,석운노인전문요양원,BIZ_NO미존재사업장,경기도,법인,2011-08-13,47,11256440,5,5
2026-07,용인나로한방병원,한방병원,경기도,개인,2021-03-25,42,12868320,6,6
2026-07,금강농업협동조합,국내은행,강원특별자치도,법인,1988-01-01,66,32134600,0,0
2026-07,대림바토스(주),설치용 및 위생용 플라스틱제품 제조업,충청북도,법인,1996-04-01,34,12725780,0,1
2026-07,한화에어로스페이스(주)-창원3사업장,유인 항공기  항공 우주선 및 보조장치 제조업,경상남도,법인,2022-11-01,1250,751864820,14,17
2026-07,(주)다솜식자재유통,육류 가공식품 도매업,경기도,법인,2016-01-01,38,10483540,3,0
2026-07,주식회사데일리워크,기타자영업,서울특별시,법인,2018-09-03,58,13365080,3,7
2026-07,금정환경(주),지정 외 폐기물 수집  운반업,부산광역시,법인,1988-01-01,42,19123900,0,0
2026-07,주식회사사람인에이치에스,경영 컨설팅업(경영지도사),서울특별시,법인,2016-05-01,723,179600640,54,61
2026-07,대진기업(주),BIZ_NO미존재사업장,경상남도,법인,1989-10-12,32,14711580,0,0
2026-07,(주)에이세프,교육관련 자문 및 평가업,서울특별시,법인,2019-11-06,32,9406740,20,0
2026-07,혜성병원,일반병원,경기도,개인,2023-12-04,103,34792560,9,8
2026-07,전남광주통합특별시 광주미술관,비주거용 건물 임대업(점포  자기땅),전남광주통합특별시,법인,2003-04-01,49,15892900,4,0
2026-07,사단법인대한안마사협회인천지부,비주거용 건물 임대업(점포  자기땅),인천광역시,법인,2021-01-01,72,12627420,0,6
2026-07,엘지전자(주),주방용 전기 기기 제조업,서울특별시,법인,2002-04-01,33885,20606747340,207,208
2026-07,현대백화점(주),상품 종합 도매업,서울특별시,법인,2002-11-01,2666,1233723580,85,71
2026-07,고래한방병원,한방병원,충청북도,개인,2026-05-06,38,11693520,6,5
2026-07,주식회사에스에스테크/(주)포스코피에스테크 안전시설물 설치 작업  인력 Peak시 작업지원 중앙작업,건축물 일반 청소업,경상북도,법인,2023-07-01,51,18657880,23,11
2026-07,산엔청복지관,BIZ_NO미존재사업장,경상남도,법인,2017-02-01,34,10105780,0,1
2026-07,삼성코닝어드밴스드글라스유한회사,가정용 유리제품 제조업,충청남도,법인,2012-05-15,34,21283360,0,0
2026-07,이화여자대학교,비주거용 건물 임대업(점포  타인땅),서울특별시,법인,1996-04-01,1488,247347060,28,25
2026-07,재단법인 창원산업진흥원,연료용 가스 제조 및 배관공급업,경상남도,법인,2015-07-01,61,27179520,0,1
2026-07,(주)제이앤케이도시정비,경영 컨설팅업,서울특별시,법인,2002-11-01,34,11611780,5,5
2026-07,전주특별자치도전주교육지원청-재정협력과,BIZ_NO미존재사업장,전북특별자치도,법인,2014-02-01,1117,291291540,5,5
2026-07,（주）엔디케이（NDK）,도장 및 기타 피막 처리업,경상남도,법인,2012-01-21,30,9908820,3,3
2026-07,현대성우홀딩스(주),그 외 자동차용 신품 부품 제조업,서울특별시,법인,1996-04-01,53,28644600,1,0
2026-07,주식회사 크린토피아도봉,스크린 인쇄업,서울특별시,법인,2015-09-01,31,7998540,0,0
2026-07,(주)청아냉동식품,떡류 제조업,경상북도,법인,1996-01-01,153,50538120,11,1
2026-07,주식회사수하이엔에스,사업시설 유지ㆍ관리 서비스업,충청남도,법인,2020-07-01,111,29414800,8,2
2026-07,(재단)건설기술교육원,레크리에이션 교육기관,인천광역시,법인,1988-01-01,100,44120460,11,4
2026-07,재단법인여주세종문화관광재단,BIZ_NO미존재사업장,경기도,법인,2017-11-21,68,25428700,0,0
2026-07,사조푸디스트 주식회사,기관 구내식당업,서울특별시,법인,2020-02-01,2469,752210720,96,110
2026-07,주식회사 패스트레인,광고 대행업,서울특별시,법인,2017-01-06,86,40795260,3,5
2026-07,(주)서울바이오,플라스틱 선  봉  관 및 호스 제조업,충청북도,법인,1990-07-02,32,12822420,0,0
2026-07,(주)대양산업건설-(일용)부산신항 양곡부두 민간투자사업 중 수중철콘 및 준설공사,토공사업,부산광역시,법인,2025-10-01,34,19942880,7,0
2026-07,남해수산연구소,BIZ_NO미존재사업장,전남광주통합특별시,법인,1998-12-01,43,9888420,0,0
2026-07,주식회사 위플러스,그 외 기타 분류 안된 사업 지원 서비스업,서울특별시,법인,2026-01-01,44,13052120,1,1
2026-07,(주)에너지경주,지정 외 폐기물 수집  운반업,경상북도,법인,2006-10-16,50,20859200,1,0
2026-07,넷츠(주),응용 소프트웨어 개발 및 공급업,서울특별시,법인,1999-03-18,120,56051080,1,0
2026-07,베이커리와이 주식회사,서양식 음식점업,부산광역시,법인,2023-09-20,30,6867600,3,3
2026-07,(사)두란노서원,레크리에이션 교육기관,서울특별시,법인,1995-08-12,184,51419040,0,2
2026-07,재단법인 한국산업보건연구재단 비엠엘의원,그 외 기타 보건업,대전광역시,법인,2019-04-01,86,27187740,5,3
2026-07,씨제이제일제당（주）,설탕 제조업,서울특별시,법인,2007-09-01,7935,4157817900,77,137
2026-07,주식회사승원테크,절삭 가공 및 유사 처리업,대구광역시,법인,2019-04-01,36,12924580,2,0
2026-07,주식회사누보이엔지,기타 토목 시설물 건설업,경기도,법인,2022-06-01,111,39623920,5,11
2026-07,진주수병원,일반병원,경상남도,개인,2022-10-01,55,14077120,6,7
2026-07,(주)윕스,컴퓨터 및 주변장치  소프트웨어 도매업,경기도,법인,2003-11-19,49,12772860,0,1
2026-07,(사)충청남도장애인부모회-장애인활동지원사업,BIZ_NO미존재사업장,충청남도,법인,2017-08-01,85,13784540,0,0
2026-07,캐논코리아 (주),사무용 기계 및 장비 제조업,서울특별시,법인,1989-01-01,1185,551190700,26,14
2026-07,인천광역시육아종합지원센터,BIZ_NO미존재사업장,인천광역시,법인,2000-01-05,116,27609300,1,1
2026-07,(주)우리금속레이져,BIZ_NO미존재사업장,경기도,법인,2012-08-11,31,11208380,0,0
2026-07,경원여객자동차(주),시내버스 운송업 / 시외버스 운송업,경기도,법인,1988-01-01,618,260968760,19,21
2026-07,（주)휴먼인텍,주방용 전기 기기 제조업,경기도,법인,2007-01-01,80,28120880,1,3
2026-07,（주）하이텔레서비스,BIZ_NO미존재사업장,서울특별시,법인,2010-01-01,977,510064900,1,6
2026-07,학산문화사(주),일반 서적 출판업,서울특별시,법인,1995-08-01,143,55022900,3,4
2026-07,주식회사 스윗모먼트,빵류  과자류 및 당류 소매업,대전광역시,법인,2025-09-01,136,32612300,73,0
2026-07,퀘스트글로벌코리아 유한회사,응용 소프트웨어 개발 및 공급업,서울특별시,법인,2010-07-01,40,18839640,0,0
2026-07,주식회사 유일비엠텍 건설일용관리,건축물 일반 청소업,서울특별시,법인,2025-07-01,34,18039780,34,28
2026-07,씨더블유소방산업주식회사,산업용 냉장 및 냉동장비 제조업,충청북도,법인,2017-12-01,30,8756780,3,4
2026-07,주식회사국민티에스（KookminTS，Inc．）,그 외 기타 분류 안된 사업 지원 서비스업,서울특별시,법인,2015-01-01,272,61950020,5,4
2026-07,(주)삼흥테크,기타 기술 시험  검사 및 분석업,경기도,법인,2002-10-01,37,10146340,0,0
2026-07,유한회사 지성,기타 소사장제,대전광역시,법인,2026-01-01,71,27369000,1,1
2026-07,HD현대M&S 주식회사,선박 구성 부분품 제조업,울산광역시,법인,2025-03-01,41,19899180,1,0
2026-07,농업회사법인 플랜티팜 주식회사,채소류  서류 및 향신작물류 도매업,경기도,법인,2020-06-08,52,17082160,0,5
2026-07,(주)유니코정밀화학,그 외 기타 분류 안된 화학제품 제조업,경상북도,법인,1988-01-01,122,48100740,1,0
2026-07,(주)부린,응용 소프트웨어 개발 및 공급업,서울특별시,법인,2011-10-01,30,11567660,0,0
2026-07,(주)뉴데이소프트,BIZ_NO미존재사업장,서울특별시,법인,2009-11-01,41,15638560,0,0
2026-07,주식회사건명기업,강선 건조업,울산광역시,법인,2015-10-01,93,28412300,16,4
2026-07,(주)디어스이앤씨,기타 비주거용 건물 건설업,경기도,법인,2006-11-01,80,40687540,5,1
2026-07,대아알미늄(주),금속 문  창  셔터 및 관련제품 제조업,대구광역시,법인,1988-01-01,31,11753460,1,0
2026-07,고양시 대화노인종합복지관,BIZ_NO미존재사업장,경기도,법인,2014-04-01,60,13806080,1,0
2026-07,아우레아의원,일반의원,서울특별시,개인,2026-01-09,35,12053520,5,6
2026-07,빙그레김해공장,액상 시유 및 기타 낙농제품 제조업,경기도,법인,1988-01-01,254,114355520,22,26
2026-07,（주）에스씨엘(안산),금속선 가공제품 제조업,경기도,법인,2017-08-01,63,22286180,7,6
2026-07,우리벤처파트너스 주식회사,기타 금융 투자업,서울특별시,법인,2008-06-25,45,26328060,0,1
2026-07,더존테크,절삭 가공 및 유사 처리업,경상북도,개인,2017-08-01,31,10977880,1,30
2026-07,롯데칠성음료(주）주류비지,BIZ_NO미존재사업장,서울특별시,법인,2011-10-05,1494,813191020,5,40
2026-07,세진정보기술（주）,컴퓨터 시스템 통합 자문 및 구축 서비스업,경기도,법인,2004-07-01,77,22398240,1,2
2026-07,(주)하이테크알파/일용/P4 Ph4(상동) 마감공사 중 Ph4 비계공사 2공구,건물 및 구축물 해체 공사업,경기도,법인,2025-10-15,172,74367700,48,35
2026-07,인피니언테크놀로지스코리아 유한회사,경영 컨설팅업,서울특별시,법인,2001-06-01,269,157710760,3,6
2026-07,국양로지텍주식회사,통관 대리 및 관련서비스업 / 화물 운송 중개  대리,부산광역시,법인,1999-01-25,85,33619780,1,0
2026-07,주식회사디그니티그룹,여관업,강원특별자치도,법인,2018-07-01,41,9611780,5,2
2026-07,정진기업(주),고용 알선업,전남광주통합특별시,법인,2000-07-01,127,46345860,5,2
2026-07,우일계전공업（주）/일용/Autoland화성 기아 LW 프로젝트 중 일반전기공사(조립),배관 및 냉ㆍ난방 공사업,경기도,법인,2025-07-22,58,31209620,7,0
2026-07,(주)세강,그 외 자동차용 신품 부품 제조업,부산광역시,법인,1996-08-01,109,35301840,15,2
2026-07,세안이엔씨주식회사/일용/용인 Cluster 1기 IBL CUB 전기공사-6,일반 전기 공사업,경기도,법인,2025-07-02,211,93705060,54,1
2026-07,법무법인비트,변호사업,서울특별시,법인,2017-04-01,30,14886820,1,2
2026-07,인천경명초등학교,해당없음,인천광역시,법인,2012-02-01,30,8625160,1,0
2026-07,사단법인인천뇌병변복지협회,BIZ_NO미존재사업장,인천광역시,법인,2011-02-01,75,12832260,1,3
2026-07,(주)브라더건설/일용/남양주진접2 A-7BL 아파트 건설공사 6공구 중 철근콘크리트공사,콘크리트 및 철근 공사업,경기도,법인,2025-09-08,62,28727260,18,32
2026-07,이루탄메디케어의원,일반의원,서울특별시,개인,2025-05-08,36,9002920,5,4
2026-07,아이비코리아유한회사,운송장비용 조명장치 제조업,경기도,법인,2009-02-01,51,21517600,0,0
2026-07,(주)조이푸드,떡류 제조업,경기도,법인,2007-08-01,55,19714940,0,0
2026-07,자이에스텍(주),건축 설계 및 관련 서비스업,서울특별시,법인,2005-07-01,47,24451460,0,1
2026-07,주식회사이안복지센터,경영 컨설팅업,경기도,법인,2023-04-01,33,7513440,5,5
2026-07,주식회사 에스엠디자인건설,그 외 기타 건축자재 도매업,경기도,법인,2005-07-01,58,28803520,4,1
2026-07,유스켐주식회사,합성수지 및 기타 플라스틱 물질 제조업,전북특별자치도,법인,2004-03-22,37,12825760,5,4
2026-07,더한옥헤리티지 주식회사,비주거용 건물 개발 및 공급업,서울특별시,법인,2017-01-01,47,21636780,3,9
2026-07,한국콘트롤공업(주),유압 기기 제조업,경기도,법인,1989-01-01,35,10554140,1,0
2026-07,（주）서진에스앤피/일용/샤힌 에틸렌시설 건설공사 PKG1 Fire Proofing 공사  Subcon 2,그 외 기타 건축 마무리 공사업,울산광역시,법인,2024-10-01,84,49360420,28,3
2026-07,（주）올레건설/일용/시흥시 은행2지구 공동주택 개발사업 중 철근콘크리트공사 (C-2BL),유리 및 창호 공사업,경기도,법인,2024-07-12,82,32843380,12,1
2026-07,의료법인영훈의료재단선치과병원,치과병원,대전광역시,법인,2006-06-01,146,52884580,3,3
2026-07,(주) 사라야코리아,의료 기기 도매업,경기도,법인,2003-07-18,55,22385960,1,0
2026-07,(주)신안피앤씨 세종공장,골판지 제조업,세종특별자치시,법인,2025-04-01,51,20964300,4,2
2026-07,주식회사사운드웨이브,음반 및 비디오물 소매업,서울특별시,법인,2014-09-01,63,18821660,4,3
2026-07,인천강화옹진축산업협동조합,국내은행,인천광역시,법인,1988-01-01,94,46589980,5,1
2026-07,(주)삼화양행구미2공장,기타 반도체 소자 제조업,경상북도,법인,2022-04-04,44,12584540,9,3
2026-07,에이치엠엠(주),외항 화물 운송업,부산광역시,법인,1988-01-01,1036,632716820,4,3
2026-07,주식회사웨이브스튜디오,인물 사진 및 행사용 영상 촬영업,서울특별시,법인,2018-01-01,78,21017340,1,3
2026-07,웍데이코리아유한회사,컴퓨터 시스템 통합 자문 및 구축 서비스업,서울특별시,법인,2016-08-29,36,22537440,1,2
2026-07,더끌림 산부인과의원,일반의원,서울특별시,개인,2017-10-16,34,10447340,1,2
2026-07,(주)청우티에스,건축물 일반 청소업,경기도,법인,2004-05-01,160,38193320,11,3
2026-07,고려제강(주)유산공장,비주거용 건물 임대업(점포  자기땅),경상남도,법인,1988-01-01,55,29680880,0,0
2026-07,클라리언트코리아주식회사,암면 및 유사 제품 제조업,경상북도,법인,2016-01-01,45,27803700,0,0
2026-07,몽실협동조합,기타 예술학원,부산광역시,법인,2023-07-01,31,4753340,0,0
2026-07,부산화명새마을금고,국내은행,부산광역시,법인,1988-03-11,30,16308900,0,0
2026-07,유한회사 무영산업,선박 구성 부분품 제조업,전남광주통합특별시,법인,2018-06-25,37,11648880,1,1
2026-07,삼양식품(주)원주공장,면류  마카로니 및 유사 식품 제조업,강원특별자치도,법인,1989-01-01,1297,615478800,44,30
2026-07,의료법인은성의료재단좋은강안병원,요양병원,부산광역시,법인,2005-03-01,1109,375607700,28,30
2026-07,내면농업협동조합,슈퍼마켓,강원특별자치도,법인,1988-01-01,40,20508980,1,0
2026-07,에너지움 (주),물질 검사  측정 및 분석 기구 제조업,경기도,법인,2001-10-01,42,18986040,0,0
2026-07,코너스톤 서울 아카데미 주식회사,외국어학원,서울특별시,법인,2019-02-18,89,30486320,3,10
2026-07,(주)광명,포장용 플라스틱 성형용기 제조업,경기도,법인,2007-04-01,52,19289840,2,0
2026-07,비테스코테크놀로지스코리아 유한책임회사,산업 처리공정 제어장비 제조업,경기도,법인,1988-01-01,979,529725180,5,6
2026-07,(주)강동기업,절삭 가공 및 유사 처리업,울산광역시,법인,2023-05-26,83,28413560,0,1
2026-07,재단법인충청북도창조경제혁신센터,비주거용 건물 임대업(점포  자기땅),충청북도,법인,2015-04-01,30,11929980,2,0
2026-07,주식회사 지씨,배관 및 냉ㆍ난방 공사업,부산광역시,법인,2001-03-01,131,53913820,0,2
2026-07,올림픽파크 365의원,일반의원,서울특별시,개인,2025-07-17,32,10299900,6,1
2026-07,동일산업（주）/일용/광양LNG터미널 #7 8 탱크 증설공사 탱크 및 부대설비 기계/배관/철,배관 및 냉ㆍ난방 공사업,전남광주통합특별시,법인,2024-07-18,36,19001060,0,0
2026-07,(주)동우건설-(일용)에코델타시티 11BL 민간참여 공공분양주택건립사업,콘크리트 및 철근 공사업,부산광역시,법인,2025-12-17,38,8459560,16,0
2026-07,주식회사해인엔지니어링/일용/(단가)보온/비계공사(CUI),산업 생산시설 종합 건설업,울산광역시,법인,2025-03-01,51,19653540,36,0
2026-07,당진낙농축산업협동조합,해당없음,충청남도,법인,1992-08-14,88,41652800,2,3
2026-07,캐치일리 주식회사,상용 인력 공급 및 인사관리 서비스업,서울특별시,법인,2024-06-10,31,6764200,7,6
2026-07,이노팩,선박 구성 부분품 제조업,울산광역시,개인,2025-07-01,44,15569260,0,0
2026-07,대구요양병원,요양병원,대구광역시,개인,2020-12-01,57,15576360,6,5
2026-07,배성건설 주식회사/일용/인천검단AA13-2블록공공주택사업(인천) 중 철근콘크리트공사(건축/주택)2-2공구,콘크리트 및 철근 공사업,인천광역시,법인,2025-09-12,57,19818240,7,14
2026-07,주식회사에스아이건축디자인-(일용)농심 녹산신공장 건설공사 중 수장공사 및 금속창호공사,도배  실내 장식 및 내장 목공사업,부산광역시,법인,2025-01-20,77,35362140,42,27
2026-07,녹색환경산업(주),지정 외 폐기물 수집  운반업,경기도,법인,2006-05-24,48,22995060,1,0
2026-07,(재)한국무역통계진흥원,애완 동물 장묘 및 보호 서비스업,서울특별시,법인,2015-07-01,43,18314360,0,0
2026-07,주식회사선일,해당없음,경기도,법인,2010-11-01,38,13301700,0,0
2026-07,시민택시(주),택시 운송업,대구광역시,법인,1999-08-01,36,4733080,5,4
2026-07,(주)잡앤잡,그 외 기타 분류 안된 전문  과학 및 기술 서비스업,서울특별시,법인,2008-03-10,66,16462460,3,9
2026-07,와이엔제이 주식회사,임시 및 일용 인력 공급업,서울특별시,법인,2019-03-11,41,8314360,2,41
2026-07,재단법인 광명문화재단,공연시설 운영업,경기도,법인,2017-04-10,59,23752220,0,0
2026-07,서울드와이트외국인학교,BIZ_NO미존재사업장,서울특별시,법인,2012-03-01,109,46052540,1,19
2026-07,(주)엠에스,기타 소사장제,충청북도,법인,2021-05-18,51,14290780,1,6
2026-07,주식회사애니멀킹덤,상품 종합 도매업,경상남도,법인,2020-09-01,30,6855540,3,4
2026-07,신안산업개발（주）/일용/온양캠퍼스 05L FAB 신축  부지정지 공사 중 철거공사,건물 및 구축물 해체 공사업,충청남도,법인,2026-07-01,82,36323140,82,0
2026-07,(주)한창건설,기타 토목 시설물 건설업,충청남도,법인,2001-03-20,49,20669260,2,4
2026-07,성암초등학교,BIZ_NO미존재사업장,경상북도,법인,2003-09-01,31,7806060,1,0
2026-07,희성촉매 주식회사,그 외 자동차용 신품 부품 제조업,경기도,법인,1988-01-01,575,320060260,3,2
2026-07,서울아산병원,요양병원,서울특별시,법인,1989-10-01,9244,5144747740,117,61
2026-07,테라다인코리아 유한회사,상품 종합 도매업,서울특별시,법인,2006-01-01,185,99812360,16,3
2026-07,주식회사 페슬 (PESEUL Co.  Ltd.),광고 대행업,서울특별시,법인,2024-03-15,36,9657960,4,5
2026-07,한국인닥타썸주식회사,산업용 오븐  노 및 노용 버너 제조업,경상북도,법인,1988-01-01,45,24408860,0,0
2026-07,주식회사 태일씨앤티/일용/성수동2가 273-12외 1필지 업무시설 신축공사 중 철근콘크리트공사,콘크리트 및 철근 공사업,서울특별시,법인,2025-05-13,46,15517380,0,25
2026-07,(주)한국씨티은행,기타모집수당 채권회수수당,서울특별시,법인,1988-01-01,1419,878048600,6,8
2026-07,흥안운수(주),시내버스 운송업,서울특별시,법인,1988-01-01,262,123615120,5,3
2026-07,아쿠쉬네트코리아주식회사,운동 및 경기용품 도매업,서울특별시,법인,2004-09-24,221,104254160,3,2
2026-07,고려기프트(주),그 외 기타 상품 전문 도매업,서울특별시,법인,2008-02-01,78,34741940,0,0
2026-07,주식회사 서원토건/일용/(대외)마스턴 성수동2가 업무시설 신축공사 중 철근콘크리트 공사,유리 및 창호 공사업,서울특별시,법인,2025-02-07,56,19829260,0,22
2026-07,충북대학교소비자생활협동조합,BIZ_NO미존재사업장,충청북도,법인,2012-04-01,58,12722920,0,5
2026-07,대건교통주식회사,택시 운송업,서울특별시,법인,2013-11-01,33,7074480,0,0
2026-07,건솔루션(주),BIZ_NO미존재사업장,경기도,법인,2012-01-01,49,20476220,0,5
2026-07,주식회사 무진오토,그 외 자동차용 신품 부품 제조업,충청남도,법인,2000-05-01,110,41007200,2,2
2026-07,대아이앤씨(주)/일용/울산현대 샤힌 SUB2 보온,배관 및 냉ㆍ난방 공사업,울산광역시,법인,2024-10-01,134,80239980,45,0
2026-07,국립원예특작과학원,BIZ_NO미존재사업장,전북특별자치도,법인,1999-01-01,351,81622480,20,10
2026-07,세메스주식회사,동력식 수지 공구 제조업,충청남도,법인,1993-07-19,2764,1676841000,14,32
2026-07,한일산업(주),레미콘 제조업,서울특별시,법인,1988-01-01,195,80531660,1,2
2026-07,주식회사 다이나맥,그 외 자동차용 신품 부품 제조업,대전광역시,법인,1988-01-01,108,46939320,9,38
2026-07,고든병원,일반의원,경기도,개인,2023-10-11,78,25511840,5,1
2026-07,(주)엔켐-본점,석탄화학계 화합물 및 기타 기초 유기화학 물질제조업,충청북도,법인,2012-01-01,183,84932180,1,12
2026-07,（주）에이치디엑스윌,응용 소프트웨어 개발 및 공급업,서울특별시,법인,2018-12-21,53,21716540,0,0
2026-07,(주)우노텍/일용/도곡삼호아파트 주택 재건축 정비사업 [외주] 내장공사,도배  실내 장식 및 내장 목공사업,서울특별시,법인,2025-09-17,33,12229660,10,10
2026-07,주식회사 오셔나즈,강선 건조업,경상남도,법인,2024-10-01,40,13479180,1,1
2026-07,주식회사 그린들리,지정 외 폐기물 수집  운반업,서울특별시,법인,2024-11-01,31,16756120,0,0
2026-07,(주)유창이앤씨(일용)세종5-1생활권L5중모듈러공사,구조용 금속 판제품 및 공작물 제조업,세종특별자치시,법인,2025-07-21,32,9381480,10,0
2026-07,(주)나노에이스,기타 반도체 소자 제조업,충청남도,법인,2007-06-02,43,15216560,0,0
2026-07,(주) 필립스코리아,상품 종합 도매업,서울특별시,법인,1988-04-12,324,181290080,5,7
2026-07,(주)환승이엔지/일용/부평산곡도시환경정비사업-설비공사(2공구),배관 및 냉ㆍ난방 공사업,인천광역시,법인,2025-06-05,58,27066320,30,1
2026-07,주식회사 한국기업콜센터,그 외 기타 분류 안된 사업 지원 서비스업,경기도,법인,2017-04-19,34,7514040,4,3
2026-07,주식회사맛있는식탁,김밥 및 기타 간이 음식점업,서울특별시,법인,2016-05-26,40,10929380,5,5
2026-07,성환유통(주)영종국제도시점,슈퍼마켓,인천광역시,법인,2022-12-01,41,14476040,0,4
2026-07,더보스톤치과병원,치과병원,충청남도,개인,2017-03-13,53,15256700,0,1
2026-07,어셈블리코리아 주식회사,데이터베이스 및 온라인 정보 제공업,서울특별시,법인,2014-04-01,53,25138340,0,0
2026-07,상동바른마취통증의학과의원,일반의원,경기도,개인,2024-01-08,30,10902240,2,1
2026-07,한국중부발전(주),태양력 발전업,충청남도,법인,2001-04-02,2809,1569670600,53,61
2026-07,연세대학교원주세브란스기독병원,요양병원,강원특별자치도,법인,2000-03-01,202,58259940,24,11
2026-07,(주)위게더,건축물 일반 청소업,서울특별시,법인,2015-02-01,31,6817420,2,1
2026-07,（주）퓨리켐,운송장비용 조명장치 제조업,충청북도,법인,2007-12-01,31,8704820,2,1
2026-07,재단법인울주문화재단,BIZ_NO미존재사업장,울산광역시,법인,2020-10-05,53,15935460,5,0
2026-07,주식회사 더캐리,남녀용 겉옷 및 셔츠 도매업,서울특별시,법인,2014-01-01,142,56531760,3,3
2026-07,(주)화승코퍼레이션,그 외 자동차용 신품 부품 제조업,부산광역시,법인,1988-01-01,535,249707300,4,8
2026-07,현대산업,그 외 자동차용 신품 부품 제조업,경기도,개인,2005-08-01,36,11159760,1,2
2026-07,주식회사 여명/일용/청주센텀푸르지오자이(충북) 철근콘크리트공사(건축/주택),콘크리트 및 철근 공사업,충청북도,법인,2026-02-20,72,30780520,0,15
2026-07,울산엘리야병원,BIZ_NO미존재사업장,울산광역시,개인,1996-06-01,305,93185320,7,8
2026-07,주식회사대저페리,내항 여객 운송업,경상북도,법인,2023-06-19,31,8426340,1,1
2026-07,서울더센트럴치과의원,치과의원,경기도,개인,2022-06-29,42,15279580,1,1
2026-07,에드워드 코리아 주식회사,기타 반도체 소자 제조업,충청남도,법인,1990-10-30,1530,765281940,30,22
2026-07,전주비전대학교,그 외 기타 분류 안된 전문  과학 및 기술 서비스업,전북특별자치도,법인,1996-09-01,75,16121800,2,9
2026-07,밴스의원,일반의원,전남광주통합특별시,개인,2021-05-31,44,13015620,5,6
2026-07,북전주농업협동조합,국내은행,전북특별자치도,법인,1988-01-01,96,39305420,0,0
2026-07,오엔건설주식회사/일용/수원이목2차(A-3BL) 중 골조공사(2공구)+데크 제외,유리 및 창호 공사업,경기도,법인,2025-08-22,120,52820920,17,0
2026-07,(주)이스터씨앤아이,그 외 기타 분류 안된 사업 지원 서비스업,서울특별시,법인,2004-02-20,42,15234280,0,0
2026-07,영진기업(주),택시 운송업,인천광역시,법인,1988-01-01,47,8700240,2,1
2026-07,에쓰-오일(주),원유 정제처리업,서울특별시,법인,1988-01-01,3543,2133425300,14,28
2026-07,보임테크놀러지(주),사무용 기계 및 장비 제조업,서울특별시,법인,1988-01-01,42,15953560,0,0
2026-07,주식회사서경실업,BIZ_NO미존재사업장,울산광역시,법인,2014-05-01,34,12304220,0,0
2026-07,(주)드림엔지니어링,배관 및 냉ㆍ난방 공사업,울산광역시,법인,2009-05-01,38,17692720,0,5
2026-07,한국항공우주산업(주)본점,항공기용 부품 제조업,경상남도,법인,1999-10-01,4933,2995552860,90,32
2026-07,영테크플러스(주)/일용/26년2분기 M15 DRAM 신규장비배관 Hook-up 공사_1공구,배관 및 냉ㆍ난방 공사업,충청북도,법인,2025-08-01,98,51000500,14,1
2026-07,넷플릭스서비시스코리아유한회사,그 외 기타 분류 안된 전문  과학 및 기술 서비스업,서울특별시,법인,2018-01-08,161,98231080,5,3
2026-07,(주)이레머티리얼스,플라스틱 창호 제조업,경기도,법인,2007-12-01,35,12058240,0,1
2026-07,(주)코리아테크,가전제품 및 부품 도매업,서울특별시,법인,2004-07-01,97,32804180,3,12
2026-07,주식회사 더블유제이노체앤코-그랜드힐컨벤션,치킨 전문점,서울특별시,법인,2017-02-01,62,15180160,7,27
2026-07,(주)휴넥트,그 외 기타 분류 안된 사업 지원 서비스업,부산광역시,법인,1999-01-15,2470,645473560,111,117
2026-07,한솔코에버(주),응용 소프트웨어 개발 및 공급업,서울특별시,법인,2006-05-01,54,21075520,0,5
2026-07,효림원재가노인지원서비스센터,BIZ_NO미존재사업장,부산광역시,법인,2014-01-01,31,4617080,0,0
2026-07,주식회사유비파이,항공기용 부품 제조업,서울특별시,법인,2014-07-01,64,25700900,1,0
2026-07,24시성심동물메디컬센터,수의업,대전광역시,개인,2019-05-02,62,20770380,0,5
2026-07,한전케이디엔(주)-(일용)26년 통신망 보강공사-대전,일반 전기 공사업,대전광역시,법인,2026-06-22,34,12738420,34,0
2026-07,세아STX엔테크주식회사,산업 생산시설 종합 건설업,경기도,법인,2018-08-01,43,23682340,0,1
2026-07,투썸플레이스주식회사(스탭),치킨 전문점,서울특별시,법인,2018-02-01,1575,218723000,256,250
2026-07,(주)라포르,건축물 일반 청소업,인천광역시,법인,2014-09-01,76,13473900,7,2
2026-07,근화여자고등학교,해당없음,경상북도,법인,1998-01-01,33,10877780,0,0
2026-07,상주시장애인종합복지관,BIZ_NO미존재사업장,경상북도,법인,1997-12-09,59,14835420,0,1
2026-07,한화시스템(주) ICT부문,기타 측정  시험  항해  제어 및 정밀 기기 제조업,서울특별시,법인,2022-01-01,1605,947465240,6,11
2026-07,아시아퍼시픽국제외국인학교,BIZ_NO미존재사업장,서울특별시,법인,2008-07-03,56,20161240,2,10
2026-07,(주)동양키친나라,생활용 유리ㆍ요업ㆍ목재ㆍ금속제품 및 날붙이 도매업,서울특별시,법인,2004-03-01,31,11603580,0,0
2026-07,주식회사 연우테크놀러지,기타 엔지니어링 서비스업,서울특별시,법인,2013-03-01,30,11079460,0,1
2026-07,주식회사 오오티제이오리진,남녀용 겉옷 및 셔츠 도매업,서울특별시,법인,2024-10-01,31,10016540,6,0
2026-07,주식회사 다이나믹솔루션,기타 인문 및 사회과학 연구개발업,경기도,법인,2010-06-04,60,25916900,6,0
2026-07,(주)엘지경영개발원인화원,그 외 기타 개인 및 가정용품 임대업,경기도,법인,1998-07-01,75,45193920,0,2
2026-07,장성군청,비주거용 건물 임대업(점포  자기땅),전남광주통합특별시,법인,1993-02-05,167,53367960,1,1
2026-07,주식회사에버트라이(EverTriInc.),시스템 소프트웨어 개발 및 공급업,서울특별시,법인,2022-06-08,38,14329860,3,0
2026-07,(주)이크레더블,자료 처리업,서울특별시,법인,2001-09-01,220,105162600,4,5
2026-07,(주)에비던스임플란트,전기식 진단 및 요법 기기 제조업,대구광역시,법인,2005-02-01,65,18825140,1,1
2026-07,경동물류(주)/김포,항공 및 육상 화물 취급업,경기도,법인,2023-03-01,52,17059580,5,2
2026-07,(주)커넥트웨이브,응용 소프트웨어 개발 및 공급업,서울특별시,법인,2002-07-01,747,273170600,10,21
2026-07,백석문화대학교,그 외 기타 분류 안된 교육기관,충청남도,법인,2025-01-01,131,26369320,2,4
2026-07,엘에스일렉트릭(주) 청주,기타 물품 취급장비 제조업,충청북도,법인,1995-09-01,1565,893969740,15,15
2026-07,(주)선일엠텍,BIZ_NO미존재사업장,경상남도,법인,2001-07-01,36,13137100,0,0
2026-07,현대씨앤알(주),그 외 기타 분류 안된 사업 지원 서비스업,서울특별시,법인,1988-09-01,2099,661984480,32,60
2026-07,서울보증보험(주),손해보험업,서울특별시,법인,1988-01-01,1526,872284760,19,32
2026-07,화성시청/고유가 피해지원금 지원 사업,비주거용 건물 임대업(점포  자기땅),경기도,법인,2026-05-18,58,14326000,0,58
2026-07,(주)토요코인코리아중앙동점,호텔업,부산광역시,법인,2009-07-01,44,8920260,4,3
2026-07,동중한합회,BIZ_NO미존재사업장,경기도,법인,1988-01-01,186,58913700,0,1
2026-07,효드림노인복지센터,BIZ_NO미존재사업장,경기도,개인,2018-09-01,30,3661080,3,3
2026-07,(주)아이비케이캐피탈,국내은행,서울특별시,법인,1988-01-01,268,162404000,0,1
2026-07,세계화재해상손해사정(주),보험 대리 및 중개업,서울특별시,법인,1995-04-01,142,48388040,1,7
2026-07,체험주식회사,BIZ_NO미존재사업장,서울특별시,법인,2014-10-08,52,14454380,6,6
2026-07,(주)올곧,기타 식사용 가공처리 조리식품 제조업,경상북도,법인,2023-12-01,89,24216460,0,7
2026-07,경진부로아(주),산업용 로봇 제조업,인천광역시,법인,1994-12-02,35,10374140,3,4
2026-07,옥천꽃동네 성모노인요양원,BIZ_NO미존재사업장,충청북도,법인,2007-03-01,35,8278700,1,2
2026-07,(주)케이원오션,배전반 및 전기 자동제어반 제조업,전남광주통합특별시,법인,2026-01-01,50,15184800,2,3
2026-07,새이솔 주식회사,일반 서적 출판업,서울특별시,법인,2018-11-01,93,32396180,1,2
2026-07,GS칼텍스주식회사,원유 정제처리업,서울특별시,법인,1988-01-01,2990,1833197020,13,17
2026-07,(주)이건창호,금속 문  창  셔터 및 관련제품 제조업,인천광역시,법인,2017-04-01,217,103320780,2,14
2026-07,가덕도신공항건설공단,BIZ_NO미존재사업장,부산광역시,법인,2024-04-25,127,72393660,0,0
2026-07,주식회사 제이엠산업,그 외 기타 분류 안된 사업 지원 서비스업,인천광역시,법인,2023-11-03,35,7327920,0,10
2026-07,(주)위드컴퍼니에이치앤비,상품 종합 도매업,서울특별시,법인,2019-08-01,55,16146540,2,2
2026-07,사단법인 국제경영원,경영 컨설팅업,서울특별시,법인,1999-01-13,34,14811600,4,3
2026-07,씨아이티주식회사,그 외 자동차용 신품 부품 제조업,전북특별자치도,법인,2007-09-01,35,12120440,0,0
2026-07,(주)창조종합건축사사무소,기타 엔지니어링 서비스업,서울특별시,법인,1988-01-01,251,115362480,17,1
2026-07,(주)금화피에스시-상용- 당진 9.10호기 경상정비,유리 및 창호 공사업,충청남도,법인,2015-05-01,63,29675440,11,2
2026-07,대선산업개발(주)/일용/군포대야미 A-2BL 아파트 건설공사 1공구 중 철근콘크리트공사,콘크리트 및 철근 공사업,경기도,법인,2026-02-19,65,22137260,52,0
2026-07,모두탑365정형외과의원(연수점),일반의원,인천광역시,개인,2023-07-31,34,12400300,6,5
2026-07,주식회사서진이엔지/일용/26년 2차 P&T6(M8) TSV 신규장비 배관 Hook up 공사_1,배관 및 냉ㆍ난방 공사업,충청북도,법인,2025-08-01,61,35492720,0,0
2026-07,현대해상화재보험(주),손해보험업,서울특별시,법인,1988-01-01,3946,2216721940,47,37
2026-07,명인요양병원,요양병원,대전광역시,개인,2024-05-01,62,17353500,2,7
2026-07,엘티엘 택스(LTL Tax),세무사업(기장대리) / 기타 회계 관련 서비스업,충청북도,개인,2024-07-01,45,11913860,0,5
2026-07,주식회사백석산업/일용/씨앤씨인터내셔널 청주공장 신축공사 중 철근콘크리트공사,건물용 금속 공작물 설치 공사업,충청북도,법인,2026-03-25,78,38320400,36,0
2026-07,에스플러스기공소,정형 외과용 및 신체 보정용 기기 제조업,전남광주통합특별시,개인,2018-11-01,41,11535520,1,1
2026-07,의료법인원전의료재단,요양병원,대전광역시,법인,2010-03-03,111,30418820,6,0
2026-07,농업회사법인세종로컬푸드주식회사/공공급식센터,산업용 농ㆍ축산물  섬유 원료 및 동물 중개업,세종특별자치시,법인,2022-07-20,38,7114260,2,0
2026-07,BB INNOVATION,남녀용 겉옷 및 셔츠 도매업,부산광역시,개인,2010-03-01,34,10111420,0,0
2026-07,주식회사 에스에스지닷컴,전자상거래 소매업,서울특별시,법인,2018-12-27,2302,805771640,56,63
2026-07,(주)오성마이더스,금속 문  창  셔터 및 관련제품 제조업,인천광역시,법인,2005-07-01,43,16258620,0,1
2026-07,한국야금(주),도장 및 기타 피막 처리업,충청북도,법인,1988-01-01,696,356157280,2,2
2026-07,보은옥천영동축산업협동조합,그 외 기타 여신 금융업,충청북도,법인,1988-01-01,83,40019960,2,1
2026-07,에스케이하이닉스시스템아이씨우시솔루션스 주식회사,기타 정보 기술 및 컴퓨터 운영 관련 서비스업,충청북도,법인,2024-09-26,316,174380200,2,1
2026-07,(주)실론,그 외 기타 분류 안된 섬유제품 제조업,경기도,법인,2002-11-06,97,38637700,0,1
2026-07,(주）욱림건설/일용/울산학성동 지역주택조합 공동주택 중 실내건축공사,도배  실내 장식 및 내장 목공사업,울산광역시,법인,2025-09-01,34,15647300,4,0
2026-07,한울산업(주)서울산지점,그 외 자동차용 신품 부품 제조업,울산광역시,법인,2015-01-01,78,22400120,7,20
2026-07,(주)맨포스코리아,그 외 기타 분류 안된 사업 지원 서비스업,충청북도,법인,2003-05-01,135,30930740,12,15
2026-07,한국타이어앤테크놀로지(주)금산공장,타이어 및 튜브 제조업,충청남도,법인,2012-09-01,2265,1353096140,26,18
2026-07,제주여자고등학교,BIZ_NO미존재사업장,제주특별자치도,법인,1999-06-01,44,17415080,0,0
2026-07,여주제일고등학교,해당없음,경기도,법인,2001-09-01,37,13423580,2,0
2026-07,주식회사신성하인스,기타 반도체 소자 제조업,경기도,법인,2019-10-01,35,12789120,0,0
2026-07,사단법인한국장애인고용안정협회서울특별시지부,직원 훈련기관,서울특별시,법인,2021-04-19,38,7100340,1,1
2026-07,(주)제뉴인니스(GENUINENESS INC.),화장품 및 화장용품 도매업,서울특별시,법인,2025-02-10,38,9727900,5,10
2026-07,(주)브이아이피자산운용,그 외 기타 금융 지원 서비스업,서울특별시,법인,1999-08-02,56,32102300,3,1
2026-07,(주)나라켐,산업용 그 외 비경화 고무제품 제조업,경기도,법인,2002-01-01,36,14895840,1,0
2026-07,목동중학교,비주거용 건물 임대업(점포  자기땅),서울특별시,법인,1997-09-01,38,12926000,0,0
2026-07,SK브로드밴드(주),무선 및 위성 통신업,서울특별시,법인,1997-09-23,2370,1419548660,5,13
2026-07,주식회사양주푸르네물류,슈퍼마켓,경기도,법인,2024-09-05,34,10761460,1,2
2026-07,(주)동호/일용/광주 중외공원 공동주택 2BL 3BL 신축공사 중 도장공사,도장 공사업,전남광주통합특별시,법인,2025-04-10,40,11928100,7,0
2026-07,극동대학교,해당없음,충청북도,법인,2002-04-01,113,16162760,1,0
2026-07,김포그레이스요양원,BIZ_NO미존재사업장,경기도,개인,2025-03-01,30,6351000,3,4
2026-07,경인여자대학교,해당없음,인천광역시,법인,2003-07-01,109,17427500,3,5
2026-07,(주)에스엠컬처앤콘텐츠 에스엠타운트래블,BIZ_NO미존재사업장,서울특별시,법인,2014-03-03,66,26052820,3,2
2026-07,경남산청지역자활센터(사회서비스바우처사업단),BIZ_NO미존재사업장,경상남도,법인,2008-04-14,30,4358080,0,0
2026-07,삼성웰스토리(주)FS,수산물 가공식품 도매업,경기도,법인,2014-09-01,3325,950359060,106,93
2026-07,(주)제일엔지니어링종합건축사사무소,기타 엔지니어링 서비스업,서울특별시,법인,1989-08-01,661,309200880,9,6
2026-07,앤드통신서비스주식회사,일반 통신 공사업,울산광역시,법인,2020-10-13,31,9698960,1,0
2026-07,태영건물종합관리 주식회사,건축물 일반 청소업,서울특별시,법인,2013-04-01,147,34493120,5,15
2026-07,포곡농업협동조합,기타 금융 투자업,경기도,법인,1988-01-01,72,39861220,0,0
2026-07,주식회사셀맥인터내셔날-광주지점,상품 종합 도매업,전남광주통합특별시,법인,2019-05-01,118,34376060,6,2
2026-07,2016진정성주식회사,커피 가공업,경기도,법인,2020-01-06,35,7722500,4,3
2026-07,(주)동명양행,가죽의복 제조업,서울특별시,법인,2001-03-01,33,4935980,18,1
2026-07,용인강남학교,해당없음,경기도,법인,2011-03-01,56,17938520,0,1
2026-07,(주)교원,서적  신문 및 잡지류 소매업,서울특별시,법인,2020-09-01,867,355551020,6,17
2026-07,인알파코리아(주),그 외 자동차용 신품 부품 제조업,경기도,법인,1995-09-06,307,147650680,0,3
2026-07,주식회사 유베이스,그 외 기타 분류 안된 전문  과학 및 기술 서비스업,서울특별시,법인,1999-01-01,9580,2215010920,782,631
2026-07,주식회사코피텍,의약용 화합물 및 항생물질 제조업,경기도,법인,2017-07-01,33,10739900,0,1
2026-07,굿윌치과병원,치과병원,부산광역시,개인,2006-06-07,126,39605940,2,0
2026-07,주식회사창성테크,도장 및 기타 피막 처리업,경기도,법인,2017-08-01,36,15050040,0,4
2026-07,원주축산업협동조합,국내은행,강원특별자치도,법인,1988-01-01,116,49901940,0,1
2026-07,더나눔병원,일반병원,인천광역시,개인,2024-08-14,42,14075040,5,6
2026-07,의료법인삼호의료재단벌교삼호병원,요양병원,전남광주통합특별시,법인,2003-09-01,102,31656680,3,2
2026-07,텔레퍼포먼스코리아 주식회사,그 외 기타 분류 안된 사업 지원 서비스업,서울특별시,법인,2024-08-01,97,31091860,0,7
2026-07,(주)엘피스테크,그 외 기타 1차 철강 제조업,경상남도,법인,2006-05-01,51,16107600,0,1
2026-07,해성디에스 주식회사,기타 반도체 소자 제조업,경상남도,법인,2014-03-06,1351,702099460,16,21
2026-07,(주)세경하이테크,기타 반도체 소자 제조업,경기도,법인,2006-01-19,243,106353360,2,5
2026-07,제1군수지원사령부,BIZ_NO미존재사업장,강원특별자치도,법인,2003-08-01,37,7955340,1,0
2026-07,성민종합사회복지관,BIZ_NO미존재사업장,서울특별시,법인,2009-08-01,44,9680000,5,1
2026-07,훼미리식품(주),BIZ_NO미존재사업장,서울특별시,법인,2013-12-31,44,18976200,1,2
2026-07,부천지구축산업협동조합,국내은행,경기도,법인,1988-01-01,181,97519840,2,1
2026-07,화성종합건설(주),아파트 건설업,경상남도,법인,1995-07-01,30,9887360,0,0
2026-07,(주)대혜건축,도배  실내 장식 및 내장 목공사업,서울특별시,법인,1990-03-13,85,34887560,9,8
2026-07,(주)에스이티,물질 검사  측정 및 분석 기구 제조업,경기도,법인,2003-04-09,54,24535040,1,0
2026-07,（주）노무라마이크로사이언스코리아/일용/SK Hynix M15 Ph-4 Project 중 U,기타 반도체 소자 제조업,충청북도,법인,2025-09-01,169,80701260,11,19
2026-07,(주)신성토탈시스템,스크린 인쇄업,경기도,법인,1998-08-01,39,14811060,0,0
2026-07,우영식품,BIZ_NO미존재사업장,부산광역시,개인,2008-08-01,33,4681460,0,0
2026-07,주식회사텔레웍스,응용 소프트웨어 개발 및 공급업,서울특별시,법인,2003-06-12,65,25500260,8,7
2026-07,HLB일렉/일용/평택 전자 P5 그린동 신축 공사 중 P5 그린동 가설전기공사,산업 처리공정 제어장비 제조업,경기도,법인,2025-12-01,98,27624700,21,26
2026-07,주식회사 웨이브릿지,응용 소프트웨어 개발 및 공급업,서울특별시,법인,2018-11-26,53,26223740,2,3
2026-07,로만시스(주),재생용 재료 수집 및 판매업,경상남도,법인,2012-07-01,176,68824540,22,4
2026-07,주식회사 금륜ENG,그 외 자동차용 신품 부품 제조업,경상남도,법인,2020-08-06,35,10745820,9,8
2026-07,따뜻할온원외탕전실,한의약품 제조업,전북특별자치도,개인,2016-10-05,49,12515720,7,0
2026-07,（주）부현전기/일용/쿠팡 DAE 7FC 전기공사,내부 전기배선 공사업,대구광역시,법인,2025-04-01,41,20323640,19,0
2026-07,케이엠피주식회사,비주거용 건물 개발 및 공급업,충청남도,법인,1988-01-01,179,92424680,0,0
2026-07,주식회사 제이엔파트너스,부동산 중개 및 대리업,서울특별시,법인,2016-02-01,110,27182480,8,3
2026-07,라라한방병원,한의원,경상남도,개인,2015-11-24,32,9665640,3,4
2026-07,주식회사 엔젤위드,사무용 기계 및 장비 제조업,경기도,법인,2013-05-01,142,36097060,5,1
2026-07,(주)아이코어이앤씨,기타 엔지니어링 서비스업,서울특별시,법인,2010-06-01,93,16257720,4,31
2026-07,주식회사 서남,기타 반도체 소자 제조업,경기도,법인,2004-11-30,36,14484600,0,0
2026-07,주식회사다솔에스엔씨,그 외 기타 분류 안된 사업 지원 서비스업,세종특별자치시,법인,2018-09-03,53,14175300,4,3
2026-07,주식회사 스튜디오리얼라이브,일반 영화 및 비디오물 제작업,서울특별시,법인,2022-09-01,34,13661700,0,6
2026-07,주식회사 히타치터미널솔루션즈코리아,기타 반도체 소자 제조업,경기도,법인,1999-06-01,120,51444260,2,4
2026-07,고양시청(회계과),비주거용 건물 임대업(점포  자기땅),경기도,법인,1992-11-01,603,174765380,17,78
2026-07,농업회사법인 하늘농가（주）,채소류  서류 및 향신작물류 도매업,경기도,법인,2004-05-01,68,18134240,0,6
2026-07,테고사이언스(주),전기식 진단 및 요법 기기 제조업,서울특별시,법인,2001-03-20,35,13423440,1,1
2026-07,세경냉동,산업용 냉장 및 냉동장비 제조업,경기도,개인,2009-01-05,44,16923820,0,0
2026-07,주식회사와이피이엔지(YPEngineering),기타 엔지니어링 서비스업,경상남도,법인,2016-01-01,62,22844800,0,0
2026-07,주식회사안다미로,일반 교과학원,경기도,법인,2010-04-01,40,13558940,0,0
2026-07,국립인천해양박물관,BIZ_NO미존재사업장,인천광역시,법인,2024-05-28,94,34302620,0,0
2026-07,앤드요양병원,요양병원,대구광역시,개인,2024-05-01,50,12902980,4,2
2026-07,성심요양병원,BIZ_NO미존재사업장,대전광역시,개인,2014-02-28,56,16477520,2,1
2026-07,(주)녹십자,완제 의약품 제조업,경기도,법인,1988-01-01,2481,1193710800,144,79
2026-07,고양시립 행신그린어린이집,BIZ_NO미존재사업장,경기도,개인,2016-02-29,33,6996960,0,0
2026-07,트라닉스 주식회사,자동차용 신품 조향장치 및 현가장치 제조업,충청남도,법인,2023-03-20,2142,1136795720,52,16
2026-07,(주)열림데이타시스템,컴퓨터 및 주변장치  소프트웨어 도매업,서울특별시,법인,1996-05-21,39,14405680,0,0
2026-07,(주)금화피에스시-(일용)신한울 3 4호기 주설비공사 중 Liner Plate 설치공사,내부 전기배선 공사업,경상북도,법인,2024-12-02,50,30136860,9,0
2026-07,에스케이케미칼(주)생명과학부문판교,방직용 섬유 및 실 도매업,경기도,법인,2017-12-01,538,297088440,3,5
2026-07,의료법인 나라의료재단 드림나라병원,일반병원,부산광역시,법인,2012-10-01,32,9038860,1,0
2026-07,(주)창성에이스산업/수원현장,기타 반도체 소자 제조업,경기도,법인,2009-09-01,49,9200880,8,9
2026-07,사회적협동조합다우리,노인 양로 복지시설 운영업,경기도,법인,2019-07-15,70,10909660,2,1
2026-07,한국도로교통공단 용인운전면허시험장,데이터베이스 및 온라인 정보 제공업,경기도,법인,2011-01-01,77,27025380,8,1
2026-07,평안제관(주),주철관 제조업,경기도,법인,1988-01-01,77,25372240,0,1
2026-07,주식회사제이엔테크,그 외 기타 분류 안된 사업 지원 서비스업,경기도,법인,2023-06-01,50,12596240,3,1
2026-07,(주)진화이앤씨/일용/캐피탈랜드 코리아 No.9 데이터센터 개발 프로젝트,배관 및 냉ㆍ난방 공사업,경기도,법인,2024-07-10,41,17659240,15,0
2026-07,(주)티엠프라자,동력식 수지 공구 제조업,울산광역시,법인,2006-11-01,31,13742180,0,0
2026-07,효성ITX (주),고용 알선업,서울특별시,법인,1997-06-01,7759,1986135840,330,378
2026-07,한국우에무라주식회사,연마재 제조업,경기도,법인,2010-07-01,53,28872720,0,0
2026-07,(주)케어링 주간보호센터 부산 사하점,노인 양로 복지시설 운영업,부산광역시,법인,2024-09-01,30,5521760,3,3
2026-07,한국전자기술연구원,BIZ_NO미존재사업장,경기도,법인,1991-10-26,1493,637069580,38,30
2026-07,재단법인공주문화관광재단,BIZ_NO미존재사업장,충청남도,법인,2020-09-02,65,21073420,7,1
2026-07,서울대학교,비주거용 건물 임대업(점포  자기땅),서울특별시,법인,1988-01-01,1518,316900120,0,8
2026-07,주식회사비모소프트,응용 소프트웨어 개발 및 공급업,경기도,법인,2015-11-01,55,15537100,0,0
2026-07,(주)우리캐스트,선철 주물 주조업,경상북도,법인,2006-04-01,37,16213700,0,0
2026-07,라쿠텐심포니코리아 주식회사,응용 소프트웨어 개발 및 공급업,서울특별시,법인,2012-07-25,44,22725940,5,4
2026-07,부전전자(주),기타 반도체 소자 제조업,경기도,법인,1994-08-17,141,66744480,0,0
2026-07,(주)메트릭스,시장 조사 및 여론 조사업,서울특별시,법인,2019-12-02,164,48570380,45,9
2026-07,라인플러스주식회사,BIZ_NO미존재사업장,경기도,법인,2013-03-01,1817,1122286520,11,30
2026-07,넷스루(주),응용 소프트웨어 개발 및 공급업,서울특별시,법인,1999-12-01,82,40161260,0,6
2026-07,주식회사숲페이드,경영 컨설팅업,경기도,법인,2021-10-16,32,9389480,3,4
2026-07,한전전력연구원,태양력 발전업,대전광역시,법인,2004-08-30,52,19594820,7,8
2026-07,승화썬크루즈(주),호텔업,강원특별자치도,법인,1999-11-01,88,29546220,13,12
2026-07,제주특별자치도육아종합지원센터,BIZ_NO미존재사업장,제주특별자치도,법인,2004-04-01,33,8568940,0,0
2026-07,의료법인송산의료재단해양병원,BIZ_NO미존재사업장,부산광역시,법인,2011-05-27,30,8852300,10,9
2026-07,구로본점 끗 한의원,한의원,서울특별시,개인,2024-08-12,40,15489580,5,4
2026-07,에이치디현대오씨아이 주식회사,그 외 기타 분류 안된 화학제품 제조업,충청남도,법인,2016-03-01,112,68671860,0,1
2026-07,(주)씨더블유산업,건축 설계 및 관련 서비스업,경기도,법인,2017-10-24,94,27741980,9,10
2026-07,（주）경우산업,그 외 자동차용 신품 부품 제조업,경기도,법인,2008-09-01,42,13130720,1,0
2026-07,주식회사워로브라더스(WoloBrothers),데이터베이스 및 온라인 정보 제공업,경기도,법인,2018-10-12,41,13044760,3,1
2026-07,동산운수(주),시내버스 운송업 / 시외버스 운송업,인천광역시,법인,2000-01-11,44,8016060,7,6
2026-07,(주)성호라인,공영 우편업,서울특별시,법인,1997-10-01,33,8964580,0,0
2026-07,울산광역시북구청,비주거용 건물 임대업(점포  자기땅),울산광역시,법인,1997-07-15,198,71249040,23,22
2026-07,덕신건업(주)/일용/인천 효성지구 도시개발사업 공동주택(4BL) 중 소방기계(소화설비)공사,배관 및 냉ㆍ난방 공사업,인천광역시,법인,2024-12-06,31,14180560,10,1
2026-07,(주)대현엔지니어링/일용/대한항공 운북 신 엔진정비공장 증축 및 ETC#2신축공사중철골공사,수중 공사업,인천광역시,법인,2024-05-01,72,34566360,23,0
2026-07,유한회사 오엔산업,선박 구성 부분품 제조업,전남광주통합특별시,법인,2025-01-23,55,14461400,0,2
2026-07,서울특별시립 아동힐링센터,BIZ_NO미존재사업장,서울특별시,법인,2025-01-01,49,15361480,4,4
2026-07,사단법인 한국나눔연맹,BIZ_NO미존재사업장,대구광역시,법인,2013-04-15,42,11635800,6,9
2026-07,케이씨씨/일용/대조1구역주택재개발(통),일반용 도료 및 관련제품 제조업,서울특별시,법인,2024-09-12,31,4320600,16,25
2026-07,(주) 에스팀,문서 작성업,서울특별시,법인,2004-08-01,70,24657900,2,3
2026-07,제주이엠365의원,일반의원,제주특별자치도,개인,2024-11-27,31,8475260,5,4
2026-07,(주)큐스키친,BIZ_NO미존재사업장,경기도,법인,2015-05-01,94,19721880,11,12
2026-07,주식회사 해운,배관 및 냉ㆍ난방 공사업,전남광주통합특별시,법인,2018-01-01,30,10408900,3,3
2026-07,(주)인타운,응용 소프트웨어 개발 및 공급업,부산광역시,법인,1998-08-23,51,18197380,0,0
2026-07,헤이데이의원 명동,일반의원,서울특별시,개인,2024-11-21,36,13918000,5,5
2026-07,주식회사소프트위즈,응용 소프트웨어 개발 및 공급업,서울특별시,법인,2017-09-07,48,18745100,0,5
2026-07,쿠팡풀필먼트서비스 유한회사,화물 포장  검수 및 계량 서비스업,서울특별시,법인,2018-11-01,489,90019320,102,104
2026-07,부천대학교소사캠퍼스,기타 부동산 임대업,경기도,법인,2018-03-01,42,4821560,1,1
2026-07,CJ푸드빌(주),서양식 음식점업,서울특별시,법인,2008-07-01,1793,732967060,49,60
2026-07,위 (WE) 호텔,호텔업,제주특별자치도,법인,2013-09-01,67,19756540,8,2
2026-07,한국산업은행,국내은행,서울특별시,법인,1988-01-01,3334,1840618840,102,22
2026-07,(주)피앤피,그 외 기타 분류 안된 사업 지원 서비스업,경상북도,법인,2005-03-01,99,36760020,9,15
2026-07,한국경남태양유전(주),기타 반도체 소자 제조업,경상남도,법인,1999-11-01,1016,520085080,11,8
2026-07,주식회사세보엠이씨/일용/M16DRAM CLN Demo 장비 배관Hup 공사_6CWSF006,배관 및 냉ㆍ난방 공사업,경기도,법인,2026-06-26,40,16336540,40,0
2026-07,에스에스아이아트앤디자인(주),기타 교육지원 서비스업,서울특별시,법인,2021-01-01,34,10215020,1,8
2026-07,해창이오주식회사,그 외 기타 분류 안된 사업 지원 서비스업,경기도,법인,2023-04-01,34,11236960,0,0
2026-07,(의)안동병원,요양병원,경상북도,법인,1988-01-01,1478,543831780,23,47
2026-07,(주)예다종합설계감리사무소,기타 엔지니어링 서비스업,서울특별시,법인,1998-07-01,47,16198880,0,2
2026-07,(주)로뎀푸드,그 외 기타 식료품 제조업,경기도,법인,2007-11-01,106,39143360,4,3
2026-07,주식회사피에스스포츠(PS-SPORTS),체력 단련시설 운영업,인천광역시,법인,2020-08-01,38,6854260,9,3
2026-07,샤넬코리아유한회사,상품 종합 도매업,서울특별시,법인,1998-04-01,1867,881935980,47,57
2026-07,주식회사 에스비해양,BIZ_NO미존재사업장,부산광역시,법인,2012-12-01,30,10910640,3,3
2026-07,(주)바른컴퍼니,일반 서적 출판업,경기도,법인,2003-07-01,77,24978720,2,8
2026-07,브로드컴코리아리서치유한회사,상품 종합 도매업,서울특별시,법인,2010-01-01,37,23163480,0,0
2026-07,(주)건주이앤씨,건축 설계 및 관련 서비스업,전남광주통합특별시,법인,2019-10-16,30,8636520,3,4
2026-07,주식회사유림테크창녕공장,화물 자동차 및 특수 목적용 자동차 제조업,경상남도,법인,2020-10-05,48,17945300,2,3
2026-07,(주)장원,기타 엔지니어링 서비스업,인천광역시,법인,1995-04-15,38,16507360,0,0
2026-07,(사)아우름강동장애인부모회,화장품 제조업,서울특별시,법인,2018-02-01,243,48249140,4,18
2026-07,(주)대성사,그 외 자동차용 신품 부품 제조업,경상남도,법인,1988-01-01,329,161565860,9,9
2026-07,중원엔지니어링주식회사/일용/성수동 K-Project 중 일반설비공사,미장  타일 및 방수 공사업,서울특별시,법인,2024-12-11,83,31049520,20,0
2026-07,주식회사이엘일렉트릭,기타 절연선 및 케이블 제조업,충청북도,법인,2019-06-03,66,24548680,5,2
2026-07,삼모라인내과의원,일반의원,서울특별시,개인,2022-07-13,34,11665700,3,1
2026-07,신흥버스(주),해당없음,대구광역시,법인,1988-01-01,120,60032000,3,1
2026-07,본한방병원,한방병원,충청남도,개인,2025-04-15,30,8820140,3,3
2026-07,어썸엔터테인먼트주식회사,데이터베이스 및 온라인 정보 제공업,서울특별시,법인,2021-01-01,107,38293080,7,1
2026-07,미추홀학교(직장),BIZ_NO미존재사업장,인천광역시,법인,2008-03-01,64,17505400,0,1
2026-07,우리들교회,BIZ_NO미존재사업장,경기도,법인,2010-06-01,62,16628480,0,0
2026-07,주식회사 유신,기타 엔지니어링 서비스업,서울특별시,법인,1988-01-01,1545,795493580,13,17
2026-07,강남대성학원(주),일반 교과학원,서울특별시,법인,1997-06-01,115,36832040,16,4
2026-07,대아이앤씨(주)엘지화학,배관 및 냉ㆍ난방 공사업,서울특별시,법인,2011-05-30,37,17233360,9,0
2026-07,한방미인화장품 HBMIC,화장품 제조업,대구광역시,개인,2005-05-01,38,10128980,5,5
2026-07,주식회사 미포집잠실,한식 일반 음식점업,서울특별시,법인,2025-06-10,39,7165660,9,4
2026-07,부산디지털대학교,해당없음,부산광역시,법인,2001-12-14,66,6932920,1,0
2026-07,서울시립대학교(시간강사),비주거용 건물 임대업(점포  자기땅),서울특별시,법인,2010-09-01,386,31832320,0,0
2026-07,선구산업(주)/일용/평택 전자 P5 복합동 신축공사 중 P5 복합동 방수공사 B공구,미장  타일 및 방수 공사업,경기도,법인,2026-03-27,40,15810280,21,0
2026-07,엘지디스플레이(주),기타 반도체 소자 제조업,서울특별시,법인,1994-05-30,23193,13384790700,55,90
2026-07,엠씨에이코리아(MCA KOREA),그 외 자동차용 신품 부품 제조업,경상북도,개인,2011-02-01,33,10243540,1,1
2026-07,인천아라중학교,BIZ_NO미존재사업장,인천광역시,법인,2022-02-14,43,14202920,3,1
2026-07,(주)포스코디엑스,컴퓨터 및 주변장치  소프트웨어 도매업,경상북도,법인,1989-12-01,1959,1149532040,15,9
2026-07,유한회사 청운테크,그 외 기타 분류 안된 금속 가공제품 제조업,전남광주통합특별시,법인,2020-03-01,51,18995520,0,0
2026-07,원스탑관세법인,통관 대리 및 관련서비스업,경기도,법인,2009-01-01,40,14241860,0,0
2026-07,한국폴리텍VII대학(직장),애완 동물 장묘 및 보호 서비스업,경상남도,법인,2009-03-30,63,8278080,0,51
2026-07,주식회사더뉴인,임시 및 일용 인력 공급업,경기도,법인,2019-02-20,88,18956920,14,5
2026-07,자라리테일코리아주식회사,상품 종합 도매업,서울특별시,법인,2007-12-03,1619,330182160,320,266
2026-07,동해광희고등학교,해당없음,강원특별자치도,법인,2001-09-01,32,11333440,0,0
2026-07,정양해운(주),고용 알선업,부산광역시,법인,1990-04-01,57,30246980,9,8
2026-07,주식회사비케이메디케어,BIZ_NO미존재사업장,경상남도,법인,2013-01-08,35,9318220,1,0
2026-07,에스케이인텔릭스서비스(주),,서울특별시,법인,1999-01-09,410,222134800,5,2
2026-07,오브제성형외과의원,일반의원,서울특별시,개인,2007-12-01,59,21943740,6,8
2026-07,기아(주) 정비본부,화물 자동차 및 특수 목적용 자동차 제조업,서울특별시,법인,1999-07-01,1083,677986780,1,11
2026-07,주식회사더굿인,임시 및 일용 인력 공급업,경기도,법인,2019-10-01,147,30136020,24,7
2026-07,이렌컴(주),컴퓨터 및 주변장치  소프트웨어 도매업,서울특별시,법인,2000-08-01,30,11551140,0,0
2026-07,(주)소이개발,기타 비주거용 건물 건설업,충청북도,법인,2023-05-08,31,10717840,3,4
2026-07,대구텍 유한책임회사,금속 절삭기계 제조업,대구광역시,법인,1998-08-01,1319,759612320,3,5
2026-07,엠제이타워컨벤션,전시  컨벤션 및 행사 대행업,경기도,개인,2015-12-01,31,12377700,0,1
2026-07,주식회사 플러스탑 솔루션,고용 알선업,서울특별시,법인,2008-06-01,31,10899320,1,3
2026-07,푸드뱅크주식회사,담배 도매업,경기도,법인,2006-11-01,30,8960060,3,1
2026-07,주식회사와스,통관 대리 및 관련서비스업 / 화물 운송 중개  대리,인천광역시,법인,2011-04-01,45,16238980,1,7
2026-07,소상공인연합회,데이터베이스 및 온라인 정보 제공업,서울특별시,법인,2014-09-02,33,11112420,2,1
2026-07,주식회사오리진컨설팅,BIZ_NO미존재사업장,서울특별시,법인,2014-06-02,36,17821240,0,1
2026-07,주식회사오성하이테크,그 외 자동차용 신품 부품 제조업,울산광역시,법인,2018-08-06,40,10873180,0,1
2026-07,대통령경호처(직장),비주거용 건물 임대업(점포  자기땅),서울특별시,법인,2001-04-01,72,20865300,10,0
2026-07,（주）삼호이앤에프/일용/평택 전자 P5 복합동 마감공사 중 Ph1 소방전기공사+P5 Ph1 소방전기공사 2공구,소방시설 공사업,경기도,법인,2026-03-31,31,10175680,15,0
2026-07,에스엠씨엔지니어링(주),건축물 일반 청소업,충청북도,법인,2001-09-01,1827,684205040,50,33
2026-07,(주)모베이스전자,그 외 자동차용 신품 부품 제조업,경기도,법인,1988-01-01,1146,586287060,9,4
2026-07,（주）현대캐터링시스템,BIZ_NO미존재사업장,경기도,법인,2012-08-31,3346,960632180,172,154
2026-07,주）큐브코아,응용 소프트웨어 개발 및 공급업,서울특별시,법인,2009-01-01,38,14692660,0,0
2026-07,중앙경찰학교(신임),비주거용 건물 임대업(점포  자기땅),충청북도,법인,2018-07-09,2557,414739100,0,2
2026-07,쿠팡풀필먼트 인천센터,화물 포장  검수 및 계량 서비스업,인천광역시,법인,2021-09-01,7554,1612641380,1895,1986
2026-07,주식회사온세까세로,떡류 제조업,강원특별자치도,법인,2018-04-01,45,10251420,2,31
2026-07,생명보험협회(사),BIZ_NO미존재사업장,서울특별시,법인,1988-01-01,136,79525520,1,0
2026-07,플란랩스,경영 컨설팅업,서울특별시,법인,2021-05-24,36,11344160,0,7
2026-07,대구광역시 서구청 생활환경과/환경공무직,비주거용 건물 임대업(점포  자기땅),대구광역시,법인,1989-01-01,129,61709020,3,0
2026-07,갤러리아피부과의원개포도곡점,일반의원,서울특별시,개인,2023-05-02,44,15058720,2,1
2026-07,주식회사 엠케이커머스 화성지점,가금류 가공 및 저장 처리업 / 육류 포장육 및 냉동육,경기도,법인,2026-01-01,53,13993300,17,6
2026-07,피에스텍(주) 나주지점,그 외 자동차용 신품 부품 제조업,서울특별시,법인,2023-07-01,34,12603800,0,0
2026-07,윈윈정형외과의원,일반의원,충청북도,개인,2023-12-01,33,10332040,0,0
2026-07,안산자생한방병원,한방병원,경기도,법인,2013-12-31,69,26932580,0,1
2026-07,주식회사마리알로,기타 반도체 소자 제조업,경기도,법인,2011-04-01,33,11835520,5,2
2026-07,임실치즈축산업협동조합,액상 시유 및 기타 낙농제품 제조업,전북특별자치도,법인,1988-01-01,112,44835000,7,6
2026-07,(주)기미전자,BIZ_NO미존재사업장,경상남도,법인,1996-05-01,45,14303600,2,1
2026-07,도로교통안전관리(주),그 외 기타 분류 안된 사업 지원 서비스업,울산광역시,법인,2019-05-20,154,33151380,6,5
2026-07,(주)지에프씨코리아,데이터베이스 및 온라인 정보 제공업,서울특별시,법인,2015-06-01,35,5486140,4,5
2026-07,해운대지역자활센터,건축물 일반 청소업,부산광역시,법인,2000-10-23,115,22957160,5,3
2026-07,멀티플라이어테크놀로지스코리아 유한회사,기타 전문 서비스업,서울특별시,법인,2021-12-01,31,17113860,0,0
2026-07,주식회사 아이엠(iM) 신용정보,문서 작성업,대구광역시,법인,2000-07-12,31,12537040,0,0
2026-07,주식회사원준이앤씨(E&C),그 외 기타 분류 안된 사업 지원 서비스업,경기도,법인,2017-03-01,31,8644460,0,0
2026-07,주식회사 스마트원,,서울특별시,법인,2005-10-01,71,23170100,4,2
2026-07,충남도립대학교(시간강사),BIZ_NO미존재사업장,충청남도,법인,2010-09-01,71,5566640,0,0
2026-07,무인양품(주),셔츠 및 블라우스 소매업,서울특별시,법인,2005-01-01,1346,276030600,129,107
2026-07,마이크론세미컨덕터코리아(유),상품 종합 도매업,서울특별시,법인,2003-05-01,41,24704940,0,1
2026-07,투썸플레이스주식회사,치킨 전문점,서울특별시,법인,2018-02-01,1039,412396040,68,13
2026-07,(주)이마트,기타 대형 종합 소매업,서울특별시,법인,2011-05-01,21552,7854441420,479,495
2026-07,한국택시구미협동조합,택시 운송업,경상북도,법인,2017-11-01,41,7921740,0,0
2026-07,(주)한화/건설 부문,화약 및 불꽃제품 제조업,서울특별시,법인,2022-11-01,1351,793423340,10,19
2026-07,의료법인 강혜의료재단남천사랑의요양병원,BIZ_NO미존재사업장,부산광역시,법인,2012-02-01,63,16815060,1,0
2026-07,유라인의원,일반의원,서울특별시,개인,2016-04-11,33,12385860,6,6
2026-07,(재)천주교서울대교구유지재단,일반 서적 출판업,서울특별시,법인,1994-09-12,1117,302595920,9,9
2026-07,제이이씨(주),유압 기기 제조업,경기도,법인,1997-08-01,46,20035860,0,0
2026-07,(주)원마운트,주거용 건물 개발 및 공급업,경기도,법인,2010-06-30,110,30197340,30,4
2026-07,서울신도초등학교,BIZ_NO미존재사업장,서울특별시,법인,2010-03-01,30,7912700,0,1
2026-07,（주）월드탑이엔지/일용/AP4 Infra 보완 투자 대응 열일반배기 Hook-up 공사,배관 및 냉ㆍ난방 공사업,경기도,법인,2026-03-20,78,39142680,11,6
2026-07,태경회계법인,BIZ_NO미존재사업장,경상북도,법인,2010-05-01,30,10413700,1,0
2026-07,(사)한국장애인직업재활시설협회경북협회,직원 훈련기관,경상북도,법인,2015-06-01,51,10025920,2,1
2026-07,주식회사 첨단공간정보,BIZ_NO미존재사업장,전남광주통합특별시,법인,2011-03-02,45,11616920,0,1
2026-07,세란병원,요양병원,서울특별시,개인,1988-01-01,558,197237220,16,9
2026-07,주식회사　유벡/일용/용인 Cluster 1기 구축공사 중 HVAC 및 소방공사-3공구,배관 및 냉ㆍ난방 공사업,경기도,법인,2025-05-15,697,367084580,153,9
2026-07,주식회사선호에프엔비,상품 종합 도매업,서울특별시,법인,2015-10-01,65,19531840,0,5
2026-07,다솔푸드테크 주식회사,천연 및 혼합 조제 조미료 제조업,충청북도,법인,2025-02-01,46,14443540,1,0
2026-07,(주)온버스,여행사업,경기도,법인,2009-10-01,44,14271000,5,4
2026-07,수비올 주식회사,기타 엔지니어링 서비스업,경기도,법인,1999-12-01,921,386011560,6,42
2026-07,주식회사 하나로직,그 외 기타 분류 안된 운송관련 서비스업,서울특별시,법인,2023-02-21,76,23553900,0,1
2026-07,(주)무진이엠에스,건축물 일반 청소업,서울특별시,법인,2003-07-01,56,14250800,1,0
2026-07,주식회사카카오페이,그 외 기타 분류 안된 사업 지원 서비스업,경기도,법인,2017-04-03,1268,698928860,19,28
2026-07,한진철관(주),그 외 기타 1차 철강 제조업,충청남도,법인,1988-01-01,83,32948200,1,4
2026-07,주식회사청송산업개발,복합비료 및 기타 화학비료 제조업,경기도,법인,1999-06-01,36,14136500,0,0
2026-07,코스탈 주식회사 (COSTAL CORPORATION),알루미늄 압연  압출 및 연신제품 제조업,경기도,법인,2000-09-01,54,15342620,1,0
2026-07,매스웍스코리아 유한회사,응용 소프트웨어 개발 및 공급업,서울특별시,법인,2004-01-01,93,55040520,0,1
2026-07,주식회사노벨오토모티브코리아,그 외 자동차용 신품 부품 제조업,대구광역시,법인,2010-06-01,77,25776760,0,0
2026-07,진주박안과의원,일반의원,경상남도,개인,2000-05-01,30,8357120,1,1
2026-07,(주)신한은행,국내은행,서울특별시,법인,1988-01-01,11778,6911780040,92,95
2026-07,주식회사포롤텍,도장 및 기타 피막 처리업,경상북도,법인,2006-01-01,174,96790260,0,35
2026-07,사회복지법인 거제도 애광원,BIZ_NO미존재사업장,경상남도,법인,1988-01-01,118,47711300,6,0
2026-07,지앤씨유한회사,해당없음,전남광주통합특별시,법인,1998-01-01,34,8467320,5,0
2026-07,순복음인천교회,해당없음,인천광역시,법인,1990-02-01,33,7853720,0,0
2026-07,주식회사 대명교통,택시 운송업,제주특별자치도,법인,1999-12-18,52,3408220,9,8
2026-07,주식회사 진이엔지(JIN.ENG)-(일용)26년1차M10A이설장비배관Hook-up공사,배관 및 냉ㆍ난방 공사업,경기도,법인,2026-02-01,41,15502800,1,0
2026-07,(주)제윤,자료 처리업,대구광역시,법인,2005-04-12,30,8668740,3,3
2026-07,(주)테스트이앤씨,응용 소프트웨어 개발 및 공급업,서울특별시,법인,2012-02-01,218,58885740,9,6
2026-07,에스케이실트론주식회사,기타 반도체 소자 제조업,경상북도,법인,1988-01-01,3480,2044754700,33,26
2026-07,금웅건설(주)-(일용)대전갑천역APT신축공사 중 골조공사,배관 및 냉ㆍ난방 공사업,대전광역시,법인,2025-04-04,76,37865900,26,12
2026-07,사단법인마포스포츠클럽,그 외 기타 스포츠 서비스업,서울특별시,법인,2015-04-01,42,12039960,0,0
2026-07,국민요양병원,요양병원,울산광역시,개인,2010-06-09,41,9787000,2,0
2026-07,주식회사구름,응용 소프트웨어 개발 및 공급업,경기도,법인,2013-04-01,122,42311660,13,12
2026-07,부산보건고등학교 하이테크노 학교기업,해당없음,부산광역시,법인,1998-03-01,37,16266000,0,0
2026-07,한국전력기술(주),기타 엔지니어링 서비스업,경상북도,법인,1988-01-01,2210,1168343480,21,26
2026-07,원영건업(주)-(일용)롯데 대연3구역주택재개발사업중 철근콘크리트공사 2공구,유리 및 창호 공사업,부산광역시,법인,2023-11-13,120,38005500,0,1
2026-07,진양기업사,지정 외 폐기물 수집  운반업,부산광역시,개인,1988-01-01,51,25515100,0,1
2026-07,(주)루메나,전자상거래 소매업,부산광역시,법인,2014-12-01,103,33889600,9,5
2026-07,엠에스건설산업(주)/일용/반포주공1단지(1.2.4주구) 주택재건축 중 내장목공사(5공구),배관 및 냉ㆍ난방 공사업,서울특별시,법인,2025-10-10,44,17333240,21,0
2026-07,순천효산고등학교,해당없음,전남광주통합특별시,법인,1999-04-19,40,14737560,0,0
2026-07,한국승강기 주식회사,기타 물품 취급장비 제조업,경기도,법인,1988-01-01,32,11272460,0,0
2026-07,주식회사데이터독코리아,컴퓨터 시스템 통합 자문 및 구축 서비스업,서울특별시,법인,2021-09-27,99,55131800,1,1
2026-07,주식회사윤문주,제과점업,서울특별시,법인,2021-06-19,34,8587580,4,3
2026-07,엑시스아이티(주),컴퓨터 및 주변장치  소프트웨어 도매업,서울특별시,법인,1996-04-12,125,67888120,1,0
2026-07,(주)아이비에스인더스트리,건축물 일반 청소업,서울특별시,법인,1988-01-01,4041,1074485320,168,182
2026-07,동보헬스케어(주),전기식 진단 및 요법 기기 제조업,경기도,법인,1994-04-01,32,16761600,0,0
2026-07,(주)두플,BIZ_NO미존재사업장,경기도,법인,2014-09-16,41,18376820,0,0
2026-07,한국소방안전（주）,시설물 유지관리 공사업,경기도,법인,2005-08-01,31,9386000,0,0
2026-07,용진유리판매(주),골재  벽돌 및 시멘트 도매업,경기도,법인,1988-01-01,30,8835160,3,3
2026-07,인천원예농업협동조합,국내은행,인천광역시,법인,1988-01-01,112,62225660,0,1
2026-07,（주）대덕아이엠티,그 외 자동차용 신품 부품 제조업,대전광역시,법인,2011-05-25,34,11463900,1,1
2026-07,주식회사 프렌즈렌트카,포털 및 기타 인터넷 정보 매개 서비스업,제주특별자치도,법인,2024-03-01,33,8100620,4,3
2026-07,경진단조(주),그 외 자동차용 신품 부품 제조업,경상남도,법인,1996-06-01,126,64424760,0,0
2026-07,(주)보명금속,주철관 제조업,부산광역시,법인,2001-09-01,47,18878000,1,1
2026-07,주식회사에스엘엑스,일반 창고업,경기도,법인,2012-06-01,50,15252740,1,0
2026-07,제1.2구잠수기수산업협동조합,건어물 및 젓갈류 도매업,부산광역시,법인,1988-01-01,47,17202720,1,1
2026-07,진우정공,BIZ_NO미존재사업장,경상남도,개인,2013-12-01,53,16064320,2,8
2026-07,쿠우쿠우 창원점,한식 일반 음식점업,경상남도,개인,2023-12-11,40,9538180,0,5
2026-07,주식회사대원크리닝,가정용 세탁업,경상남도,법인,2013-07-16,38,7944380,0,1
2026-07,(주)스타존스(STAR JOHNS Co.  Ltd),액체 여과기 제조업,경기도,법인,2024-09-11,55,17417820,0,2
2026-07,(주)신라식품,기타 산업용 농산물 도매업,경상남도,법인,1993-10-18,37,14982360,0,0
2026-07,가톨릭중앙의료원(학),기타 인문 및 사회과학 연구개발업,서울특별시,법인,1999-11-01,1438,514297940,77,73
2026-07,(주)은성전장,기타 반도체 소자 제조업,충청남도,법인,2017-01-09,151,44425660,5,4
2026-07,태정산업(주),산업용 그 외 비경화 고무제품 제조업,인천광역시,법인,1996-08-01,33,11724640,0,0
2026-07,이엘씨에이한국(유),화장품 및 화장용품 도매업,서울특별시,법인,1992-02-21,1170,446122280,39,33
2026-07,유나이티드파슬서어비스컴패니,항공 여객 운송업,인천광역시,법인,1990-02-13,52,23852240,1,0
2026-07,대하산업개발(주)-(일용)증산동 삼표부지 주거복합 신축공사 공조설비공사,건물용 기계ㆍ장비 설치 공사업,서울특별시,법인,2024-02-16,60,25179060,18,1
2026-07,서울도솔학교,BIZ_NO미존재사업장,서울특별시,법인,2019-09-01,43,11282360,0,7
2026-07,모아한방병원,한방병원,서울특별시,개인,2022-01-01,37,10946400,2,2
2026-07,영인크로매스 주식회사 YOUNG IN Chromass Co.  Ltd.,물질 검사  측정 및 분석 기구 제조업,경기도,법인,1993-03-08,52,20200600,0,0
2026-07,동거창농협-공공형계절근로센터,국내은행,경상남도,법인,2026-03-16,42,8671000,20,0
2026-07,불스원서비스주식회사,BIZ_NO미존재사업장,서울특별시,법인,2011-12-21,118,31225120,1,5
2026-07,신가중학교(직장),BIZ_NO미존재사업장,전남광주통합특별시,법인,2004-03-01,32,11783720,0,0
2026-07,주식회사블루젠트,중고 자동차 판매업,경기도,법인,2016-04-01,51,18903560,5,2
2026-07,태성정공(주),일반 철물 제조업,경기도,법인,1995-02-24,30,8844120,0,0
2026-07,주식회사나성이앤에스,금속선 가공제품 제조업,전북특별자치도,법인,2015-12-01,76,29149380,3,0
2026-07,주식회사메디팹,의료용품 및 기타 의약 관련제품 제조업,서울특별시,법인,2016-02-02,45,19725340,3,1
2026-07,휴먼시스템주식회사,그 외 기타 분류 안된 사업 지원 서비스업,경기도,법인,2014-07-01,89,24642900,4,4
2026-07,(주)삼양건설,아파트 건설업,충청북도,법인,1999-07-15,39,18870860,4,5
2026-07,이누스주식회사(서울지점),그 외 기타 건축자재 도매업,서울특별시,법인,2020-05-04,61,26350740,0,1
2026-07,주식회사 비케이알,치킨 전문점,서울특별시,법인,2012-11-21,1041,394340200,14,35
2026-07,진도종합건설(주),기타 토목 시설물 건설업,충청남도,법인,2001-11-27,51,20778960,0,1
2026-07,주식회사윤준에스티,BIZ_NO미존재사업장,충청북도,법인,2015-05-01,67,28678820,5,3
2026-07,인스비전손해사정주식회사,보험 대리 및 중개업,서울특별시,법인,2020-07-08,279,82973740,4,7
2026-07,부산광역시개인택시운송사업조합,그 외 기타 종합 소매업,부산광역시,법인,1988-01-01,64,22635360,0,0
2026-07,(주)한국구조물안전연구원,기타 엔지니어링 서비스업,서울특별시,법인,2001-07-02,90,38831380,3,2
2026-07,비아비솔루션스코리아유한회사,유선 통신장비 제조업,서울특별시,법인,1992-01-01,38,22411200,0,0
2026-07,충청북도청(일반),비주거용 건물 임대업(점포  자기땅),충청북도,법인,1992-10-12,134,45478880,1,4
2026-07,가보주식회사,배전반 및 전기 자동제어반 제조업,경기도,법인,2003-10-13,52,22301880,1,0
2026-07,두암기독병원,요양병원,전남광주통합특별시,개인,2016-03-01,45,13122220,2,8
2026-07,(주)마크로케어,화장품 제조업,충청북도,법인,2003-07-01,60,18551100,0,0
2026-07,동광전자(주),유선 통신장비 제조업,경기도,법인,1996-04-01,48,20677060,0,0
2026-07,（주）대도엔지니어링-(일용)동북아LNGHub터미널1단계1차EPCC(전남)일반건설공사(플랜트,아파트 건설업,전남광주통합특별시,법인,2026-04-07,33,15654300,17,1
2026-07,무주농협,국내은행,전북특별자치도,법인,1988-01-01,87,36928780,0,1
2026-07,(주)대우건설 본사,아파트 건설업,서울특별시,법인,2000-12-27,4416,2698106580,146,65
2026-07,한국토지주택공사,주거용 건물 건설업,경상남도,법인,2009-10-01,8165,4117194720,19,58
2026-07,(주)웅진씽크빅,기타 인쇄물 출판업,경기도,법인,1988-01-01,1289,445298920,27,28
2026-07,경성정밀주식회사주촌지점,금속 절삭기계 제조업,경상남도,법인,2015-08-01,32,10471740,0,1
2026-07,해피콤(주),배관 및 냉ㆍ난방 공사업,경기도,법인,2000-11-01,52,6935000,0,5
2026-07,주식회사 에쓰에푸씨/일용/S-OIL SHAHEEN PKG-2 중 내화공사,미장  타일 및 방수 공사업,울산광역시,법인,2024-12-09,42,21339720,5,2
2026-07,대창설비(주)-(일용)대전가오동2구역 재건축정비사업 중 기계소화설비공사,배관 및 냉ㆍ난방 공사업,대전광역시,법인,2025-04-04,58,24884980,0,13
2026-07,디케이쎈서(주),기타 반도체 소자 제조업,서울특별시,법인,1988-01-01,33,13037260,0,0
2026-07,한국항만물류협회마산,BIZ_NO미존재사업장,서울특별시,법인,1993-04-01,242,151480780,0,0
2026-07,주식회사 해담솔,건어물 및 젓갈류 도매업,충청남도,법인,2009-11-06,36,6561500,9,4
2026-07,더셀피부과의원,일반의원,서울특별시,개인,2017-04-17,53,20265120,0,9
2026-07,동일기계공업(주),그 외 자동차용 신품 부품 제조업,경기도,법인,1988-01-01,105,43611700,1,2
2026-07,서울메디케어（S．M．C）,의료 기기 도매업,경기도,개인,2014-08-13,32,9927620,3,4
2026-07,상록고등학교(직장),해당없음,경기도,법인,2013-03-01,34,13400880,0,0
2026-07,(유)가온기술,산업설비  운송장비 및 공공장소 청소업,전북특별자치도,법인,2016-03-01,33,9720440,1,0
2026-07,쿠우쿠우대구서구점,한식 일반 음식점업,대구광역시,개인,2022-12-01,46,11495920,4,5
2026-07,(주)가야ESC/일용/CJ가양부지 철골공사 1공구,육상 금속 골조 구조재 제조업,서울특별시,법인,2025-05-19,37,20132540,0,0
2026-07,주식회사인씨스,통신ㆍ방송장비 및 부품 도매업,경기도,법인,2010-01-15,33,12163260,0,0
2026-07,주식회사에이치엔티(HNTCO.LTD),일반 전기 공사업,경기도,법인,2023-05-09,57,11166480,6,7
2026-07,전남광주통합특별시예술의전당,비주거용 건물 임대업(점포  자기땅),전남광주통합특별시,법인,2003-04-01,101,28477780,1,0
2026-07,서울신정고등학교,해당없음,서울특별시,법인,2000-04-17,44,15258480,0,0
2026-07,주식회사 에이드코아,전동기 및 발전기 제조업,충청남도,법인,2024-07-01,62,27025460,0,1
2026-07,김병준 레다스흉부외과의원,일반의원,부산광역시,개인,2004-03-26,34,11095640,3,4
2026-07,쿠팡로지스틱스서비스유한회사,그 외 기타 분류 안된 사업 지원 서비스업,서울특별시,법인,2018-05-29,10514,3696612420,253,383
2026-07,(주)케이에스한국고용정보,콜센터 및 텔레마케팅 서비스업,서울특별시,법인,2019-11-01,6212,1325990780,500,554
2026-07,유안타저축은행(주),국내은행,서울특별시,법인,1988-07-26,60,29761320,0,2
2026-07,연합인포맥스(주),데이터베이스 및 온라인 정보 제공업,서울특별시,법인,2000-06-01,213,123720760,0,1
2026-07,주식회사 엔삼클라우드,시스템 소프트웨어 개발 및 공급업,서울특별시,법인,2022-12-01,36,12990900,0,0
2026-07,만우물류（주）,일반 / 용달 / 개별 화물 자동차 운송업,경기도,법인,2006-01-01,55,17998040,1,0
2026-07,(주)정윤글로벌,그 외 기타 분류 안된 사업 지원 서비스업,경기도,법인,2025-07-01,35,9050980,3,4
2026-07,영동산업주식회사,그 외 자동차용 신품 부품 제조업,경기도,법인,1988-01-01,51,15120320,0,1
2026-07,(주)바른에이치알,가전제품 및 부품 도매업,경기도,법인,2022-09-01,41,11539580,6,6
2026-07,주식회사 에이치카나,BIZ_NO미존재사업장,인천광역시,법인,2012-10-01,40,12468560,0,3
2026-07,청목장애인활동지원 부산진구센터,BIZ_NO미존재사업장,부산광역시,법인,2021-02-01,100,15097420,2,5
2026-07,(주)재성,접착제 및 젤라틴 제조업,전북특별자치도,법인,1996-01-01,31,17279960,0,1
2026-07,주식회사 스칸디그룹,일반 서적 출판업,서울특별시,법인,2015-07-01,39,12109740,4,5
2026-07,포항시가족센터,BIZ_NO미존재사업장,경상북도,법인,2017-10-01,65,14899220,2,3
2026-07,쌍용건설(주),기타 토목 시설물 건설업,서울특별시,법인,1988-01-01,1212,676812700,53,17
2026-07,사회복지법인진원장애인활동지원센터,BIZ_NO미존재사업장,경상북도,법인,2023-09-04,53,10463860,0,1
2026-07,성안고등학교,비주거용 건물 임대업(점포  자기땅),경기도,법인,2000-03-20,36,13050700,0,0
2026-07,주식회사 인엠스,기타 전기 변환장치 제조업,경기도,법인,2022-09-01,78,24417780,0,3
2026-07,(주)에이피텍,기타 반도체 소자 제조업,인천광역시,법인,2005-02-01,152,62159380,0,4
2026-07,(주)케이씨,배전반 및 전기 자동제어반 제조업,부산광역시,법인,1996-03-01,100,38678500,6,0
2026-07,(주)비젼푸드,그 외 기타 분류 안된 전문  과학 및 기술 서비스업,경기도,법인,2017-08-07,74,24717300,3,4
2026-07,유노성형외과,일반의원,서울특별시,개인,2015-10-02,39,12398000,9,10
2026-07,(주)동인엔지니어링,미장  타일 및 방수 공사업,경상북도,법인,2004-12-27,31,8926040,0,2
2026-07,주식회사핀인사이트,응용 소프트웨어 개발 및 공급업,서울특별시,법인,2015-10-01,34,7419840,10,11
2026-07,한국호쿠쇼주식회사,그 외 기타 기계 및 장비 도매업,서울특별시,법인,2004-03-01,45,23052280,5,0
2026-07,동해금속주식회사,그 외 자동차용 신품 부품 제조업,충청남도,법인,2008-01-02,33,14829460,2,0
2026-07,엠플러스자산운용(주),기타 금융 투자업,서울특별시,법인,2008-04-14,38,19617220,3,2
2026-07,(주)태원,접착제 및 젤라틴 제조업,충청남도,법인,1988-01-01,44,21277860,1,1
2026-07,케이원에코텍주식회사,배관 및 냉ㆍ난방 공사업,서울특별시,법인,2006-09-28,31,10878500,0,2
2026-07,에프엠개발주식회사,상용 인력 공급 및 인사관리 서비스업,서울특별시,법인,2021-10-01,88,19760040,11,11
2026-07,경북지적발달장애인복지협회포항시지부,BIZ_NO미존재사업장,경상북도,법인,2005-06-17,179,31522600,6,6
2026-07,(주)방송차량서비스,고용 알선업,서울특별시,법인,2004-07-01,167,55380720,0,1
2026-07,엘에스대원(주),주방용 전기 기기 제조업,인천광역시,법인,2001-05-01,51,15900320,1,2
2026-07,주식회사우진메트로의정부,그 외 기타 분류 안된 사업 지원 서비스업,경기도,법인,2018-11-01,91,28639460,1,0
2026-07,아는마음한방병원,한방병원,경상남도,개인,2024-07-22,46,13865100,3,4
2026-07,(주)케이비아주,비주거용 부동산 관리업,서울특별시,법인,2007-05-01,96,29825480,11,11
2026-07,해동주류주식회사,주류 도매업,경기도,법인,2009-02-01,40,15372640,0,1
2026-07,(주)우진이앤씨-(일용)우암1구역주택재개발정비사업 중 전기공사2(1공구),일반 통신 공사업,부산광역시,법인,2025-04-29,32,15148280,12,0
2026-07,(주)이웨이,도배  실내 장식 및 내장 목공사업,서울특별시,법인,1999-05-11,73,27055740,5,11
2026-07,교보다솜케어 주식회사,전자상거래 소매 중개업,서울특별시,법인,2024-10-11,44,16815180,0,0
2026-07,주식회사보물섬수산,신선  냉동 및 기타 수산물 도매업,대전광역시,법인,2014-07-01,31,11017920,4,3
2026-07,동청도농업협동조합,국내은행,경상북도,법인,2006-01-05,30,15764180,1,0
2026-07,대호기계공업(주),그 외 자동차용 신품 부품 제조업,전북특별자치도,법인,1989-11-27,69,36813160,0,0
2026-07,(주)영진엔지니어링,기타 엔지니어링 서비스업,전남광주통합특별시,법인,2001-03-02,39,13582540,4,4
2026-07,굿프랜드 주식회사,일반 창고업,경기도,법인,2002-09-01,143,34426640,5,13
2026-07,(주)파라마운트매니지먼트,그 외 기타 분류 안된 전문  과학 및 기술 서비스업,서울특별시,법인,2016-03-01,98,17831780,6,0
2026-07,365 엄지한방병원,한방병원,인천광역시,개인,2021-05-24,52,16899620,4,2
2026-07,심경장원,BIZ_NO미존재사업장,대전광역시,법인,2016-09-23,30,13895440,1,0
2026-07,주식회사 픽 베이크,경영 컨설팅업,서울특별시,법인,2025-06-01,45,9808520,6,6
2026-07,주식회사동행복권,복권 발행 및 판매업,서울특별시,법인,2018-04-01,202,85373780,3,2
2026-07,주식회사에스알씨（SRCInc．）,기타 반도체 소자 제조업,경기도,법인,2011-11-09,130,38924860,15,6
2026-07,주식회사피플인사이드,응용 소프트웨어 개발 및 공급업,서울특별시,법인,2013-07-01,36,12182640,2,0
2026-07,여수축산업협동조합,기타 음ㆍ식료품 위주 종합 소매업,전남광주통합특별시,법인,1988-01-01,72,33453020,1,1
2026-07,베리시 성수(Verish Seongsu),속옷 및 잠옷 소매업,서울특별시,법인,2025-01-20,30,6288580,7,6
2026-07,(주)제이콘/일용/CC 2026년 T&I 장치정비 PKG-1(2#CDU#2UTY#2ALK),배관 및 냉ㆍ난방 공사업,울산광역시,법인,2025-11-01,44,14413560,6,36
2026-07,야후건설(주)/일용/울산태화강변 A-2BL아파트 건설공사 2공구 중 철근콘크리트공사,콘크리트 및 철근 공사업,울산광역시,법인,2025-09-19,30,14218500,10,0
2026-07,(주)페르소나에이아이,응용 소프트웨어 개발 및 공급업,서울특별시,법인,2017-04-01,111,53969280,7,4
2026-07,라온시스템즈(주),BIZ_NO미존재사업장,경기도,법인,2012-01-01,31,13164180,0,0
2026-07,척바른병원,요양병원,서울특별시,개인,2023-06-01,55,16814060,5,6
2026-07,(주)하랑,그 외 자동차용 신품 부품 제조업,충청남도,법인,2022-05-01,43,21885760,0,0
2026-07,랄프로렌코리아 유한회사,경영 컨설팅업,서울특별시,법인,2006-05-15,622,237536620,5,9
2026-07,주식회사 애니펜,응용 소프트웨어 개발 및 공급업,경기도,법인,2013-05-27,34,15159920,1,7
2026-07,한전산업개발(주)삼천포사업소,기타 엔지니어링 서비스업,경상남도,법인,1993-03-04,220,106470720,4,4
2026-07,주식회사이트라이브,응용 소프트웨어 개발 및 공급업,서울특별시,법인,2006-03-01,151,59487060,2,6
2026-07,주식회사 피자앤컴퍼니,떡류 제조업,대구광역시,법인,2016-04-01,94,26524520,10,9
2026-07,(주)실리콘마이터스,기타 반도체 소자 제조업,경기도,법인,2007-05-01,317,185598700,2,0
2026-07,(주)케이피 일렉트릭,전동기 및 발전기 제조업,인천광역시,법인,1989-06-01,171,68616820,0,3
2026-07,주식회사잇츠아이티,응용 소프트웨어 개발 및 공급업,서울특별시,법인,2016-06-01,58,12296580,0,8
2026-07,노인맞춤돌봄서비스사업,BIZ_NO미존재사업장,경기도,법인,2008-01-01,42,5795180,0,0
2026-07,장승포농업협동조합,국내은행,경상남도,법인,1988-01-01,119,53067380,0,1
2026-07,주식회사슈프리마,그 외 기타 전기장비 제조업,경기도,법인,2016-01-01,250,126396720,14,5
2026-07,정림의료기산업(주),전기식 진단 및 요법 기기 제조업,충청북도,법인,1996-01-01,90,25851740,5,3
2026-07,서울바른재활의학과의원,일반의원,경기도,개인,2019-05-27,30,7726760,0,0
2026-07,롯데컬처웍스(주),영화관 운영업,서울특별시,법인,2018-06-01,1586,318418220,134,143
2026-07,한국주택금융공사,기타 금융 투자업,부산광역시,법인,2004-03-01,1152,545188760,12,20
2026-07,(주)어드밴건설-(일용)센텀파크 SK VIEW 철근 콘크리트공사,콘크리트 및 철근 공사업,부산광역시,법인,2025-12-01,49,20639760,12,0
2026-07,(주)에이엠티파트너스,그 외 기타 분류 안된 사업 지원 서비스업,인천광역시,법인,2022-01-17,48,12258180,5,6
2026-07,(주)씨엔에스대부,기타 금융 투자업,서울특별시,법인,2007-07-21,40,10473600,0,3
2026-07,(주)진광이엔지,그 외 자동차용 신품 부품 제조업,경상남도,법인,2006-12-01,48,16945360,1,1
2026-07,주식회사 글로우키친,경영 컨설팅업,서울특별시,법인,2023-04-12,61,17547880,7,7
2026-07,이천하늘애한방병원,한방병원,경기도,개인,2024-08-19,45,14885160,0,1
2026-07,주식회사삼우이앤아이 건설일용관리,구조용 금속 판제품 및 공작물 제조업,경기도,법인,2025-07-01,53,14249360,19,27
2026-07,(주) 풍산 안강사업장,기타 비철금속 제련  정련 및 합금 제조업,경상북도,법인,2008-07-01,1551,935410880,17,6
2026-07,(주)비엘피,기타,경기도,법인,2016-08-01,354,140638160,11,26
2026-07,(주)지엘테크,건축물 일반 청소업,전남광주통합특별시,법인,1992-11-17,31,11224740,0,4
2026-07,동락산업(주)/일용/평택전자 P5 154kV변전소신축공사 중 [P5-154kV]금속공사-2,배관 및 냉ㆍ난방 공사업,경기도,법인,2026-02-13,33,17576220,3,0
2026-07,(주)현대엘앤씨/일용/효성중공업(주) 부평산곡도시환경정비사업 중 PL창호공사,플라스틱 창호 제조업,인천광역시,법인,2026-03-11,43,15275900,13,1
2026-07,건일산업(주),플라스틱 창호 제조업,경기도,법인,1998-01-26,33,12491520,0,0
2026-07,우리들한방병원,한방병원,전북특별자치도,개인,2018-05-09,31,8582720,1,1
2026-07,에스케이어스온주식회사,원유 및 천연가스 채굴업,서울특별시,법인,2021-10-01,88,54704300,0,0
2026-07,강남케이피아이(주) 시화공장,포장용 플라스틱 성형용기 제조업,경기도,법인,1988-01-01,47,19991720,1,1
2026-07,서울프라임병원,요양병원,충청남도,개인,2019-07-23,71,25110820,1,1
2026-07,주식회사 티엘건설-(일용)대흥2구역 주택재개발정비사업 중 철근콘크리트공사(1단지)(2단지),사무ㆍ상업용 및 공공기관용 건물 건설업,대전광역시,법인,2024-11-15,45,21596180,7,0
2026-07,주식회사엔벤트릭,기타 인문 및 사회과학 연구개발업,서울특별시,법인,2019-07-05,38,10644060,5,4
2026-07,NLCSJeju,일반 교과학원,제주특별자치도,법인,2011-09-01,282,139420780,7,27
2026-07,에스지생활안전 주식회사,산업용 그 외 비경화 고무제품 제조업,경기도,법인,1988-01-01,215,79958460,6,2
2026-07,주식회사 에스윈아이씨디자인코리아,컴퓨터 시스템 통합 자문 및 구축 서비스업,경기도,법인,2005-07-01,58,34728380,0,0
2026-07,주식회사에스디시,기타 반도체 소자 제조업,충청남도,법인,2007-06-01,151,45902760,4,4
2026-07,국립전주박물관,비주거용 건물 임대업(점포  자기땅),전북특별자치도,법인,1998-02-20,33,8002420,0,0
2026-07,디앤디프라퍼티솔루션(주),생활용 가구 도매업,서울특별시,법인,2022-01-01,136,66202340,5,15
2026-07,재단법인국가모델동물연구소,기타 인문 및 사회과학 연구개발업,서울특별시,법인,2014-11-20,35,13744560,0,0
2026-07,엘오케이(유),해당없음,서울특별시,법인,1993-09-13,1734,757372180,152,35
2026-07,라이엇게임즈코리아 유한회사,응용 소프트웨어 개발 및 공급업,서울특별시,법인,2011-06-01,116,71765320,0,2
2026-07,동국산업(주)포항공장,그 외 기타 1차 철강 제조업,경상북도,법인,1988-01-01,267,145502980,2,2
2026-07,주식회사 유큐브,기타 정보 기술 및 컴퓨터 운영 관련 서비스업,서울특별시,법인,2020-09-14,210,72879360,1,18
2026-07,양주시장애인자립생활센터,BIZ_NO미존재사업장,경기도,법인,2011-02-25,232,44544240,9,12
2026-07,남부여객자동차(주),시내버스 운송업,부산광역시,법인,1988-01-01,150,77800360,1,1
2026-07,법무법인(유한)광장,변호사업,서울특별시,법인,1988-01-01,1110,607445620,12,30
2026-07,(주)나무커뮤니케이션,데이터베이스 및 온라인 정보 제공업,서울특별시,법인,2003-01-13,61,22345980,1,1
2026-07,주식회사 한국건설방재연구원,경비 및 경호 서비스업,서울특별시,법인,2005-03-07,108,38968980,16,9
2026-07,(주)부산롯데호텔 (기간제),호텔업,부산광역시,법인,2025-09-01,121,25795280,42,10
2026-07,주식회사 코리아에스앤에스,통관 대리 및 관련서비스업 / 화물 운송 중개  대리,부산광역시,법인,2017-11-06,39,9547820,6,4
2026-07,（주）세종기획,해당없음,서울특별시,법인,2010-07-06,103,36377820,2,0
2026-07,최희정내과의원,일반의원,서울특별시,개인,2010-04-01,32,8732200,2,0
2026-07,(주)아그네스메디컬,응용 소프트웨어 개발 및 공급업,경기도,법인,2018-06-01,33,13653120,1,0
2026-07,성일기계(주),배관 및 냉ㆍ난방 공사업,서울특별시,법인,1994-02-25,32,14074500,6,5
2026-07,진도군보건소(직장),BIZ_NO미존재사업장,전남광주통합특별시,법인,2004-04-21,37,10651620,2,1
2026-07,주식회사 삼안에너지,그 외 기타 분류 안된 사업 지원 서비스업,경기도,법인,2026-01-23,35,8185340,0,0
2026-07,경기고등학교,비주거용 건물 임대업(점포  자기땅),서울특별시,법인,2000-04-01,33,14159260,0,0
2026-07,(주)대한해사검정공사,번역 및 통역 서비스업,서울특별시,법인,1988-01-01,46,14241180,0,1
2026-07,삼표레일웨이(주),BIZ_NO미존재사업장,서울특별시,법인,2013-11-01,112,54862000,0,2
2026-07,에이치엠엠오션서비스주식회사(해상),통관 대리 및 관련서비스업 / 화물 운송 중개  대리,부산광역시,법인,2019-06-01,498,294932480,51,48
2026-07,버슘머트리얼즈코리아,기타 기초 무기화학 물질 제조업,경기도,법인,1988-01-01,438,247049380,3,7
2026-07,(주)성보씨엔이/일용/당진기지 2단계 LNG탱크 건설공사(탱크 본체 구조물공사(5~7호기),미장  타일 및 방수 공사업,충청남도,법인,2026-02-26,118,51882240,28,6
2026-07,주식회사 마키노차야세종,경영 컨설팅업,세종특별자치시,법인,2021-09-27,43,11169160,6,5
2026-07,연화중학교,BIZ_NO미존재사업장,인천광역시,법인,2000-10-06,32,11318820,0,0
2026-07,한국과학기술연구원(인재개발실),기타 인문 및 사회과학 연구개발업,서울특별시,법인,2017-10-01,1039,173502960,10,2
2026-07,한일이앤씨 주식회사,미장  타일 및 방수 공사업,경기도,법인,2001-10-16,84,41729180,15,8
2026-07,두발로병원,일반병원,서울특별시,개인,2021-09-01,94,34445760,10,2
2026-07,디디피스페셜티프로덕츠코리아 주식회사,플라스틱 물질 및 합성고무 도매업,서울특별시,법인,1988-01-01,32,19496060,1,0
2026-07,바른재활의학과병원,일반병원,경상북도,개인,2017-04-21,82,24107320,2,3
2026-07,사천농협,운송장비용 주유소 운영업,경상남도,법인,1988-01-01,46,17589960,2,0
2026-07,주식회사 오브젝트생활연구소,그 외 기타 플라스틱 제품 제조업,서울특별시,법인,2016-08-16,48,10384440,5,5
2026-07,（주）관악（거제지점）,호텔업,경상남도,법인,2014-09-01,30,8997220,4,3
2026-07,(유)보람고속관광여행사,전세버스 운송업,전남광주통합특별시,법인,2001-06-01,46,10061300,6,6
2026-07,(주)제일테크노스/일용/평택캠퍼스 2단지 조성 공사 및 P5 FAB 건축 공사 중 [P5 FAB] 데크설치공사(2공구),금속 문  창  셔터 및 관련제품 제조업,경기도,법인,2026-03-13,80,37657440,28,0
2026-07,테크위드유주식회사,기타 반도체 소자 제조업,경기도,법인,2016-12-20,47,23469920,1,1
2026-07,(주)선일씨엔티,직물  편조 원단 및 의복류 염색 가공업,경기도,법인,1999-04-15,50,17590000,0,0
2026-07,주식회사 엘엑스하우시스,설치용 및 위생용 플라스틱제품 제조업,서울특별시,법인,2009-04-01,2676,1603631660,3,14
2026-07,해성에스테이트주식회사,비주거용 부동산 관리업,서울특별시,법인,2024-01-01,45,20579060,1,1
2026-07,주식회사마이크로원,부직포 및 펠트 제조업,충청남도,법인,2006-04-01,58,25140800,0,6
2026-07,전주교육대학교대학회계,비주거용 건물 임대업(점포  자기땅),전북특별자치도,법인,1988-01-01,43,13775200,2,0
2026-07,주식회사엘피에스테크,건설용 석제품 제조업,경기도,법인,2022-04-01,33,9522380,4,3
2026-07,현대하이카손해사정(주),보험 대리 및 중개업,서울특별시,법인,1990-04-21,1131,582709520,4,5
2026-07,에스케이키파운드리 주식회사,기타 반도체 소자 제조업,충청북도,법인,2020-08-03,1652,972593440,23,9
2026-07,(주)대산화스너,해당없음,인천광역시,법인,2006-07-01,33,11178240,0,1
2026-07,(주)한국거래소,증권 중개업,부산광역시,법인,2005-02-01,1000,572159000,13,8
2026-07,(주)청해진건설-(일용)JB금융그룹 신사옥 개발사업 중 골조공사,유리 및 창호 공사업,서울특별시,법인,2025-09-25,89,42213540,9,0
2026-07,주식회사세컨신드롬,그 외 기타 달리 분류되지 않은 개인 서비스업,서울특별시,법인,2018-03-01,31,12520860,4,3
2026-07,은평대영학교,해당없음,서울특별시,법인,1999-04-01,69,17587080,1,6
2026-07,주식회사디웨일,응용 소프트웨어 개발 및 공급업,서울특별시,법인,2021-08-09,67,22507340,9,3
2026-07,의료법인 백송의료재단 굿모닝병원,요양병원,경기도,법인,1988-01-01,1018,393635460,25,15
2026-07,(주)엠디케이컴퍼니 본점,제과점업,서울특별시,법인,2021-10-08,39,9873400,10,5
2026-07,주식회사 에프에스엔,BIZ_NO미존재사업장,서울특별시,법인,2015-01-16,85,36868140,1,4
2026-07,(주)희림종합건축사사무소,기타 엔지니어링 서비스업,서울특별시,법인,1988-01-01,1026,484330380,16,22
2026-07,고려강선(주),그 외 기타 1차 철강 제조업,경상북도,법인,2000-07-01,56,30515760,0,0
2026-07,가경노인요양원,BIZ_NO미존재사업장,경상남도,법인,2011-05-01,35,9460020,0,0
2026-07,에스렉,금속 문  창  셔터 및 관련제품 제조업,경기도,개인,1995-10-17,31,11786260,2,4
2026-07,주식회사엠제이피플(MJpeople),데이터베이스 및 온라인 정보 제공업,서울특별시,법인,2015-04-16,68,16149180,11,6
2026-07,고려특수선재(주),기타 건축용 나무제품 제조업,경상남도,법인,1988-01-01,148,77049380,1,0
2026-07,（주）한국방재기술,건축 설계 및 관련 서비스업,서울특별시,법인,2013-04-01,52,21520140,0,0
2026-07,주식회사새모양에프앤비,BIZ_NO미존재사업장,전북특별자치도,법인,2014-09-22,40,10184700,4,4
2026-07,팔달노인복지관,BIZ_NO미존재사업장,경기도,법인,2018-02-01,91,20913380,2,1
2026-07,부산시설공단,주차장 운영업,부산광역시,법인,1992-02-27,1396,542965800,5,14
2026-07,성훈CS,기타 소사장제,울산광역시,개인,2022-01-01,45,17415400,1,0
2026-07,플라스틱과사람들(주),석탄화학계 화합물 및 기타 기초 유기화학 물질제조업,충청북도,법인,1999-07-01,64,25052220,0,1
2026-07,주식회사노르딤피안티코리아(NordimpiantiKoreaCorp.),그 외 기타 특수 목적용 기계 제조업,충청북도,법인,2022-11-01,32,11732860,3,2
2026-07,잘해주는치과의원,치과의원,경기도,개인,2019-10-28,31,9504480,0,5
2026-07,고려아연(주)온산제련소,기타 비철금속 제련  정련 및 합금 제조업,울산광역시,법인,1988-07-01,1843,1099830220,58,10
2026-07,주식회사 안랩,응용 소프트웨어 개발 및 공급업,경기도,법인,1995-04-01,1270,627414260,47,16
2026-07,국립아시아문화전당(직장),비주거용 건물 임대업(점포  자기땅),전남광주통합특별시,법인,2016-07-01,295,77875160,7,4
2026-07,주식회사 엣지랭크,광고 대행업,서울특별시,법인,2012-09-01,76,23854580,9,4
2026-07,(주)한국이엔씨/일용/용인 Cluster 1기 OBL 중 HVAC&소방공사-2,물질 검사  측정 및 분석 기구 제조업,경기도,법인,2025-03-11,215,106842880,36,0
2026-07,사단법인한국시각장애인연합회,시계 및 시계 부품 제조업,서울특별시,법인,1990-09-04,41,14355980,3,1
2026-07,씨케이치과병원,BIZ_NO미존재사업장,울산광역시,개인,2024-07-01,36,10900680,2,0
2026-07,(주)모아주택산업,아파트 건설업,전남광주통합특별시,법인,1988-10-01,138,68982960,0,10
2026-07,아이텍(주),기타 기술 시험  검사 및 분석업,경기도,법인,2005-02-01,261,91175880,10,6
2026-07,콘텐츠웨이브(주),영화  비디오물 및 방송 프로그램 배급업,서울특별시,법인,2012-06-14,134,72067860,1,0
2026-07,주식회사디에스티,BIZ_NO미존재사업장,대구광역시,법인,2015-06-11,36,10663760,1,2
2026-07,인터프로셀(주),고용 알선업,서울특별시,법인,1994-04-19,504,116839760,35,35
2026-07,(주)부건건설/일용/대구대명 LH 참여형 가로주택정비사업 중 철근콘크리트공사,조적 및 석공사업,대구광역시,법인,2026-02-19,56,19207500,16,0
2026-07,재단법인한국승강기안전진흥원,물질 성분 검사 및 분석업,경기도,법인,2019-11-15,52,14697800,0,0
2026-07,마루요양병원,요양병원,전남광주통합특별시,개인,2003-10-23,34,9482440,0,1
2026-07,미래복지요양센터,BIZ_NO미존재사업장,인천광역시,법인,2016-08-16,84,20324180,9,2
2026-07,데이터브릭스코리아유한책임회사,기타 정보 기술 및 컴퓨터 운영 관련 서비스업,서울특별시,법인,2022-04-25,114,70635200,3,0
2026-07,코오롱오토모티브주식회사,자동차 신품 판매업,서울특별시,법인,2016-05-01,217,96369020,3,3
2026-07,（주)성지공영/일용/S-OIL SHAHEEN Project중Intercom 보온공사(PKG,배관 및 냉ㆍ난방 공사업,울산광역시,법인,2024-11-01,47,24467180,10,1
2026-07,옴니시스템(주),배전반 및 전기 자동제어반 제조업,경기도,법인,1997-02-17,68,24553480,1,0
2026-07,에스트라오토모티브시스템주식회사,그 외 자동차용 신품 부품 제조업,대구광역시,법인,1988-01-01,421,236047320,7,5
2026-07,삼언전공(주)/일용/성남산성구역주택재개발정비사업 아파트신축공사 전기설비공사(4공구),일반 전기 공사업,경기도,법인,2024-10-16,33,15419920,6,0
2026-07,주식회사정원투어,전세버스 운송업,경기도,법인,2013-11-01,43,13438740,1,1
2026-07,평화재활원,BIZ_NO미존재사업장,경기도,법인,2009-03-13,44,18899300,1,0
2026-07,사）경기장애인자립생활센터협의회이천시지부이삭IL센터-제공인력,BIZ_NO미존재사업장,경기도,법인,2023-06-01,53,9613240,1,0
2026-07,주식회사 경신 경주공장,그 외 자동차용 신품 부품 제조업,경상북도,법인,1989-05-01,281,158886260,1,2
2026-07,주식회사인투씨엔에스,응용 소프트웨어 개발 및 공급업,경기도,법인,2008-02-01,58,19866840,3,2
2026-07,케이지손해사정서비스주식회사,손해 사정업,서울특별시,법인,2019-03-04,104,46986840,3,7
2026-07,현대위아(주),그 외 자동차용 신품 부품 제조업,경상남도,법인,1988-01-01,2763,1723031960,6,9
2026-07,충청남도장애인체육회,BIZ_NO미존재사업장,충청남도,법인,2007-12-03,61,18107560,1,2
2026-07,(재)광주기독병원,요양병원,전남광주통합특별시,법인,1988-01-01,1038,446944640,20,15
2026-07,한국콜마주식회사,화장품 제조업,세종특별자치시,법인,2012-10-01,1501,715957580,57,37
2026-07,회계법인마일스톤,공인회계사업,서울특별시,법인,2019-12-01,57,20431120,6,11
2026-07,양천어르신종합복지관,BIZ_NO미존재사업장,서울특별시,법인,2009-01-09,30,3824380,0,0
2026-07,서울기독대학교,BIZ_NO미존재사업장,서울특별시,법인,1998-12-01,79,7174340,0,1
2026-07,원영건업（주）/일용/힐스테이트 송도센터파크 철근콘크리트공사(인천지사),유리 및 창호 공사업,인천광역시,법인,2024-10-04,82,24451540,1,1
2026-07,오뚜기에스에프주식회사,수산동물 건조 및 염장품 제조업,경상남도,법인,2017-08-01,161,49651360,0,0
2026-07,주식회사 아키아카,응용 소프트웨어 개발 및 공급업,서울특별시,법인,2011-12-01,96,23895340,24,13
2026-07,주식회사 부창기업,고용 알선업,울산광역시,법인,2003-03-01,120,58120680,9,3
2026-07,동국대학교,기타,서울특별시,법인,2000-08-01,1323,218069760,24,22
2026-07,(주）포유이엔지/일용/에스오일 샤윈프로젝트 중 철골공사,금속 문  창  셔터 및 관련제품 제조업,울산광역시,법인,2024-05-29,37,21319760,11,0
2026-07,김포고촌농업협동조합,신용조합,경기도,법인,1988-01-01,69,35262860,1,1
2026-07,주식회사미주산업,BIZ_NO미존재사업장,경상남도,법인,2015-01-01,152,61518700,0,1
2026-07,코리아갈바(주),도장 및 기타 피막 처리업,경상남도,법인,2001-09-01,30,12528300,0,0
2026-07,주식회사삼원무역,생활용 유리ㆍ요업ㆍ목재ㆍ금속제품 및 날붙이 도매업,경기도,법인,2011-06-01,52,15582140,0,4
2026-07,(의)대진의료재단분당제생병원,요양병원,경기도,법인,1998-07-01,1375,553363520,10,21
2026-07,(주)코스트코코리아,기타 대형 종합 소매업,경기도,법인,1998-06-01,6968,3032386960,335,114
2026-07,신흥글로벌(주),원목 및 건축관련 목제품 도매업,경상남도,법인,2008-01-01,116,51716860,0,2
2026-07,이수매니지먼트주식회사,음료 소매업,서울특별시,법인,2022-04-01,161,25756480,2,1
2026-07,주식회사 프레스토솔루션,상품 종합 도매업,경기도,법인,2010-08-31,45,21948140,0,0
2026-07,수협은행,국내은행,서울특별시,법인,2016-12-01,1967,1128067220,6,24
2026-07,주식회사 아인스타파트너스,호텔업,인천광역시,법인,2026-03-23,36,10432880,1,2
2026-07,효진 주식회사/일용/C-프로젝트 신축공사 사업수행 3차,내부 전기배선 공사업,울산광역시,법인,2025-12-19,97,48212280,39,0
2026-07,행복관리플러스주식회사,산업설비  운송장비 및 공공장소 청소업,서울특별시,법인,2015-10-01,50,13685580,6,7
2026-07,광주지방기상청,BIZ_NO미존재사업장,전남광주통합특별시,법인,2007-02-20,31,7616240,6,0
2026-07,서울특별시립과학관(공무직),BIZ_NO미존재사업장,서울특별시,법인,2017-04-01,36,12499940,1,0
2026-07,주식회사램쉽,기타 주변 기기 제조업,경기도,법인,2021-03-08,58,26976060,0,0
2026-07,(주)대중,강 주물 주조업,경상북도,법인,1988-01-01,73,34044800,1,0
2026-07,화성엠텍(주)/일용/평택캠퍼스2단지 조성공사 및 P5 FAB 건축공사 중 금속공사 2공구,금속 문  창  셔터 및 관련제품 제조업,경기도,법인,2026-05-30,31,15485220,10,5
2026-07,대승정밀(주),그 외 자동차용 신품 부품 제조업,경기도,법인,2000-10-01,76,39768180,0,1
2026-07,다온산업,그 외 기타 1차 철강 제조업,울산광역시,개인,2020-02-01,91,32797340,9,5
2026-07,수원시의회,BIZ_NO미존재사업장,경기도,법인,2006-01-01,32,10261640,23,0
2026-07,(주)디에이치글로벌 첨단공장,BIZ_NO미존재사업장,전남광주통합특별시,법인,2015-01-15,129,37459960,0,2
2026-07,주식회사 정한조경/일용/당진 송악물류단지 조성사업(1-1공구) 중 조경공사(후속),조경 건설업,충청남도,법인,2026-04-17,30,9491860,17,26
2026-07,아이엔제이컨설팅주식회사,교육관련 자문 및 평가업,경기도,법인,2020-01-01,35,6356780,13,0
2026-07,주식회사론픽,기타 운동 및 경기용구 제조업,부산광역시,법인,2016-09-01,40,13695600,4,4
2026-07,서울시청직장어린이집,BIZ_NO미존재사업장,서울특별시,법인,2023-03-01,38,9361400,0,2
2026-07,(주)한국가스기술공사,미장  타일 및 방수 공사업,대전광역시,법인,1993-06-22,2368,1143135440,18,33
2026-07,（주）보현건설/(일용) 강천면 가야리 651-26외 1필지 종교시설(종교집회장) 신축공사,미장  타일 및 방수 공사업,경기도,법인,2024-12-30,85,27982500,3,1
2026-07,주식회사케이엘플러스,주차장 운영업,서울특별시,법인,2022-07-01,31,6488420,3,4
2026-07,사단법인 새해밀,그 외 기타 달리 분류되지 않은 개인 서비스업,전북특별자치도,법인,2021-01-04,115,19899800,3,70
2026-07,김성진한의원,한의원,인천광역시,개인,2000-05-01,37,9641700,0,1
2026-07,（주）사닥다리종합건설,BIZ_NO미존재사업장,경기도,법인,2013-02-01,36,16113020,4,4
2026-07,주식회사 동광솔루션,BIZ_NO미존재사업장,경상남도,법인,1999-07-15,32,10597820,1,0
2026-07,글로벤스주식회사,기타 반도체 소자 제조업,충청남도,법인,2009-07-06,68,25348580,0,0
2026-07,동해월마트(주),조미료 도매업,강원특별자치도,법인,2017-04-01,33,9374560,5,5
2026-07,금강기계공업(주),금속 문  창  셔터 및 관련제품 제조업,울산광역시,법인,1991-11-13,72,28917400,0,1
2026-07,주식회사 삼기 대구공장,그 외 자동차용 신품 부품 제조업,대구광역시,법인,2026-02-20,35,15897700,3,1
2026-07,(주)새한엘리베이터,기타 물품 취급장비 제조업,서울특별시,법인,2004-03-08,37,14786280,0,0
2026-07,시스코시스템즈코리아 유한회사,응용 소프트웨어 개발 및 공급업,서울특별시,법인,1995-01-23,284,174073960,1,3
2026-07,한국가스안전공사,기타 엔지니어링 서비스업,충청북도,법인,1988-01-01,1873,900522820,109,24
2026-07,시립동구어린이집,해당없음,경기도,법인,2025-06-01,31,6427800,0,0
2026-07,동강병원(동강의료재단),한방병원,울산광역시,법인,1988-01-01,1070,452796140,14,17
2026-07,쿠팡풀필먼트 용인센터,화물 포장  검수 및 계량 서비스업,경기도,법인,2021-09-01,2153,458539100,675,713
2026-07,(주)이디엠에듀케이션,애완 동물 장묘 및 보호 서비스업,서울특별시,법인,2003-07-01,92,36086020,0,5
2026-07,롯데카드(주),국내은행,서울특별시,법인,1995-07-01,1736,957920740,20,19
2026-07,주식회사더비소프트,응용 소프트웨어 개발 및 공급업,서울특별시,법인,2011-03-02,41,16357420,0,1
2026-07,유창로지스틱스(주),개별 화물 자동차 운송업,경기도,법인,2024-12-01,43,14867260,0,5
2026-07,주식회사동아에스씨엠,일반 화물 자동차 운송업,울산광역시,법인,2023-01-01,35,13849280,0,0
2026-07,365서울탑치과의원,치과의원,서울특별시,개인,2022-08-11,30,10910320,0,0
2026-07,오티비코리아 유한회사,그 외 기타 의복 액세서리 제조업,서울특별시,법인,2021-11-05,145,54338220,12,4
2026-07,득우건설(주)/일용/중원대 26동 기숙사 증축공사,아파트 건설업,충청북도,법인,2026-04-20,50,9053500,43,19
2026-07,주식회사 더에이치르블랑(고메스퀘어 수유점),한식 일반 음식점업,서울특별시,법인,2025-01-01,35,8014980,8,7
2026-07,(주)레드페이스,운동 및 경기용품 도매업,서울특별시,법인,2001-01-01,210,50877920,10,30
2026-07,（주）티디엠,전기식 진단 및 요법 기기 제조업,전남광주통합특별시,법인,2009-10-01,124,48491620,3,1
2026-07,이조케터링서비스(주),기관 구내식당업,서울특별시,법인,1993-03-01,61,12133920,5,7
2026-07,한국국토정보공사 서울경기북부지역본부,지도 제작업,경기도,법인,2022-02-01,430,245906460,0,8
2026-07,(주)에스피에이치,전자상거래 소매업,서울특별시,법인,2011-11-01,30,11548480,0,1
2026-07,태일회계법인,공인회계사업,서울특별시,법인,2009-04-01,132,61732200,6,3
2026-07,재단법인 관악문화재단,BIZ_NO미존재사업장,서울특별시,법인,2019-08-01,132,43741480,4,2
2026-07,(주)신현건설/일용/아산모종샛들지구 A-1BL 공동주택 건설공사 중 철근콘크리트공사1공구,유리 및 창호 공사업,충청남도,법인,2026-04-15,30,10115160,19,0
2026-07,부산중구청,비주거용 건물 임대업(점포  자기땅),부산광역시,법인,1989-02-01,48,12393840,9,1
2026-07,(주)하나금융지주,기타 금융 투자업,서울특별시,법인,2005-12-01,132,82056740,0,9
2026-07,주식회사월드타워,유리 및 창호 공사업,경기도,법인,2005-04-20,43,20178020,2,2
2026-07,주식회사남경,위생용 종이제품 제조업,경기도,법인,1988-01-01,43,19098160,0,0
2026-07,원창건설（주）/일용/(공동주택)천안 오룡경기장 철거부지 민관협력형 도시재생리츠 중 철근콘크리트공사,콘크리트 및 철근 공사업,충청남도,법인,2025-07-14,97,39457860,14,1
2026-07,(주)예일로지스,용달 화물 자동차 운송업,경기도,법인,2009-04-01,143,47775280,1,4
2026-07,완도군노인전문요양시설 고금요양원,BIZ_NO미존재사업장,전남광주통합특별시,법인,2006-03-17,49,12974940,2,2
2026-07,의료법인이원의료재단,그 외 기타 보건업,인천광역시,법인,1988-01-01,588,274206120,7,8
2026-07,씨제이텔레닉스(주),그 외 기타 분류 안된 전문  과학 및 기술 서비스업,서울특별시,법인,2001-02-01,1180,360803520,34,45
2026-07,(주)크린랩김해1공장,합성수지 및 기타 플라스틱 물질 제조업,경상남도,법인,2020-05-01,63,26887180,0,0
2026-07,네이처세븐,두부 및 유사 식품 제조업,경상북도,법인,1994-05-01,56,21567540,0,0
2026-07,아토브（ATOV）주식회사,BIZ_NO미존재사업장,부산광역시,법인,2014-01-01,44,12879820,4,0
2026-07,주식회사원익아이피에스,기타 반도체 소자 제조업,경기도,법인,2016-04-01,1475,821514700,10,18
2026-07,주식회사원창산업개발-(일용)군산지음특수학교 신축공사 중 철근콘크리트공사,유리 및 창호 공사업,전북특별자치도,법인,2025-10-01,41,10996880,25,0
2026-07,금아파워텍주식회사,BIZ_NO미존재사업장,경상남도,법인,2011-04-01,53,15189120,1,1
2026-07,한성철강(주),도매 / 함석,부산광역시,법인,1992-01-31,31,12150640,0,0
2026-07,주식회사 위원컴퍼니,비주거용 부동산 관리업,서울특별시,법인,2026-01-01,36,9545160,1,0
2026-07,주식회사 선앤엘인테리어/일용/광주중앙공원(1지구) 공동주택 개발사업(2BL) 중 내장목공사(2-1BL),기타 건축용 나무제품 제조업,전남광주통합특별시,법인,2025-08-29,35,13705900,7,0
2026-07,부루벨코리아(주),상품 종합 도매업,서울특별시,법인,1990-11-01,1039,399589020,36,29
2026-07,주식회사리니칼코리아,기타 인문 및 사회과학 연구개발업,서울특별시,법인,2014-04-01,60,25798940,1,4
2026-07,유한회사지티티코리아리미티드,그 외 기타 분류 안된 사업 지원 서비스업,서울특별시,법인,2023-09-01,61,38188440,0,0
2026-07,천사케어 주간보호센터,BIZ_NO미존재사업장,경상북도,개인,2019-02-07,32,6571620,4,3
2026-07,모아코리아주식회사,그 외 자동차용 신품 부품 제조업,경기도,법인,2003-01-01,75,21699100,10,2
2026-07,주식회사 백산기업,선박 구성 부분품 제조업,경상남도,법인,2024-03-29,68,22257060,0,6
2026-07,신안과의원,일반의원,대전광역시,개인,2016-09-28,48,12421500,6,5
2026-07,주식회사그레이프,비주거용 건물 임대업,서울특별시,법인,2018-08-02,42,12044720,5,5
2026-07,중원엔지니어링주식회사/일용/현대자동차 0-프로젝트 건설공사 중 기계소방공사(3공구),미장  타일 및 방수 공사업,경기도,법인,2026-05-19,90,37239780,49,1
2026-07,삼성여객(주),시내버스 운송업,부산광역시,법인,1988-01-01,285,150090160,1,2
2026-07,주식회사 청아시스템,건축물 일반 청소업,경기도,법인,2009-04-01,38,6302220,1,2
2026-07,(주)4링크스,기타 반도체 소자 제조업,경기도,법인,2016-12-23,42,17899600,0,1
2026-07,성포고등학교,비주거용 건물 임대업(점포  자기땅),경기도,법인,2006-03-01,36,12911160,0,0
2026-07,늘푸른직업재활원,위생용 종이제품 제조업,경기도,법인,2006-01-01,30,5446620,1,0
2026-07,(주)자스텍,그 외 자동차용 신품 부품 제조업,경기도,법인,1988-01-01,48,20491720,0,0
2026-07,(주)에스비비테크,유압 기기 제조업,경기도,법인,2000-12-01,102,43886440,4,3
2026-07,(주)유아이헬리콥터,항공기용 부품 제조업,충청남도,법인,2019-07-01,77,31390560,0,1
2026-07,관세법인뮤추얼스탠다드（MUS）,통관 대리 및 관련서비스업,서울특별시,법인,2014-08-12,35,11761980,0,0
2026-07,농업회사법인(주)아침고요수목원,해당없음,경기도,법인,2005-07-01,41,13476060,0,2
2026-07,（주）유니코하이테크,일반 철물 제조업,인천광역시,법인,2004-03-01,55,17254920,1,3
2026-07,주식회사탑클린,건축물 일반 청소업,충청남도,법인,2023-08-01,88,27353980,1,0
2026-07,（주）아모레퍼시픽,화장품 제조업,서울특별시,법인,2006-06-01,4376,2411388320,80,91
2026-07,한튼튼재활의학과의원,일반의원,인천광역시,개인,2019-10-28,32,11710140,1,2
2026-07,트래디션코리아외국환중개주식회사,그 외 기타 금융 지원 서비스업,서울특별시,법인,2007-03-16,62,33241780,1,0
2026-07,이도에스테이트(주),비주거용 부동산 관리업,서울특별시,법인,2026-06-01,62,26531540,0,5
2026-07,어업회사법인 영광수산(주),신선  냉동 및 기타 수산물 도매업,서울특별시,법인,2016-07-01,39,13452440,2,3
2026-07,(주)세원하이텍,기타 반도체 소자 제조업,경상북도,법인,2007-04-01,36,13421700,2,1
2026-07,루브리졸코리아 주식회사,석탄화학계 화합물 및 기타 기초 유기화학 물질제조업,서울특별시,법인,2003-07-01,38,22393620,0,0
2026-07,가나안요양원,BIZ_NO미존재사업장,경상북도,개인,2022-10-14,33,7778440,2,2
2026-07,고창장애인자립생활지원센터,BIZ_NO미존재사업장,전북특별자치도,법인,2009-05-01,45,8134040,3,0
2026-07,키다리식품주식회사,면류  마카로니 및 유사 식품 제조업,대전광역시,법인,1995-03-01,201,66069580,49,8
2026-07,우원개발(주)/일용/서울도시철도7호선 청라국제도시연장1공구건설공사 청라7호선1공구터널공사,토공사업,인천광역시,법인,2022-12-09,68,27172180,1,2
2026-07,신성통상(주),가죽의복 제조업,서울특별시,법인,1988-01-01,686,311402660,9,15
2026-07,센트럴안과의원,일반의원,대구광역시,개인,2017-03-06,32,10964020,0,0
2026-07,(주)부현전기,배관 및 냉ㆍ난방 공사업,인천광역시,법인,2000-11-01,115,58739740,8,9
2026-07,우리주민주식회사,그 외 기타 분류 안된 사업 지원 서비스업,강원특별자치도,법인,2006-11-01,309,95325320,116,19
2026-07,주식회사 블루에이션,경영 컨설팅업,전남광주통합특별시,법인,2026-05-01,52,14024500,4,6
2026-07,사회복지법인 양혜원 양혜근로작업장,일반용 전기 조명장치 제조업,경기도,법인,2009-11-30,44,10882060,0,0
2026-07,정양원,해당없음,충청남도,법인,1988-05-15,32,14895500,0,2
2026-07,에스토라해운주식회사,BIZ_NO미존재사업장,부산광역시,법인,2012-05-01,39,16939100,1,7
2026-07,유한책임회사 포스인터내셔널,구두류 제조업,부산광역시,법인,2025-01-01,36,14888000,0,0
2026-07,크리스피드(주),응용 소프트웨어 개발 및 공급업,서울특별시,법인,2000-10-01,247,85055300,11,10
2026-07,홈플러스(주),기타 음ㆍ식료품 위주 종합 소매업,서울특별시,법인,1999-05-01,11118,3492117680,23,2044
2026-07,삼영잉크페인트제조(주),접착제 및 젤라틴 제조업,경기도,법인,1988-01-01,159,82420940,1,0
2026-07,（주）대양건설/일용/학익3구역주택재개발정비사업중 가설및철근콘크리트공사(1공구),콘크리트 및 철근 공사업,인천광역시,법인,2025-02-18,62,23838640,0,16
2026-07,(주)오션그래픽,측량업,전남광주통합특별시,법인,2004-09-06,58,18614620,0,4
2026-07,서울시립중랑노인전문요양원,BIZ_NO미존재사업장,서울특별시,법인,2006-04-01,85,24601940,3,4
2026-07,씨제이프레시웨이주식회사,수산물 가공식품 도매업,경기도,법인,1999-02-01,6365,2129566260,210,240
2026-07,(주)신보/일용/평택전자 P4 복합동 신축공사 중 P4 복합동 Ph.4 일반전기공사A,소방시설 공사업,경기도,법인,2025-10-30,451,200670920,89,3
2026-07,（주）후성,그 외 기타 고무제품 제조업,경기도,법인,2006-11-23,51,24820040,2,1
2026-07,(주)세인환경디자인,그 외 기타 건축 마무리 공사업,경기도,법인,2010-07-01,46,22067100,0,0
2026-07,의료법인루가의료재단 나은병원,요양병원,인천광역시,법인,1993-01-28,1062,371296200,21,41
2026-07,성동장애인종합복지관,BIZ_NO미존재사업장,서울특별시,법인,2015-03-01,45,15064120,0,3
2026-07,롯데손해보험주식회사,손해보험업,서울특별시,법인,1988-01-01,1151,588122500,5,18
2026-07,주식회사이알코퍼레이션,BIZ_NO미존재사업장,서울특별시,법인,2015-06-15,68,22022760,4,4
2026-07,사회복지법인배양복지재단,BIZ_NO미존재사업장,경상남도,법인,2010-04-01,40,10344220,6,6
2026-07,주식회사신동양기업/일용/대한항공 운북 신 엔진정비공장 증축 및 ETC#2중 일반기계설비공사,건물용 기계ㆍ장비 설치 공사업,인천광역시,법인,2024-05-02,93,48610400,5,0
2026-07,금광하이텍(주),해당없음,경상남도,법인,2007-05-10,39,15485780,0,0
2026-07,에스엘 주식회사,그 외 자동차용 신품 부품 제조업,대구광역시,법인,1988-01-01,585,344382640,11,6
2026-07,주식회사에스애프오,고용 알선업,서울특별시,법인,2023-04-01,90,24389020,2,7
2026-07,（주）동광엔비화성,어망 및 기타 끈 가공품 제조업,경기도,법인,2012-07-01,38,15983000,0,0
2026-07,진일수산,원양 어업,경상남도,개인,2014-01-01,30,7276800,3,0
2026-07,주식회사알체라(AlcheraInc.),기타 인문 및 사회과학 연구개발업,서울특별시,법인,2016-07-04,220,63815000,27,27
2026-07,유현건설(주)-(일용)우암1구역 주택재개발정비사업 중 ALC공사,미장  타일 및 방수 공사업,부산광역시,법인,2025-03-04,33,16465000,5,0
2026-07,홍덕산업（주）건천SSW공장,그 외 기타 1차 철강 제조업,경상북도,법인,2014-04-01,52,28011380,0,0
2026-07,동양정밀,주형 및 금형 제조업,경상남도,개인,1992-04-29,42,13336400,0,6
2026-07,일진앤드(주),물질 검사  측정 및 분석 기구 제조업,부산광역시,법인,1996-11-01,31,10682740,1,0
2026-07,다율회계법인,공인회계사업,서울특별시,법인,2018-04-26,41,15058900,0,3
2026-07,（주）유성피앤디,스크린 인쇄업,경기도,법인,2013-07-16,32,11561920,0,0
2026-07,주식회사  이엔미디어,응용 소프트웨어 개발 및 공급업,서울특별시,법인,2016-03-02,31,8439840,5,4
2026-07,아이에스엘앤씨(주)/일용/남주동8구역 가로주택정비사업 주상복합 신축공사(철근콘크리트공사),콘크리트 및 철근 공사업,충청북도,법인,2025-04-11,32,11142960,5,0
2026-07,(주)마린글로리,기타 엔지니어링 서비스업,전남광주통합특별시,법인,2003-01-01,45,21267320,0,0
2026-07,효정재활요양병원,요양병원,경기도,개인,2011-12-22,63,17670820,2,1
2026-07,레오개발주식회사-(일용)서울원IPARK중 골조공사(1공구),콘크리트 및 철근 공사업,서울특별시,법인,2025-05-07,83,32387820,23,1
2026-07,주식회사 헤이어,임시 및 일용 인력 공급업,경기도,법인,2022-11-16,295,77325160,2,219
2026-07,이승진동물병원,수의업,울산광역시,개인,2007-04-01,79,25610580,5,3
2026-07,주식회사제브(GEVCo. Ltd.),기타 반도체 소자 제조업,충청북도,법인,1995-10-01,57,23508120,0,0
2026-07,주식회사 디지털하츠서울（DIGITAL HEARTS Seoul Co.  Ltd.）,응용 소프트웨어 개발 및 공급업,서울특별시,법인,2013-12-02,30,6633740,4,5
2026-07,인포그램 주식회사,응용 소프트웨어 개발 및 공급업,경기도,법인,2015-05-01,33,11873020,6,2
2026-07,안동과학대학교,해당없음,경상북도,법인,1997-04-01,87,18852900,1,6
2026-07,공주교육대학교(시간강사),비주거용 건물 임대업(점포  자기땅),충청남도,법인,2010-09-01,55,6913120,0,0
2026-07,서울삼성학교,해당없음,서울특별시,법인,1999-05-10,39,10414180,1,1
2026-07,비엠금속(주),제철업,경상남도,법인,1988-01-01,66,24332520,2,0
2026-07,사단법인 월드쉐어,BIZ_NO미존재사업장,서울특별시,법인,2009-03-19,56,21977560,1,0
2026-07,마곡튼튼소아청소년과의원,일반의원,서울특별시,개인,2025-08-25,38,13193680,5,4
2026-07,기대플러스병원,요양병원,경기도,개인,2016-11-29,60,19430720,1,0
2026-07,（주）새롬코스메틱,화장품 제조업,경기도,법인,2012-12-01,44,13502720,0,1
2026-07,대한메탈(주),그 외 자동차용 신품 부품 제조업,경상북도,법인,2006-07-01,164,63972740,1,1
2026-07,매교초등학교,BIZ_NO미존재사업장,경기도,법인,2025-02-24,31,8384300,0,2
2026-07,(주)동광개발,골프장 운영업,강원특별자치도,법인,2002-01-02,55,17665160,2,1
2026-07,(주) 코드잇,기타 기술 및 직업 훈련학원,서울특별시,법인,2017-06-01,159,57544840,18,17
2026-07,베스티안병원,요양병원,충청북도,법인,2018-11-14,135,39474260,5,9
2026-07,제네랄옵틱스주식회사,주형 및 금형 제조업,인천광역시,법인,2015-05-02,34,14838100,0,0
2026-07,현진기술산업 주식회사,선박 구성 부분품 제조업,경상북도,법인,2025-07-01,37,14087780,7,7
2026-07,서울식품공업주식회사,떡류 제조업,충청북도,법인,1988-01-01,209,79377040,2,1
2026-07,(주)인터메타,응용 소프트웨어 개발 및 공급업,서울특별시,법인,2005-07-01,65,14218680,3,4
2026-07,바로나은마취통증의학과정형외과의원,일반의원,충청북도,개인,2018-08-20,33,14958160,0,1
2026-07,샘골농업협동조합(공공형계절근로),신탁업 및 집합 투자업,전북특별자치도,법인,2025-06-01,50,10241000,50,5
2026-07,(주)우리기술,배전반 및 전기 자동제어반 제조업,서울특별시,법인,1993-04-08,157,74184800,2,1
2026-07,서울중앙의료의원,방사선 진단 및 병리 검사 의원,서울특별시,개인,1998-05-01,125,38616640,19,5
2026-07,대신증권(주),증권 중개업,서울특별시,법인,1988-01-01,1440,850428920,19,25
2026-07,주식회사 엠엠티에스엠,기어 및 동력전달장치 제조업,대구광역시,법인,2015-03-09,50,20772740,0,1
2026-07,창원시체육회,해당없음,경상남도,법인,1994-01-14,43,16401440,0,0
2026-07,주식회사휴니버스글로벌,응용 소프트웨어 개발 및 공급업,서울특별시,법인,2019-07-15,32,11141860,5,5
2026-07,한국체육대학교-시간강사,비주거용 건물 임대업(점포  자기땅),서울특별시,법인,2010-09-01,143,21450220,0,0
2026-07,주식회사한울산업/일용/송도자이풍경채그라노블3단지(인천) 중 철근콘크리트공사(건축/주택),콘크리트 및 철근 공사업,인천광역시,법인,2025-01-20,51,22998420,12,1
2026-07,서전기술(주),배관 및 냉ㆍ난방 공사업,대구광역시,법인,2004-02-23,32,9101640,0,0
2026-07,주식회사 이바이오젠,기타 인문 및 사회과학 연구개발업,서울특별시,법인,2007-01-09,51,18597620,0,0
2026-07,크리스탈이컴퍼니주식회사,문구용품  회화용품  사무용품 도매업,대구광역시,법인,2014-04-01,46,7569780,3,1
2026-07,（주）아이티에스/일용/[세종]24년 배관덕트 부문 단가공사 도급계약,배관 및 냉ㆍ난방 공사업,세종특별자치시,법인,2024-01-01,43,20187800,21,11
2026-07,주식회사드림셀,기타 화학 물질 및 화학제품 도매업,서울특별시,법인,2007-10-01,40,13604680,2,2
2026-07,아이파크현대산업개발 주식회사,주거용 건물 건설업,서울특별시,법인,2018-05-01,1757,961739920,41,36
2026-07,천일여객(주),시외버스 운송업,부산광역시,법인,1988-01-01,81,35133960,1,0
2026-07,한국폴리텍대학광주캠퍼스(시간강사),BIZ_NO미존재사업장,전남광주통합특별시,법인,2010-09-01,33,2516860,0,0
2026-07,서초구청청소과,BIZ_NO미존재사업장,서울특별시,법인,1988-05-18,69,39683300,0,0
2026-07,의정부2도시가스 고객센터,시설물 유지관리 공사업,경기도,개인,2017-07-01,33,7842860,1,1
2026-07,에스엔패션그룹(주),셔츠 및 블라우스 소매업,인천광역시,법인,2010-04-01,113,35878160,1,11
2026-07,(주)호텔롯데시그니엘부산(일용직),호텔업,부산광역시,법인,2022-05-01,36,5880540,12,13
2026-07,동인중공업 주식회사,기타 엔지니어링 서비스업,인천광역시,법인,2006-04-25,101,39362400,2,2
2026-07,(주)금천에스엠,육류 도축업(가금류 제외),경기도,법인,2016-01-01,45,14320640,1,1
2026-07,(주)에이원에스앤씨,BIZ_NO미존재사업장,전남광주통합특별시,법인,2010-10-05,65,19345840,16,1
2026-07,제일종합관리서비스주식회사,경비 및 경호 서비스업,서울특별시,법인,2000-11-01,173,43844380,6,8
2026-07,청운에텔 주식회사,그 외 기타 1차 철강 제조업,경상남도,법인,2026-01-01,39,16127120,0,0
2026-07,(주)에스코넥,유선 통신장비 제조업,경기도,법인,2000-05-15,53,30255420,0,3
2026-07,서울 동행일자리 사업,비주거용 건물 임대업(점포  자기땅),서울특별시,법인,2020-01-10,101,13893380,69,13
2026-07,포러스솔라,기타 소사장제,충청북도,개인,2025-04-01,42,13651560,0,0
2026-07,한중운수 주식회사,택시 운송업,서울특별시,법인,1988-01-01,38,7591760,5,5
2026-07,해운대정신보건센타,BIZ_NO미존재사업장,부산광역시,법인,2011-03-01,37,9876200,0,0
2026-07,안곡고등학교(직장),BIZ_NO미존재사업장,경기도,법인,2008-03-01,32,11378240,0,1
2026-07,주식회사상상인플러스저축은행,신용조합,충청남도,법인,1988-01-01,81,36098480,0,0
2026-07,주식회사 삼현건설엔/일용/화성동탄2 A78 블록 민간참여 공공주택사업 중 철근콘크리트공사(2공구),콘크리트 및 철근 공사업,경기도,법인,2025-09-09,97,40681180,20,1
2026-07,주식회사이데아인포,응용 소프트웨어 개발 및 공급업,대전광역시,법인,2012-03-19,39,13739840,3,1
2026-07,주식회사 가스솔루션,사업시설 유지ㆍ관리 서비스업,경기도,법인,2023-02-14,35,9972280,0,1
2026-07,주식회사 시즈너,가금류 가공 및 저장 처리업,충청북도,법인,2000-04-01,39,9898400,0,0
2026-07,부산예한방병원,한방병원,부산광역시,개인,2021-10-05,35,10955420,4,5
2026-07,예사랑아동병원,일반의원,전남광주통합특별시,개인,2017-10-10,51,15021100,5,6
2026-07,(주)보명씨티에스,경비 및 경호 서비스업,서울특별시,법인,2007-08-01,49,13620160,0,0
2026-07,주식회사신화/일용/화성 삼성전자 H1 HookUp유지보수(2024년)C HookUp공사,배관 및 냉ㆍ난방 공사업,경기도,법인,2024-01-01,38,8446060,3,0
2026-07,솔브레인(주),그 외 기타 분류 안된 화학제품 제조업,경기도,법인,2020-07-01,1072,627584520,2,9
2026-07,대한적십자사경기도혈액원,BIZ_NO미존재사업장,경기도,법인,1988-01-01,197,89993340,15,4
2026-07,세명한방병원 미추홀점,한방병원,인천광역시,개인,2025-10-01,45,14687020,1,3
2026-07,학산농업협동조합,국내은행,충청북도,법인,1988-01-01,33,16614080,3,0
2026-07,원광대학교전주한방병원,비주거용 건물 임대업(점포  자기땅),전북특별자치도,법인,1996-06-01,37,10904120,3,2
2026-07,디비손해보험 주식회사,손해보험업,서울특별시,법인,1988-01-01,4458,2455650620,33,52
2026-07,해피보트 어린이집,BIZ_NO미존재사업장,울산광역시,개인,2022-05-12,66,14660340,0,0
2026-07,(주）세방테크/일용/화성 데이터센터 2차 장비설치공사 중 일반배관공사,배관 및 냉ㆍ난방 공사업,경기도,법인,2026-03-20,83,33707920,15,0
2026-07,포항디앤에이(DNA)재활의학병원,일반의원,경상북도,개인,2002-07-01,39,14011900,0,1
2026-07,주식회사 세린,그 외 기타 분류 안된 사업 지원 서비스업(기타임가공,대구광역시,법인,2020-02-01,40,7655740,1,6
2026-07,한국지멘스일렉트로닉디자인오토메이션 유한회사,응용 소프트웨어 개발 및 공급업,경기도,법인,1994-01-01,201,123878920,2,2
2026-07,다움병원,요양병원,경기도,개인,2013-03-04,103,36933160,1,3
2026-07,디지털타임스(주),잡지 및 정기 간행물 발행업,서울특별시,법인,2000-02-01,52,23565280,1,0
2026-07,성심원,BIZ_NO미존재사업장,경기도,법인,2009-03-01,36,14128780,0,0
2026-07,주식회사엠케이산업,플라스틱 창호 제조업,경기도,법인,2015-01-01,30,13450560,0,0
2026-07,제로니모커피하우스,커피 전문점,경기도,개인,2022-09-01,33,7681700,4,4
2026-07,브리티쉬아메리칸토바코코리아제조(주),담배제품 제조업,경상남도,법인,2001-10-26,354,192188780,0,3
2026-07,한국토지주택공사경기북부지역본부,주거용 건물 건설업,경기도,법인,2023-01-12,129,27710580,1,4
2026-07,서울시용달화물자동차운송사업협회,사업 및 무형 재산권 중개업,서울특별시,법인,1988-01-01,30,8476460,0,0
2026-07,한림대학교성심병원,요양병원,경기도,법인,1999-01-17,1992,960663500,60,31
2026-07,（주）진일벤드,유압 기기 제조업,부산광역시,법인,2009-01-02,44,15342280,1,1
2026-07,에어프로덕츠코리아주식회사,기타 기초 무기화학 물질 제조업,경기도,법인,2016-08-01,374,229303140,7,4
2026-07,선우환경관리주식회사,건축물 일반 청소업,서울특별시,법인,2007-05-01,51,10151600,9,8
2026-07,（주）아이에스티,기타 반도체 소자 제조업,경기도,법인,2003-11-01,39,13949080,0,0
2026-07,(주)켐트로스 진천공장,접착제 및 젤라틴 제조업,충청북도,법인,2019-08-01,47,20252300,11,1
2026-07,국제강재(주),기타 섬유  의복 및 가죽 가공기계 제조업,서울특별시,법인,1988-01-01,50,22887540,0,2
2026-07,이지케이코리아주식회사EGKKorea(주),치킨 전문점,부산광역시,법인,2017-02-01,58,10476620,7,7
2026-07,인프라안전(주),건물 및 토목 엔지니어링 서비스업,서울특별시,법인,2019-11-01,43,16008840,1,1
